sample_id	site_label_for_analysis	site_code_final	site_real_candidate	depth_final	network_group	Sample	ID	Depth	Depths	Site	Sample_type	Date	Location	Temp...C..int	Salnidad..ppm.int	Salinidad..ppt.int	pH.int	pHsup	Redox.medido.en.campo1	Redox.mV..Eh.int	Temperatura...C.sup	Salnidad..ppm.sup	Salinidad..ppt.sup	Redox.medido.en.campo	Redox.mV..Eh.sup	S.2..mg.l..campo	ml.de.muestra1	Factor.de.dilucion1	S.2..mg.l.	ID_M	SO.....mg.l..campo	ml.de.muestra2	Factor.de.dilucion2	SO.....mg.l.	sample_id_original	sample_id_clean	network_dataset	network_label	network_system	network_zone	depth_class_raw	depth_class	depth_raw	site_code_from_id	depth_from_id	site_code_network	depth_network	phyloseq_rds_candidate	matrix_source_candidate
S1A015	Site_1	Site_1	Miguelito Dike	1	Depth_0_15	S1A015	S1A	1	0-15	Site_1	Sediment	28/09/2023	Miguelito Dike	31.4	817.5	0.82	6.55	7.34	-114	121	33	734.7	0.73	-108	127	7.73	25	1	7.73	S1a M	53.7	2	10	537	S1A015	S1A015	interior_depth	Interior depth-resolved	Miguelito Dike	Site_1	0-15	Surface	1	Site_1	NA	NA	1	/home/fjbalvino/Compare_mangroves/interior_mangroves/phyloseq.rds	/home/fjbalvino/Compare_mangroves/results/01_prepare_network_matrices_20260619_180455/tables/interior_depth_metadata_clean.tsv
S1A1530	Site_1	Site_1	Miguelito Dike	2	Depth_16_30	S1A1530	S1A	2	16-30	Site_1	Sediment	28/09/2023	Miguelito Dike	31.4	817.5	0.82	6.55	7.34	-114	121	33	734.7	0.73	-108	127	7.73	25	1	7.73	S1a M	53.7	2	10	537	S1A1530	S1A1530	interior_depth	Interior depth-resolved	Miguelito Dike	Site_1	16-30	Mid	2	Site_1	NA	NA	2	/home/fjbalvino/Compare_mangroves/interior_mangroves/phyloseq.rds	/home/fjbalvino/Compare_mangroves/results/01_prepare_network_matrices_20260619_180455/tables/interior_depth_metadata_clean.tsv
S1A3050	Site_1	Site_1	Miguelito Dike	3	Depth_31_45	S1A3050	S1A	3	31-45	Site_1	Sediment	28/09/2023	Miguelito Dike	31.4	817.5	0.82	6.55	7.34	-114	121	33	734.7	0.73	-108	127	7.73	25	1	7.73	S1a M	53.7	2	10	537	S1A3050	S1A3050	interior_depth	Interior depth-resolved	Miguelito Dike	Site_1	31-45	Deep	3	Site_1	NA	NA	3	/home/fjbalvino/Compare_mangroves/interior_mangroves/phyloseq.rds	/home/fjbalvino/Compare_mangroves/results/01_prepare_network_matrices_20260619_180455/tables/interior_depth_metadata_clean.tsv
S1A5075	Site_1	Site_1	Miguelito Dike	4	Depth_50_75	S1A5075	S1A	4	50-75	Site_1	Sediment	28/09/2023	Miguelito Dike	31.4	817.5	0.82	6.55	7.34	-114	121	33	734.7	0.73	-108	127	7.73	25	1	7.73	S1a M	53.7	2	10	537	S1A5075	S1A5075	interior_depth	Interior depth-resolved	Miguelito Dike	Site_1	50-75	Deep	4	Site_1	NA	NA	4	/home/fjbalvino/Compare_mangroves/interior_mangroves/phyloseq.rds	/home/fjbalvino/Compare_mangroves/results/01_prepare_network_matrices_20260619_180455/tables/interior_depth_metadata_clean.tsv
S1B07	Site_1	Site_1	Miguelito Dike	1	Depth_0_15	S1B07	S1B	1	0-15	Site_1	Sediment	28/09/2023	Miguelito Dike	30.9	794	0.79	6.69	7.79	-234	1	33.2	732.8	0.73	-136	99	7.09	25	1	7.09	S1b M	55	2	10	550	S1B07	S1B07	interior_depth	Interior depth-resolved	Miguelito Dike	Site_1	0-15	Surface	1	Site_1	0-15	NA	1	/home/fjbalvino/Compare_mangroves/interior_mangroves/phyloseq.rds	/home/fjbalvino/Compare_mangroves/results/01_prepare_network_matrices_20260619_180455/tables/interior_depth_metadata_clean.tsv
S1B2230	Site_1	Site_1	Miguelito Dike	2	Depth_16_30	S1B2230	S1B	2	16-30	Site_1	Sediment	28/09/2023	Miguelito Dike	30.9	794	0.79	6.69	7.79	-234	1	33.2	732.8	0.73	-136	99	7.09	25	1	7.09	S1b M	55	2	10	550	S1B2230	S1B2230	interior_depth	Interior depth-resolved	Miguelito Dike	Site_1	16-30	Mid	2	Site_1	16-30	NA	2	/home/fjbalvino/Compare_mangroves/interior_mangroves/phyloseq.rds	/home/fjbalvino/Compare_mangroves/results/01_prepare_network_matrices_20260619_180455/tables/interior_depth_metadata_clean.tsv
S1B3040	Site_1	Site_1	Miguelito Dike	3	Depth_31_45	S1B3040	S1B	3	31-45	Site_1	Sediment	28/09/2023	Miguelito Dike	30.9	794	0.79	6.69	7.79	-234	1	33.2	732.8	0.73	-136	99	7.09	25	1	7.09	S1b M	55	2	10	550	S1B3040	S1B3040	interior_depth	Interior depth-resolved	Miguelito Dike	Site_1	31-45	Deep	3	Site_1	31-45	NA	3	/home/fjbalvino/Compare_mangroves/interior_mangroves/phyloseq.rds	/home/fjbalvino/Compare_mangroves/results/01_prepare_network_matrices_20260619_180455/tables/interior_depth_metadata_clean.tsv
S1B6575	Site_1	Site_1	Miguelito Dike	4	Depth_50_75	S1B6575	S1B	4	50-75	Site_1	Sediment	28/09/2023	Miguelito Dike	30.9	794	0.79	6.69	7.79	-234	1	33.2	732.8	0.73	-136	99	7.09	25	1	7.09	S1b M	55	2	10	550	S1B6575	S1B6575	interior_depth	Interior depth-resolved	Miguelito Dike	Site_1	50-75	Deep	4	Site_1	50-70	NA	4	/home/fjbalvino/Compare_mangroves/interior_mangroves/phyloseq.rds	/home/fjbalvino/Compare_mangroves/results/01_prepare_network_matrices_20260619_180455/tables/interior_depth_metadata_clean.tsv
S2A1727	Site_2	Site_2	Miguelito Dike	2	Depth_16_30	S2A1727	S2A	2	16-30	Site_2	Sediment	28/09/2023	Miguelito Dike	32.2	741.6	0.74	7.3	7.82	-122	113	34.1	741.1	0.74	-108	127	0.12	25	1	0.12	S2a M	54.5	2	10	545	S2A1727	S2A1727	interior_depth	Interior depth-resolved	Miguelito Dike	Site_2	16-30	Mid	2	Site_2	16-30	NA	2	/home/fjbalvino/Compare_mangroves/interior_mangroves/phyloseq.rds	/home/fjbalvino/Compare_mangroves/results/01_prepare_network_matrices_20260619_180455/tables/interior_depth_metadata_clean.tsv
S2A3545	Site_2	Site_2	Miguelito Dike	3	Depth_31_45	S2A3545	S2A	3	31-45	Site_2	Sediment	28/09/2023	Miguelito Dike	32.2	741.6	0.74	7.3	7.82	-122	113	34.1	741.1	0.74	-108	127	0.12	25	1	0.12	S2a M	54.5	2	10	545	S2A3545	S2A3545	interior_depth	Interior depth-resolved	Miguelito Dike	Site_2	31-45	Deep	3	Site_2	31-45	NA	3	/home/fjbalvino/Compare_mangroves/interior_mangroves/phyloseq.rds	/home/fjbalvino/Compare_mangroves/results/01_prepare_network_matrices_20260619_180455/tables/interior_depth_metadata_clean.tsv
S2A5060	Site_2	Site_2	Miguelito Dike	4	Depth_50_75	S2A5060	S2A	4	50-75	Site_2	Sediment	28/09/2023	Miguelito Dike	32.2	741.6	0.74	7.3	7.82	-122	113	34.1	741.1	0.74	-108	127	0.12	25	1	0.12	S2a M	54.5	2	10	545	S2A5060	S2A5060	interior_depth	Interior depth-resolved	Miguelito Dike	Site_2	50-75	Deep	4	Site_2	50-70	NA	4	/home/fjbalvino/Compare_mangroves/interior_mangroves/phyloseq.rds	/home/fjbalvino/Compare_mangroves/results/01_prepare_network_matrices_20260619_180455/tables/interior_depth_metadata_clean.tsv
S2A515	Site_2	Site_2	Miguelito Dike	1	Depth_0_15	S2A515	S2A	1	0-15	Site_2	Sediment	28/09/2023	Miguelito Dike	32.2	741.6	0.74	7.3	7.82	-122	113	34.1	741.1	0.74	-108	127	0.12	25	1	0.12	S2a M	54.5	2	10	545	S2A515	S2A515	interior_depth	Interior depth-resolved	Miguelito Dike	Site_2	0-15	Surface	1	Site_2	0-15	NA	1	/home/fjbalvino/Compare_mangroves/interior_mangroves/phyloseq.rds	/home/fjbalvino/Compare_mangroves/results/01_prepare_network_matrices_20260619_180455/tables/interior_depth_metadata_clean.tsv
S2B07	Site_2	Site_2	Miguelito Dike	1	Depth_0_15	S2B07	S2B	1	0-15	Site_2	Sediment	28/09/2023	Miguelito Dike	31.3	757.8	0.76	7.07	7.78	-140	95	33.3	742.9	0.74	-134	101	1.2	25	1	1.2	S2b M	55.3	2	10	553	S2B07	S2B07	interior_depth	Interior depth-resolved	Miguelito Dike	Site_2	0-15	Surface	1	Site_2	0-15	NA	1	/home/fjbalvino/Compare_mangroves/interior_mangroves/phyloseq.rds	/home/fjbalvino/Compare_mangroves/results/01_prepare_network_matrices_20260619_180455/tables/interior_depth_metadata_clean.tsv
S2B1522	Site_2	Site_2	Miguelito Dike	2	Depth_16_30	S2B1522	S2B	2	16-30	Site_2	Sediment	28/09/2023	Miguelito Dike	31.3	757.8	0.76	7.07	7.78	-140	95	33.3	742.9	0.74	-134	101	1.2	25	1	1.2	S2b M	55.3	2	10	553	S2B1522	S2B1522	interior_depth	Interior depth-resolved	Miguelito Dike	Site_2	16-30	Mid	2	Site_2	16-30	NA	2	/home/fjbalvino/Compare_mangroves/interior_mangroves/phyloseq.rds	/home/fjbalvino/Compare_mangroves/results/01_prepare_network_matrices_20260619_180455/tables/interior_depth_metadata_clean.tsv
S2B3040	Site_2	Site_2	Miguelito Dike	3	Depth_31_45	S2B3040	S2B	3	31-45	Site_2	Sediment	28/09/2023	Miguelito Dike	31.3	757.8	0.76	7.07	7.78	-140	95	33.3	742.9	0.74	-134	101	1.2	25	1	1.2	S2b M	55.3	2	10	553	S2B3040	S2B3040	interior_depth	Interior depth-resolved	Miguelito Dike	Site_2	31-45	Deep	3	Site_2	31-45	NA	3	/home/fjbalvino/Compare_mangroves/interior_mangroves/phyloseq.rds	/home/fjbalvino/Compare_mangroves/results/01_prepare_network_matrices_20260619_180455/tables/interior_depth_metadata_clean.tsv
S2B5565	Site_2	Site_2	Miguelito Dike	4	Depth_50_75	S2B5565	S2B	4	50-75	Site_2	Sediment	28/09/2023	Miguelito Dike	31.3	757.8	0.76	7.07	7.78	-140	95	33.3	742.9	0.74	-134	101	1.2	25	1	1.2	S2b M	55.3	2	10	553	S2B5565	S2B5565	interior_depth	Interior depth-resolved	Miguelito Dike	Site_2	50-75	Deep	4	Site_2	50-70	NA	4	/home/fjbalvino/Compare_mangroves/interior_mangroves/phyloseq.rds	/home/fjbalvino/Compare_mangroves/results/01_prepare_network_matrices_20260619_180455/tables/interior_depth_metadata_clean.tsv
S3A07	Site_3	Site_3	Miguelito Dike	1	Depth_0_15	S3A07	S3A	1	0-15	Site_3	Sediment	28/09/2023	Miguelito Dike	32	818.2	0.82	6.71	7.79	-281	-46	33.5	752.1	0.75	-117	118	6.34	25	1	6.34	S3a M	36.4	2	10	364	S3A07	S3A07	interior_depth	Interior depth-resolved	Miguelito Dike	Site_3	0-15	Surface	1	Site_3	0-15	NA	1	/home/fjbalvino/Compare_mangroves/interior_mangroves/phyloseq.rds	/home/fjbalvino/Compare_mangroves/results/01_prepare_network_matrices_20260619_180455/tables/interior_depth_metadata_clean.tsv
S3A1522	Site_3	Site_3	Miguelito Dike	2	Depth_16_30	S3A1522	S3A	2	16-30	Site_3	Sediment	28/09/2023	Miguelito Dike	32	818.2	0.82	6.71	7.79	-281	-46	33.5	752.1	0.75	-117	118	6.34	25	1	6.34	S3a M	36.4	2	10	364	S3A1522	S3A1522	interior_depth	Interior depth-resolved	Miguelito Dike	Site_3	16-30	Mid	2	Site_3	16-30	NA	2	/home/fjbalvino/Compare_mangroves/interior_mangroves/phyloseq.rds	/home/fjbalvino/Compare_mangroves/results/01_prepare_network_matrices_20260619_180455/tables/interior_depth_metadata_clean.tsv
S3A3040	Site_3	Site_3	Miguelito Dike	3	Depth_31_45	S3A3040	S3A	3	31-45	Site_3	Sediment	28/09/2023	Miguelito Dike	32	818.2	0.82	6.71	7.79	-281	-46	33.5	752.1	0.75	-117	118	6.34	25	1	6.34	S3a M	36.4	2	10	364	S3A3040	S3A3040	interior_depth	Interior depth-resolved	Miguelito Dike	Site_3	31-45	Deep	3	Site_3	31-45	NA	3	/home/fjbalvino/Compare_mangroves/interior_mangroves/phyloseq.rds	/home/fjbalvino/Compare_mangroves/results/01_prepare_network_matrices_20260619_180455/tables/interior_depth_metadata_clean.tsv
S3A6070	Site_3	Site_3	Miguelito Dike	4	Depth_50_75	S3A6070	S3A	4	50-75	Site_3	Sediment	28/09/2023	Miguelito Dike	32	818.2	0.82	6.71	7.79	-281	-46	33.5	752.1	0.75	-117	118	6.34	25	1	6.34	S3a M	36.4	2	10	364	S3A6070	S3A6070	interior_depth	Interior depth-resolved	Miguelito Dike	Site_3	50-75	Deep	4	Site_3	50-70	NA	4	/home/fjbalvino/Compare_mangroves/interior_mangroves/phyloseq.rds	/home/fjbalvino/Compare_mangroves/results/01_prepare_network_matrices_20260619_180455/tables/interior_depth_metadata_clean.tsv
S3B2030	Site_3	Site_3	Miguelito Dike	2	Depth_16_30	S3B2030	S3B	2	16-30	Site_3	Sediment	28/09/2023	Miguelito Dike	32.1	767.9	0.77	6.91	7.63	-220	15	32.7	752.8	0.75	-201	34	2.14	25	1	2.14	S3b M	49.5	2	10	495	S3B2030	S3B2030	interior_depth	Interior depth-resolved	Miguelito Dike	Site_3	16-30	Mid	2	Site_3	16-30	NA	2	/home/fjbalvino/Compare_mangroves/interior_mangroves/phyloseq.rds	/home/fjbalvino/Compare_mangroves/results/01_prepare_network_matrices_20260619_180455/tables/interior_depth_metadata_clean.tsv
S3B3545	Site_3	Site_3	Miguelito Dike	3	Depth_31_45	S3B3545	S3B	3	31-45	Site_3	Sediment	28/09/2023	Miguelito Dike	32.1	767.9	0.77	6.91	7.63	-220	15	32.7	752.8	0.75	-201	34	2.14	25	1	2.14	S3b M	49.5	2	10	495	S3B3545	S3B3545	interior_depth	Interior depth-resolved	Miguelito Dike	Site_3	31-45	Deep	3	Site_3	31-45	NA	3	/home/fjbalvino/Compare_mangroves/interior_mangroves/phyloseq.rds	/home/fjbalvino/Compare_mangroves/results/01_prepare_network_matrices_20260619_180455/tables/interior_depth_metadata_clean.tsv
S3B515	Site_3	Site_3	Miguelito Dike	1	Depth_0_15	S3B515	S3B	1	0-15	Site_3	Sediment	28/09/2023	Miguelito Dike	32.1	767.9	0.77	6.91	7.63	-220	15	32.7	752.8	0.75	-201	34	2.14	25	1	2.14	S3b M	49.5	2	10	495	S3B515	S3B515	interior_depth	Interior depth-resolved	Miguelito Dike	Site_3	0-15	Surface	1	Site_3	0-15	NA	1	/home/fjbalvino/Compare_mangroves/interior_mangroves/phyloseq.rds	/home/fjbalvino/Compare_mangroves/results/01_prepare_network_matrices_20260619_180455/tables/interior_depth_metadata_clean.tsv
S3B6070	Site_3	Site_3	Miguelito Dike	4	Depth_50_75	S3B6070	S3B	4	50-75	Site_3	Sediment	28/09/2023	Miguelito Dike	32.1	767.9	0.77	6.91	7.63	-220	15	32.7	752.8	0.75	-201	34	2.14	25	1	2.14	S3b M	49.5	2	10	495	S3B6070	S3B6070	interior_depth	Interior depth-resolved	Miguelito Dike	Site_3	50-75	Deep	4	Site_3	50-70	NA	4	/home/fjbalvino/Compare_mangroves/interior_mangroves/phyloseq.rds	/home/fjbalvino/Compare_mangroves/results/01_prepare_network_matrices_20260619_180455/tables/interior_depth_metadata_clean.tsv
S4B07	Site_4	Site_4	Reforma Waterfalls	1	Depth_0_15	S4B07	S4B	1	0-15	Site_4	Sediment	29/09/2023	Reforma Waterfalls	31.4	816.5	0.82	6.83	7.85	-214	21	32.6	726.6	0.73	-111	124	3.66	25	1	3.66	S4b M	54.4	2	10	544	S4B07	S4B07	interior_depth	Interior depth-resolved	Reforma Waterfalls	Site_4	0-15	Surface	1	Site_4	0-15	NA	1	/home/fjbalvino/Compare_mangroves/interior_mangroves/phyloseq.rds	/home/fjbalvino/Compare_mangroves/results/01_prepare_network_matrices_20260619_180455/tables/interior_depth_metadata_clean.tsv
S4B1522	Site_4	Site_4	Reforma Waterfalls	2	Depth_16_30	S4B1522	S4B	2	16-30	Site_4	Sediment	29/09/2023	Reforma Waterfalls	31.4	816.5	0.82	6.83	7.85	-214	21	32.6	726.6	0.73	-111	124	3.66	25	1	3.66	S4b M	54.4	2	10	544	S4B1522	S4B1522	interior_depth	Interior depth-resolved	Reforma Waterfalls	Site_4	16-30	Mid	2	Site_4	16-30	NA	2	/home/fjbalvino/Compare_mangroves/interior_mangroves/phyloseq.rds	/home/fjbalvino/Compare_mangroves/results/01_prepare_network_matrices_20260619_180455/tables/interior_depth_metadata_clean.tsv
S4B3040	Site_4	Site_4	Reforma Waterfalls	3	Depth_31_45	S4B3040	S4B	3	31-45	Site_4	Sediment	29/09/2023	Reforma Waterfalls	31.4	816.5	0.82	6.83	7.85	-214	21	32.6	726.6	0.73	-111	124	3.66	25	1	3.66	S4b M	54.4	2	10	544	S4B3040	S4B3040	interior_depth	Interior depth-resolved	Reforma Waterfalls	Site_4	31-45	Deep	3	Site_4	31-45	NA	3	/home/fjbalvino/Compare_mangroves/interior_mangroves/phyloseq.rds	/home/fjbalvino/Compare_mangroves/results/01_prepare_network_matrices_20260619_180455/tables/interior_depth_metadata_clean.tsv
S4B5565	Site_4	Site_4	Reforma Waterfalls	4	Depth_50_75	S4B5565	S4B	4	50-75	Site_4	Sediment	29/09/2023	Reforma Waterfalls	31.4	816.5	0.82	6.83	7.85	-214	21	32.6	726.6	0.73	-111	124	3.66	25	1	3.66	S4b M	54.4	2	10	544	S4B5565	S4B5565	interior_depth	Interior depth-resolved	Reforma Waterfalls	Site_4	50-75	Deep	4	Site_4	50-70	NA	4	/home/fjbalvino/Compare_mangroves/interior_mangroves/phyloseq.rds	/home/fjbalvino/Compare_mangroves/results/01_prepare_network_matrices_20260619_180455/tables/interior_depth_metadata_clean.tsv
S5A07	Site_5	Site_5	Reforma Waterfalls	1	Depth_0_15	S5A07	S5A	1	0-15	Site_5	Sediment	29/09/2023	Reforma Waterfalls	31.9	757.6	0.76	6.91	7.89	-263	-28	32.6	726.1	0.73	-195	40	8.34	25	1	8.34	S5a M	46.8	2	10	468	S5A07	S5A07	interior_depth	Interior depth-resolved	Reforma Waterfalls	Site_5	0-15	Surface	1	Site_5	0-15	NA	1	/home/fjbalvino/Compare_mangroves/interior_mangroves/phyloseq.rds	/home/fjbalvino/Compare_mangroves/results/01_prepare_network_matrices_20260619_180455/tables/interior_depth_metadata_clean.tsv
S5A1522	Site_5	Site_5	Reforma Waterfalls	2	Depth_16_30	S5A1522	S5A	2	16-30	Site_5	Sediment	29/09/2023	Reforma Waterfalls	31.9	757.6	0.76	6.91	7.89	-263	-28	32.6	726.1	0.73	-195	40	8.34	25	1	8.34	S5a M	46.8	2	10	468	S5A1522	S5A1522	interior_depth	Interior depth-resolved	Reforma Waterfalls	Site_5	16-30	Mid	2	Site_5	16-30	NA	2	/home/fjbalvino/Compare_mangroves/interior_mangroves/phyloseq.rds	/home/fjbalvino/Compare_mangroves/results/01_prepare_network_matrices_20260619_180455/tables/interior_depth_metadata_clean.tsv
S5A3040	Site_5	Site_5	Reforma Waterfalls	3	Depth_31_45	S5A3040	S5A	3	31-45	Site_5	Sediment	29/09/2023	Reforma Waterfalls	31.9	757.6	0.76	6.91	7.89	-263	-28	32.6	726.1	0.73	-195	40	8.34	25	1	8.34	S5a M	46.8	2	10	468	S5A3040	S5A3040	interior_depth	Interior depth-resolved	Reforma Waterfalls	Site_5	31-45	Deep	3	Site_5	31-45	NA	3	/home/fjbalvino/Compare_mangroves/interior_mangroves/phyloseq.rds	/home/fjbalvino/Compare_mangroves/results/01_prepare_network_matrices_20260619_180455/tables/interior_depth_metadata_clean.tsv
S5A5565	Site_5	Site_5	Reforma Waterfalls	4	Depth_50_75	S5A5565	S5A	4	50-75	Site_5	Sediment	29/09/2023	Reforma Waterfalls	31.9	757.6	0.76	6.91	7.89	-263	-28	32.6	726.1	0.73	-195	40	8.34	25	1	8.34	S5a M	46.8	2	10	468	S5A5565	S5A5565	interior_depth	Interior depth-resolved	Reforma Waterfalls	Site_5	50-75	Deep	4	Site_5	50-70	NA	4	/home/fjbalvino/Compare_mangroves/interior_mangroves/phyloseq.rds	/home/fjbalvino/Compare_mangroves/results/01_prepare_network_matrices_20260619_180455/tables/interior_depth_metadata_clean.tsv
S5B07	Site_5	Site_5	Reforma Waterfalls	1	Depth_0_15	S5B07	S5B	1	0-15	Site_5	Sediment	29/09/2023	Reforma Waterfalls	31.5	754.6	0.75	7.04	7.96	-212	23	32.8	725	0.73	-146	89	2.28	25	1	2.28	S5b M	53.4	2	10	534	S5B07	S5B07	interior_depth	Interior depth-resolved	Reforma Waterfalls	Site_5	0-15	Surface	1	Site_5	0-15	NA	1	/home/fjbalvino/Compare_mangroves/interior_mangroves/phyloseq.rds	/home/fjbalvino/Compare_mangroves/results/01_prepare_network_matrices_20260619_180455/tables/interior_depth_metadata_clean.tsv
S5B1522	Site_5	Site_5	Reforma Waterfalls	2	Depth_16_30	S5B1522	S5B	2	16-30	Site_5	Sediment	29/09/2023	Reforma Waterfalls	31.5	754.6	0.75	7.04	7.96	-212	23	32.8	725	0.73	-146	89	2.28	25	1	2.28	S5b M	53.4	2	10	534	S5B1522	S5B1522	interior_depth	Interior depth-resolved	Reforma Waterfalls	Site_5	16-30	Mid	2	Site_5	16-30	NA	2	/home/fjbalvino/Compare_mangroves/interior_mangroves/phyloseq.rds	/home/fjbalvino/Compare_mangroves/results/01_prepare_network_matrices_20260619_180455/tables/interior_depth_metadata_clean.tsv
S5B3040	Site_5	Site_5	Reforma Waterfalls	3	Depth_31_45	S5B3040	S5B	3	31-45	Site_5	Sediment	29/09/2023	Reforma Waterfalls	31.5	754.6	0.75	7.04	7.96	-212	23	32.8	725	0.73	-146	89	2.28	25	1	2.28	S5b M	53.4	2	10	534	S5B3040	S5B3040	interior_depth	Interior depth-resolved	Reforma Waterfalls	Site_5	31-45	Deep	3	Site_5	31-45	NA	3	/home/fjbalvino/Compare_mangroves/interior_mangroves/phyloseq.rds	/home/fjbalvino/Compare_mangroves/results/01_prepare_network_matrices_20260619_180455/tables/interior_depth_metadata_clean.tsv
S5B5060	Site_5	Site_5	Reforma Waterfalls	4	Depth_50_75	S5B5060	S5B	4	50-75	Site_5	Sediment	29/09/2023	Reforma Waterfalls	31.5	754.6	0.75	7.04	7.96	-212	23	32.8	725	0.73	-146	89	2.28	25	1	2.28	S5b M	53.4	2	10	534	S5B5060	S5B5060	interior_depth	Interior depth-resolved	Reforma Waterfalls	Site_5	50-75	Deep	4	Site_5	50-70	NA	4	/home/fjbalvino/Compare_mangroves/interior_mangroves/phyloseq.rds	/home/fjbalvino/Compare_mangroves/results/01_prepare_network_matrices_20260619_180455/tables/interior_depth_metadata_clean.tsv
S6A07	Site_6	Site_6	Fossil Lagoon	1	Depth_0_15	S6A07	S6A	1	0-15	Site_6	Sediment	30/09/2023	Fossil Lagoon	28.3	442.6	0.44	6.86	6.9	-170	65	27.5	435.6	0.44	-165	70	1.07	25	1	1.07	S6a M	78.1	5	4	312.4	S6A07	S6A07	interior_depth	Interior depth-resolved	Fossil Lagoon	Site_6	0-15	Surface	1	Site_6	0-15	NA	1	/home/fjbalvino/Compare_mangroves/interior_mangroves/phyloseq.rds	/home/fjbalvino/Compare_mangroves/results/01_prepare_network_matrices_20260619_180455/tables/interior_depth_metadata_clean.tsv
S6A1522	Site_6	Site_6	Fossil Lagoon	2	Depth_16_30	S6A1522	S6A	2	16-30	Site_6	Sediment	30/09/2023	Fossil Lagoon	28.3	442.6	0.44	6.86	6.9	-170	65	27.5	435.6	0.44	-165	70	1.07	25	1	1.07	S6a M	78.1	5	4	312.4	S6A1522	S6A1522	interior_depth	Interior depth-resolved	Fossil Lagoon	Site_6	16-30	Mid	2	Site_6	16-30	NA	2	/home/fjbalvino/Compare_mangroves/interior_mangroves/phyloseq.rds	/home/fjbalvino/Compare_mangroves/results/01_prepare_network_matrices_20260619_180455/tables/interior_depth_metadata_clean.tsv
S6A3040	Site_6	Site_6	Fossil Lagoon	3	Depth_31_45	S6A3040	S6A	3	31-45	Site_6	Sediment	30/09/2023	Fossil Lagoon	28.3	442.6	0.44	6.86	6.9	-170	65	27.5	435.6	0.44	-165	70	1.07	25	1	1.07	S6a M	78.1	5	4	312.4	S6A3040	S6A3040	interior_depth	Interior depth-resolved	Fossil Lagoon	Site_6	31-45	Deep	3	Site_6	31-45	NA	3	/home/fjbalvino/Compare_mangroves/interior_mangroves/phyloseq.rds	/home/fjbalvino/Compare_mangroves/results/01_prepare_network_matrices_20260619_180455/tables/interior_depth_metadata_clean.tsv
S6B07	Site_6	Site_6	Fossil Lagoon	1	Depth_0_15	S6B07	S6B	1	0-15	Site_6	Sediment	30/09/2023	Fossil Lagoon	28.4	467.6	0.47	6.8	6.91	-165	70	27.5	438.6	0.44	-183	52	0.01	25	1	0.01	S6b M	53.5	5	4	214	S6B07	S6B07	interior_depth	Interior depth-resolved	Fossil Lagoon	Site_6	0-15	Surface	1	Site_6	0-15	NA	1	/home/fjbalvino/Compare_mangroves/interior_mangroves/phyloseq.rds	/home/fjbalvino/Compare_mangroves/results/01_prepare_network_matrices_20260619_180455/tables/interior_depth_metadata_clean.tsv
S6B1522	Site_6	Site_6	Fossil Lagoon	2	Depth_16_30	S6B1522	S6B	2	16-30	Site_6	Sediment	30/09/2023	Fossil Lagoon	28.4	467.6	0.47	6.8	6.91	-165	70	27.5	438.6	0.44	-183	52	0.01	25	1	0.01	S6b M	53.5	5	4	214	S6B1522	S6B1522	interior_depth	Interior depth-resolved	Fossil Lagoon	Site_6	16-30	Mid	2	Site_6	16-30	NA	2	/home/fjbalvino/Compare_mangroves/interior_mangroves/phyloseq.rds	/home/fjbalvino/Compare_mangroves/results/01_prepare_network_matrices_20260619_180455/tables/interior_depth_metadata_clean.tsv
S6B3040	Site_6	Site_6	Fossil Lagoon	3	Depth_31_45	S6B3040	S6B	3	31-45	Site_6	Sediment	30/09/2023	Fossil Lagoon	28.4	467.6	0.47	6.8	6.91	-165	70	27.5	438.6	0.44	-183	52	0.01	25	1	0.01	S6b M	53.5	5	4	214	S6B3040	S6B3040	interior_depth	Interior depth-resolved	Fossil Lagoon	Site_6	31-45	Deep	3	Site_6	31-45	NA	3	/home/fjbalvino/Compare_mangroves/interior_mangroves/phyloseq.rds	/home/fjbalvino/Compare_mangroves/results/01_prepare_network_matrices_20260619_180455/tables/interior_depth_metadata_clean.tsv
S7A07	Site_7	Site_7	Fossil Lagoon	1	Depth_0_15	S7A07	S7A	1	0-15	Site_7	Sediment	30/09/2023	Fossil Lagoon	30.6	356.8	0.36	6.7	7.53	-190	45	31	348.4	0.35	-116	119	0.18	25	1	0.18	S7a M	37.9	5	4	151.6	S7A07	S7A07	interior_depth	Interior depth-resolved	Fossil Lagoon	Site_7	0-15	Surface	1	Site_7	0-15	NA	1	/home/fjbalvino/Compare_mangroves/interior_mangroves/phyloseq.rds	/home/fjbalvino/Compare_mangroves/results/01_prepare_network_matrices_20260619_180455/tables/interior_depth_metadata_clean.tsv
S7A1522	Site_7	Site_7	Fossil Lagoon	2	Depth_16_30	S7A1522	S7A	2	16-30	Site_7	Sediment	30/09/2023	Fossil Lagoon	30.6	356.8	0.36	6.7	7.53	-190	45	31	348.4	0.35	-116	119	0.18	25	1	0.18	S7a M	37.9	5	4	151.6	S7A1522	S7A1522	interior_depth	Interior depth-resolved	Fossil Lagoon	Site_7	16-30	Mid	2	Site_7	16-30	NA	2	/home/fjbalvino/Compare_mangroves/interior_mangroves/phyloseq.rds	/home/fjbalvino/Compare_mangroves/results/01_prepare_network_matrices_20260619_180455/tables/interior_depth_metadata_clean.tsv
S7A3040	Site_7	Site_7	Fossil Lagoon	3	Depth_31_45	S7A3040	S7A	3	31-45	Site_7	Sediment	30/09/2023	Fossil Lagoon	30.6	356.8	0.36	6.7	7.53	-190	45	31	348.4	0.35	-116	119	0.18	25	1	0.18	S7a M	37.9	5	4	151.6	S7A3040	S7A3040	interior_depth	Interior depth-resolved	Fossil Lagoon	Site_7	31-45	Deep	3	Site_7	31-45	NA	3	/home/fjbalvino/Compare_mangroves/interior_mangroves/phyloseq.rds	/home/fjbalvino/Compare_mangroves/results/01_prepare_network_matrices_20260619_180455/tables/interior_depth_metadata_clean.tsv
S7A5060	Site_7	Site_7	Fossil Lagoon	4	Depth_50_75	S7A5060	S7A	4	50-75	Site_7	Sediment	30/09/2023	Fossil Lagoon	30.6	356.8	0.36	6.7	7.53	-190	45	31	348.4	0.35	-116	119	0.18	25	1	0.18	S7a M	37.9	5	4	151.6	S7A5060	S7A5060	interior_depth	Interior depth-resolved	Fossil Lagoon	Site_7	50-75	Deep	4	Site_7	50-70	NA	4	/home/fjbalvino/Compare_mangroves/interior_mangroves/phyloseq.rds	/home/fjbalvino/Compare_mangroves/results/01_prepare_network_matrices_20260619_180455/tables/interior_depth_metadata_clean.tsv
S7B07	Site_7	Site_7	Fossil Lagoon	1	Depth_0_15	S7B07	S7B	1	0-15	Site_7	Sediment	30/09/2023	Fossil Lagoon	30.6	355.1	0.36	6.99	7.52	-136	99	30.6	349.6	0.35	-100	135	0.21	25	1	0.21	S7b M	37.5	5	4	150	S7B07	S7B07	interior_depth	Interior depth-resolved	Fossil Lagoon	Site_7	0-15	Surface	1	Site_7	0-15	NA	1	/home/fjbalvino/Compare_mangroves/interior_mangroves/phyloseq.rds	/home/fjbalvino/Compare_mangroves/results/01_prepare_network_matrices_20260619_180455/tables/interior_depth_metadata_clean.tsv
S7B1522	Site_7	Site_7	Fossil Lagoon	2	Depth_16_30	S7B1522	S7B	2	16-30	Site_7	Sediment	30/09/2023	Fossil Lagoon	30.6	355.1	0.36	6.99	7.52	-136	99	30.6	349.6	0.35	-100	135	0.21	25	1	0.21	S7b M	37.5	5	4	150	S7B1522	S7B1522	interior_depth	Interior depth-resolved	Fossil Lagoon	Site_7	16-30	Mid	2	Site_7	16-30	NA	2	/home/fjbalvino/Compare_mangroves/interior_mangroves/phyloseq.rds	/home/fjbalvino/Compare_mangroves/results/01_prepare_network_matrices_20260619_180455/tables/interior_depth_metadata_clean.tsv
S7B3040	Site_7	Site_7	Fossil Lagoon	3	Depth_31_45	S7B3040	S7B	3	31-45	Site_7	Sediment	30/09/2023	Fossil Lagoon	30.6	355.1	0.36	6.99	7.52	-136	99	30.6	349.6	0.35	-100	135	0.21	25	1	0.21	S7b M	37.5	5	4	150	S7B3040	S7B3040	interior_depth	Interior depth-resolved	Fossil Lagoon	Site_7	31-45	Deep	3	Site_7	31-45	NA	3	/home/fjbalvino/Compare_mangroves/interior_mangroves/phyloseq.rds	/home/fjbalvino/Compare_mangroves/results/01_prepare_network_matrices_20260619_180455/tables/interior_depth_metadata_clean.tsv
S7B5060	Site_7	Site_7	Fossil Lagoon	4	Depth_50_75	S7B5060	S7B	4	50-75	Site_7	Sediment	30/09/2023	Fossil Lagoon	30.6	355.1	0.36	6.99	7.52	-136	99	30.6	349.6	0.35	-100	135	0.21	25	1	0.21	S7b M	37.5	5	4	150	S7B5060	S7B5060	interior_depth	Interior depth-resolved	Fossil Lagoon	Site_7	50-75	Deep	4	Site_7	50-70	NA	4	/home/fjbalvino/Compare_mangroves/interior_mangroves/phyloseq.rds	/home/fjbalvino/Compare_mangroves/results/01_prepare_network_matrices_20260619_180455/tables/interior_depth_metadata_clean.tsv
