"ASV","Location","Kingdom","Phylum","Class","Order","Family","Genus","Species"
"AB530174.1.1517","Fossil Lagoon","d__Bacteria","Zixibacteria","Zixibacteria","Zixibacteria","Zixibacteria","Zixibacteria","uncultured_bacterium"
"FN398053.1.1489","Fossil Lagoon","d__Bacteria","Proteobacteria","Gammaproteobacteria","Cellvibrionales","Halieaceae",NA,NA
"GU583984.1.1476","Fossil Lagoon","d__Bacteria","SAR324_clade(Marine_group_B)","SAR324_clade(Marine_group_B)","SAR324_clade(Marine_group_B)","SAR324_clade(Marine_group_B)","SAR324_clade(Marine_group_B)",NA
"KX768747.1.1475","Fossil Lagoon","d__Bacteria","Proteobacteria","Alphaproteobacteria","Sphingomonadales","Sphingomonadaceae",NA,NA
"EU385876.1.1464","Fossil Lagoon","d__Bacteria","Proteobacteria","Gammaproteobacteria","UBA10353_marine_group","UBA10353_marine_group","UBA10353_marine_group","uncultured_bacterium"
"JQ989640.1.1399","Fossil Lagoon","d__Archaea","Thermoplasmatota","Thermoplasmata","Marine_Benthic_Group_D_and_DHVEG-1","Marine_Benthic_Group_D_and_DHVEG-1","Marine_Benthic_Group_D_and_DHVEG-1","uncultured_archaeon"
"KT952792.1.1458","Fossil Lagoon","d__Bacteria","Proteobacteria","Alphaproteobacteria","Rhizobiales","Methyloligellaceae","Methyloceanibacter","uncultured_bacterium"
"GU270117.1.914","Fossil Lagoon","d__Archaea","Thermoplasmatota","Thermoplasmata","uncultured","uncultured","uncultured","uncultured_archaeon"
"JX227708.1.1513","Fossil Lagoon","d__Bacteria","Planctomycetota","OM190","OM190","OM190","OM190","uncultured_bacterium"
"JN464434.1.1419","Fossil Lagoon","d__Bacteria","Chloroflexi","Anaerolineae","Ardenticatenales","uncultured","uncultured","uncultured_organism"
"FJ902048.1.1205","Fossil Lagoon","d__Bacteria","Chloroflexi","Anaerolineae","uncultured","uncultured","uncultured","uncultured_Chloroflexi"
"HM598208.1.1520","Fossil Lagoon","d__Bacteria","Gemmatimonadota","PAUC43f_marine_benthic_group","PAUC43f_marine_benthic_group","PAUC43f_marine_benthic_group","PAUC43f_marine_benthic_group",NA
"FJ516839.1.1475","Fossil Lagoon","d__Bacteria","Bdellovibrionota","Bdellovibrionia","Bdellovibrionales","Bdellovibrionaceae","Bdellovibrio","uncultured_delta"
"HE804536.1.1436","Fossil Lagoon","d__Bacteria","Actinobacteriota","Coriobacteriia","OPB41","OPB41","OPB41",NA
"JQ989441.1.1437","Fossil Lagoon","d__Archaea","Asgardarchaeota","Lokiarchaeia","Lokiarchaeia","Lokiarchaeia","Lokiarchaeia","uncultured_archaeon"
"EU420697.1.1454","Fossil Lagoon","d__Archaea","Thermoplasmatota","Thermoplasmata","Marine_Benthic_Group_D_and_DHVEG-1","Marine_Benthic_Group_D_and_DHVEG-1","Marine_Benthic_Group_D_and_DHVEG-1",NA
"AF354161.1.1421","Fossil Lagoon","d__Bacteria","Calditrichota","Calditrichia","Calditrichales","Calditrichaceae","Calditrichaceae",NA
"JN468962.1.1396","Fossil Lagoon","d__Bacteria","Chloroflexi","Anaerolineae","SBR1031",NA,NA,NA
"AY225639.1.1422","Fossil Lagoon","d__Bacteria","Proteobacteria","Gammaproteobacteria","Steroidobacterales","Woeseiaceae","Woeseia",NA
"DQ841232.1.1305","Fossil Lagoon","d__Archaea","Thermoplasmatota","Thermoplasmata","uncultured","uncultured","uncultured","uncultured_euryarchaeote"
"JN038880.1.1492","Fossil Lagoon","d__Bacteria","Bacteroidota","Ignavibacteria","Ignavibacteriales","Ignavibacteriaceae","Ignavibacterium",NA
"EU487888.1.1534","Fossil Lagoon","d__Bacteria","Planctomycetota","vadinHA49","vadinHA49","vadinHA49","vadinHA49","uncultured_bacterium"
"GQ263000.1.1465","Fossil Lagoon","d__Bacteria","Proteobacteria","Alphaproteobacteria","Tistrellales","Geminicoccaceae","uncultured",NA
"EF125472.1.956","Fossil Lagoon","d__Archaea","Crenarchaeota","Bathyarchaeia","Bathyarchaeia","Bathyarchaeia","Bathyarchaeia",NA
"GU120553.1.1467","Fossil Lagoon","d__Bacteria","Proteobacteria","Gammaproteobacteria","Ectothiorhodospirales","Thioalkalispiraceae","Thioalkalispira-Sulfurivermis",NA
"HQ845903.1.1377","Fossil Lagoon","d__Bacteria","Chloroflexi","Anaerolineae","uncultured","uncultured","uncultured","uncultured_bacterium"
"AF317771.1.1469","Fossil Lagoon","d__Bacteria","NB1-j","NB1-j","NB1-j","NB1-j","NB1-j","uncultured_bacterium"
"KF836324.1.1525","Fossil Lagoon","d__Bacteria","Sva0485","Sva0485","Sva0485","Sva0485","Sva0485","uncultured_delta"
"AB858638.1.1406","Fossil Lagoon","d__Bacteria","RCP2-54","RCP2-54","RCP2-54","RCP2-54","RCP2-54","hydrothermal_vent"
"EU035887.1.1460","Fossil Lagoon","d__Bacteria","Proteobacteria","Alphaproteobacteria","Rhizobiales","Methyloligellaceae","uncultured",NA
"AB250578.1.1365","Fossil Lagoon","d__Bacteria","Planctomycetota","Pla4_lineage","Pla4_lineage","Pla4_lineage","Pla4_lineage",NA
"AJ620496.1.1501","Fossil Lagoon","d__Bacteria","Proteobacteria","Gammaproteobacteria","BD7-8","BD7-8","BD7-8","uncultured_bacterium"
"JN977366.1.1554","Fossil Lagoon","d__Bacteria","Gemmatimonadota","BD2-11_terrestrial_group","BD2-11_terrestrial_group","BD2-11_terrestrial_group","BD2-11_terrestrial_group",NA
"HF922336.1.1554","Fossil Lagoon","d__Bacteria","Planctomycetota","Phycisphaerae","Pla1_lineage","Pla1_lineage","Pla1_lineage","uncultured_bacterium"
"EU488235.1.1475","Fossil Lagoon","d__Bacteria","Chloroflexi","Dehalococcoidia","GIF3","GIF3","GIF3","uncultured_bacterium"
"JQ925081.1.1543","Fossil Lagoon","d__Bacteria","Desulfobacterota","Desulfobacteria","Desulfatiglandales","Desulfatiglandaceae","Desulfatiglans",NA
"FJ592581.1.1414","Fossil Lagoon","d__Bacteria","MBNT15","MBNT15","MBNT15","MBNT15","MBNT15","uncultured_soil"
"JX227042.1.1461","Fossil Lagoon","d__Bacteria","Planctomycetota","Phycisphaerae","Phycisphaerales","Phycisphaeraceae","Urania-1B-19_marine_sediment_group",NA
"DQ234241.1.1543","Fossil Lagoon","d__Bacteria","Proteobacteria","Gammaproteobacteria","Ectothiorhodospirales","Thioalkalispiraceae","Thioalkalispira-Sulfurivermis",NA
"FJ655657.1.1399","Fossil Lagoon","d__Archaea","Thermoplasmatota","Thermoplasmata","Marine_Benthic_Group_D_and_DHVEG-1","Marine_Benthic_Group_D_and_DHVEG-1","Marine_Benthic_Group_D_and_DHVEG-1",NA
"KC009999.1.1506","Fossil Lagoon","d__Bacteria","Spirochaetota","Spirochaetia","Spirochaetales","Spirochaetaceae","Spirochaeta",NA
"EU133416.1.1263","Fossil Lagoon","d__Bacteria","Proteobacteria","Alphaproteobacteria","Rhizobiales","Rhodomicrobiaceae","Rhodomicrobium","uncultured_Alphaproteobacteria"
"JN509229.1.1472","Fossil Lagoon","d__Bacteria","Desulfobacterota","Desulfomonilia","Desulfomonilales","Desulfomonilaceae","Desulfomonile",NA
"FJ517056.1.1467","Fossil Lagoon","d__Bacteria","Chloroflexi","Anaerolineae","Ardenticatenales","uncultured","uncultured","uncultured_organism"
"HQ673190.1.1521","Fossil Lagoon","d__Bacteria","PAUC34f","PAUC34f","PAUC34f","PAUC34f","PAUC34f","uncultured_gamma"
"KF268917.1.1430","Fossil Lagoon","d__Bacteria","Desulfobacterota","Desulfuromonadia","Desulfuromonadia",NA,NA,NA
"EU420714.1.1479","Fossil Lagoon","d__Archaea","Crenarchaeota","Bathyarchaeia","Bathyarchaeia","Bathyarchaeia","Bathyarchaeia","uncultured_miscellaneous"
"AY592419.1.1312","Fossil Lagoon","d__Bacteria","Planctomycetota","Planctomycetes","Pirellulales","Pirellulaceae","uncultured","uncultured_organism"
"JN825381.1.1374","Fossil Lagoon","d__Bacteria","Proteobacteria","Alphaproteobacteria","Kiloniellales","Kiloniellaceae","Pelagibius","uncultured_bacterium"
"JQ407257.1.1365","Fossil Lagoon","d__Bacteria","Proteobacteria","Alphaproteobacteria","Rhodospirillales","Magnetospiraceae","Magnetovibrio","uncultured_bacterium"
"KX389567.1.1447","Fossil Lagoon","d__Bacteria","Proteobacteria","Gammaproteobacteria","Oceanospirillales","Nitrincolaceae","Marinobacterium","Marinobacterium_nitratireducens"
"KC631465.1.1551","Fossil Lagoon","d__Bacteria","Acidobacteriota","Thermoanaerobaculia","Thermoanaerobaculales","Thermoanaerobaculaceae","Subgroup_23",NA
"FJ748801.1.1484","Fossil Lagoon","d__Bacteria","Bacteroidota","Bacteroidia","Cytophagales","Cyclobacteriaceae","uncultured","uncultured_Bacteroidetes"
"JN444719.1.1481","Fossil Lagoon","d__Bacteria","Desulfobacterota","Desulfobacteria","Desulfobacterales","Desulfosarcinaceae","Sva0081_sediment_group",NA
"EF018554.1.1407","Fossil Lagoon","d__Bacteria","MBNT15","MBNT15","MBNT15","MBNT15","MBNT15",NA
"CU927382.1.1358","Fossil Lagoon","d__Bacteria","Bacteroidota","Bacteroidia","Bacteroidales","Bacteroidetes_vadinHA17","Bacteroidetes_vadinHA17",NA
"KF712822.1.1482","Fossil Lagoon","d__Bacteria","Acidobacteriota","Acidobacteriae","PAUC26f","PAUC26f","PAUC26f","uncultured_bacterium"
"FPLS01061887.15.1492","Fossil Lagoon","d__Bacteria","Proteobacteria","Alphaproteobacteria","Rhodospirillales","Rhodospirillaceae","uncultured",NA
"KM051604.1.1445","Fossil Lagoon","d__Bacteria","Proteobacteria","Alphaproteobacteria","Kiloniellales","Kiloniellaceae","uncultured","uncultured_organism"
"AY592484.1.1253","Fossil Lagoon","d__Archaea","Thermoplasmatota","Thermoplasmata","Marine_Benthic_Group_D_and_DHVEG-1","Marine_Benthic_Group_D_and_DHVEG-1","Marine_Benthic_Group_D_and_DHVEG-1",NA
"JN531385.1.1385","Fossil Lagoon","d__Bacteria","Bacteroidota","Bacteroidia","Bacteroidales","SB-5","SB-5",NA
"JN536125.1.1429","Fossil Lagoon","d__Bacteria","Planctomycetota","Phycisphaerae","Phycisphaerales","Phycisphaeraceae","Urania-1B-19_marine_sediment_group","uncultured_organism"
"FR749930.1.1533","Fossil Lagoon","d__Bacteria","Spirochaetota","Spirochaetia","Spirochaetales","Spirochaetaceae","Spirochaeta_2","Spirochaeta_isovalerica"
"AF407200.1.1486","Fossil Lagoon","d__Bacteria","Chloroflexi","Dehalococcoidia","GIF9","GIF9","GIF9","uncultured_bacterium"
"DQ363802.1.954","Fossil Lagoon","d__Archaea","Crenarchaeota","Bathyarchaeia","Bathyarchaeia","Bathyarchaeia","Bathyarchaeia","uncultured_miscellaneous"
"JN387417.1.1441","Fossil Lagoon","d__Bacteria","FCPU426","FCPU426","FCPU426","FCPU426","FCPU426","uncultured_microorganism"
"AB807167.1.1479","Fossil Lagoon","d__Bacteria","Planctomycetota","Phycisphaerae","MSBL9","SG8-4","SG8-4","uncultured_bacterium"
"AB803504.1.1398","Fossil Lagoon","d__Archaea","Thermoplasmatota","Thermoplasmata","Marine_Benthic_Group_D_and_DHVEG-1","Marine_Benthic_Group_D_and_DHVEG-1","Marine_Benthic_Group_D_and_DHVEG-1","uncultured_archaeon"
"KC896655.1.1516","Fossil Lagoon","d__Bacteria","Myxococcota","Polyangia","Polyangiales","Sandaracinaceae","Sandaracinus","uncultured_bacterium"
"KT952786.1.1522","Fossil Lagoon","d__Bacteria","NB1-j","NB1-j","NB1-j","NB1-j","NB1-j",NA
"EU734976.1.1516","Fossil Lagoon","d__Bacteria","NB1-j","NB1-j","NB1-j","NB1-j","NB1-j",NA
"KX172703.1.1475","Fossil Lagoon","d__Bacteria","Proteobacteria","Gammaproteobacteria",NA,NA,NA,NA
"JN507928.1.1400","Fossil Lagoon","d__Bacteria","Bacteroidota","Bacteroidia","Sphingobacteriales","Lentimicrobiaceae","Lentimicrobiaceae","uncultured_bacterium"
"FJ545485.1.1494","Fossil Lagoon","d__Bacteria","Proteobacteria","Gammaproteobacteria","B2M28","B2M28","B2M28","uncultured_gamma"
"AM943589.1.1433","Fossil Lagoon","d__Bacteria","Desulfobacterota","Desulfobacteria","Desulfatiglandales","Desulfatiglandaceae","Desulfatiglans","uncultured_bacterium"
"GU444058.1.1569","Fossil Lagoon","d__Bacteria","Planctomycetota","Planctomycetes","Pirellulales","Pirellulaceae","Pir4_lineage",NA
"FM165235.1.1462","Fossil Lagoon","d__Bacteria","Chloroflexi","Anaerolineae","SBR1031","SBR1031","SBR1031","uncultured_bacterium"
"CU924417.1.1366","Fossil Lagoon","d__Bacteria","Actinobacteriota","Thermoleophilia","Gaiellales","uncultured","uncultured","uncultured_actinobacterium"
"EU488032.1.1474","Fossil Lagoon","d__Bacteria","Chloroflexi","Anaerolineae","SBR1031","SBR1031","SBR1031","uncultured_organism"
"EF999399.1.1531","Fossil Lagoon","d__Bacteria","Desulfobacterota","Desulfobacteria","Desulfatiglandales","Desulfatiglandaceae","Desulfatiglans","uncultured_delta"
"AJ441227.1.1419","Fossil Lagoon","d__Bacteria","Chloroflexi","Anaerolineae","Anaerolineales","Anaerolineaceae","uncultured",NA
"AJ863186.1.1467","Fossil Lagoon","d__Bacteria","Actinobacteriota","Thermoleophilia","Solirubrobacterales","67-14","67-14",NA
"JN511538.1.1406","Fossil Lagoon","d__Bacteria","Planctomycetota","vadinHA49","vadinHA49","vadinHA49","vadinHA49","uncultured_bacterium"
"KY229868.1.1200","Fossil Lagoon","d__Bacteria","Proteobacteria","Gammaproteobacteria","Pseudomonadales","Pseudomonadaceae","Pseudomonas",NA
"JN977226.1.1528","Fossil Lagoon","d__Bacteria","Planctomycetota","Planctomycetes","Pirellulales","Pirellulaceae","Pirellula","uncultured_bacterium"
"KP204843.1.1436","Fossil Lagoon","d__Archaea","Thermoplasmatota","Thermoplasmata","Marine_Benthic_Group_D_and_DHVEG-1","Marine_Benthic_Group_D_and_DHVEG-1","Marine_Benthic_Group_D_and_DHVEG-1",NA
"KM410921.1.1273","Fossil Lagoon","d__Bacteria","Campilobacterota","Campylobacteria","Campylobacterales","Sulfurimonadaceae","Sulfurimonas",NA
"JX226923.1.1508","Fossil Lagoon","d__Bacteria","NB1-j","NB1-j","NB1-j","NB1-j","NB1-j",NA
"AFOC01000137.503.2037","Fossil Lagoon","d__Bacteria","Proteobacteria","Gammaproteobacteria","Chromatiales","Sedimenticolaceae",NA,NA
"JN526849.1.1420","Fossil Lagoon","d__Bacteria","Latescibacterota","Latescibacteria","Latescibacterales","Latescibacteraceae","Candidatus_Latescibacter","uncultured_bacterium"
"EU290705.1.1526","Fossil Lagoon","d__Bacteria","Myxococcota","Polyangia","VHS-B3-70","VHS-B3-70","VHS-B3-70",NA
"KC009986.1.1495","Fossil Lagoon","d__Bacteria","Latescibacterota","Latescibacteria","Latescibacterales","Latescibacteraceae","Latescibacteraceae",NA
"KY609439.1.1448","Fossil Lagoon","d__Bacteria","Proteobacteria","Alphaproteobacteria","Micavibrionales",NA,NA,NA
"AM943570.1.1380","Fossil Lagoon","d__Bacteria","Chloroflexi","Dehalococcoidia","vadinBA26","vadinBA26","vadinBA26","uncultured_bacterium"
"JF428846.1.1487","Fossil Lagoon","d__Bacteria","Bacteroidota","Ignavibacteria","Ignavibacteriales","Melioribacteraceae","IheB3-7","uncultured_bacterium"
"HM480235.1.1528","Fossil Lagoon","d__Bacteria","Desulfobacterota","Desulfobacteria","Desulfatiglandales","Desulfatiglandaceae","Desulfatiglans","uncultured_bacterium"
"FN553599.1.1500","Fossil Lagoon","d__Bacteria","Proteobacteria","Gammaproteobacteria","Steroidobacterales","Woeseiaceae","Woeseia",NA
"JQ818020.1.1436","Fossil Lagoon","d__Bacteria","WS2","WS2","WS2","WS2","WS2","uncultured_bacterium"
"EU681930.1.914","Fossil Lagoon","d__Archaea","Aenigmarchaeota","Aenigmarchaeia","Aenigmarchaeales","Aenigmarchaeales","Aenigmarchaeales","uncultured_archaeon"
"EU134467.1.1363","Fossil Lagoon","d__Bacteria","Myxococcota","Polyangia","Polyangiales","BIrii41","BIrii41","uncultured_bacterium"
"HQ396926.1.1490","Fossil Lagoon","d__Bacteria","Actinobacteriota","Acidimicrobiia","Actinomarinales","uncultured","uncultured","uncultured_Actinomycetales"
"KY609406.1.1525","Fossil Lagoon","d__Bacteria","Gemmatimonadota","BD2-11_terrestrial_group","BD2-11_terrestrial_group","BD2-11_terrestrial_group","BD2-11_terrestrial_group",NA
"AB177153.1.1422","Fossil Lagoon","d__Bacteria","Calditrichota","Calditrichia","Calditrichales","Calditrichaceae","Calditrichaceae",NA
"AB804119.1.1436","Fossil Lagoon","d__Bacteria","Bacteroidota","Bacteroidia","Bacteroidales",NA,NA,NA
"JN886921.1.1461","Fossil Lagoon","d__Bacteria","Chloroflexi","Anaerolineae","SBR1031","SBR1031","SBR1031",NA
"EU284667.1.1426","Fossil Lagoon","d__Archaea","Crenarchaeota","Bathyarchaeia","Bathyarchaeia","Bathyarchaeia","Bathyarchaeia","uncultured_miscellaneous"
"JN825629.1.1420","Fossil Lagoon","d__Bacteria","Hydrogenedentes","Hydrogenedentia","Hydrogenedentiales","Hydrogenedensaceae","Hydrogenedensaceae",NA
"EU735614.1.1464","Fossil Lagoon","d__Bacteria","Proteobacteria","Alphaproteobacteria","Kiloniellales","Kiloniellaceae","Pelagibius",NA
"KX097462.1.1520","Fossil Lagoon","d__Bacteria","NB1-j","NB1-j","NB1-j","NB1-j","NB1-j",NA
"KY418178.1.1220","Fossil Lagoon","d__Bacteria","Proteobacteria","Alphaproteobacteria","Caulobacterales","Caulobacteraceae","Brevundimonas","Brevundimonas_diminuta"
"JQ738956.1.1527","Fossil Lagoon","d__Bacteria","Actinobacteriota","WCHB1-81","WCHB1-81","WCHB1-81","WCHB1-81","uncultured_bacterium"
"JN537318.1.1475","Fossil Lagoon","d__Bacteria","Planctomycetota","Pla3_lineage","Pla3_lineage","Pla3_lineage","Pla3_lineage","uncultured_planctomycete"
"KJ817582.1.1497","Fossil Lagoon","d__Bacteria","Proteobacteria","Gammaproteobacteria","uncultured","uncultured","uncultured","uncultured_gamma"
"EU487947.1.1523","Fossil Lagoon","d__Bacteria","Gemmatimonadota","BD2-11_terrestrial_group","BD2-11_terrestrial_group","BD2-11_terrestrial_group","BD2-11_terrestrial_group",NA
"DQ522931.1.1290","Fossil Lagoon","d__Archaea","Thermoplasmatota","Thermoplasmata","uncultured","uncultured","uncultured","uncultured_eukaryote"
"AJ535255.1.1479","Fossil Lagoon","d__Bacteria","Bacteroidota","Bacteroidia","Bacteroidales","Bacteroidetes_BD2-2","Bacteroidetes_BD2-2","uncultured_Cytophagales"
"KR857627.1.1515","Fossil Lagoon","d__Bacteria","NB1-j","NB1-j","NB1-j","NB1-j","NB1-j",NA
"AB448791.1.904","Fossil Lagoon","d__Archaea","Crenarchaeota","Bathyarchaeia","Bathyarchaeia","Bathyarchaeia","Bathyarchaeia","uncultured_miscellaneous"
"KM071655.1.1470","Fossil Lagoon","d__Bacteria","Spirochaetota","Spirochaetia","Spirochaetales","Spirochaetaceae","Spirochaeta_2",NA
"AM709744.1.1353","Fossil Lagoon","d__Bacteria","Chloroflexi","KD4-96","KD4-96","KD4-96","KD4-96","uncultured_Gram-positive"
"JQ801013.1.1525","Fossil Lagoon","d__Bacteria","Planctomycetota","OM190","OM190","OM190","OM190","uncultured_bacterium"
"EU488483.1.1490","Fossil Lagoon","d__Bacteria","LCP-89","LCP-89","LCP-89","LCP-89","LCP-89","saltmarsh_clone"
"JN672631.1.1463","Fossil Lagoon","d__Bacteria","Proteobacteria","Gammaproteobacteria","Nitrosococcales","Nitrosococcaceae",NA,NA
"GQ926461.1.922","Fossil Lagoon","d__Archaea","Crenarchaeota","Bathyarchaeia","Bathyarchaeia","Bathyarchaeia","Bathyarchaeia","uncultured_miscellaneous"
"GQ246426.1.1494","Fossil Lagoon","d__Bacteria","Nitrospirota","Thermodesulfovibrionia","uncultured","uncultured","uncultured","uncultured_Nitrospirae"
"JF344687.1.1500","Fossil Lagoon","d__Bacteria","Proteobacteria","Gammaproteobacteria",NA,NA,NA,NA
"EU328009.1.1481","Fossil Lagoon","d__Bacteria","Bacteroidota","Bacteroidia","Cytophagales","Cyclobacteriaceae","Fulvivirga",NA
"AB694514.1.1378","Fossil Lagoon","d__Bacteria","Chloroflexi","JG30-KF-CM66","JG30-KF-CM66","JG30-KF-CM66","JG30-KF-CM66","uncultured_bacterium"
"DQ070832.1.1357","Fossil Lagoon","d__Bacteria","Proteobacteria","Alphaproteobacteria","AT-s3-44","AT-s3-44","AT-s3-44","uncultured_bacterium"
"JX227388.1.1514","Fossil Lagoon","d__Bacteria","Planctomycetota","Pla3_lineage","Pla3_lineage","Pla3_lineage","Pla3_lineage","uncultured_planctomycete"
"AB806668.1.1504","Fossil Lagoon","d__Bacteria","Desulfobacterota","Desulfobacteria","Desulfatiglandales","Desulfatiglandaceae","Desulfatiglans",NA
"JF189161.1.1308","Fossil Lagoon","d__Bacteria","Proteobacteria","Alphaproteobacteria","Rhizobiales","Methyloligellaceae","Methyloligellaceae","uncultured_bacterium"
"KT380501.1.1178","Fossil Lagoon","d__Archaea","Crenarchaeota","Nitrososphaeria","Nitrosopumilales","Nitrosopumilaceae","Candidatus_Nitrosopumilus","Thaumarchaeota_archaeon"
"KJ191977.1.1447","Fossil Lagoon","d__Bacteria","Proteobacteria","Alphaproteobacteria","Rhizobiales","Hyphomicrobiaceae","uncultured","uncultured_bacterium"
"FM242427.1.1458","Fossil Lagoon","d__Bacteria","Proteobacteria","Alphaproteobacteria","Micavibrionales","Micavibrionales","Micavibrionales","uncultured_Alphaproteobacteria"
"DQ811915.1.1508","Fossil Lagoon","d__Bacteria","Acidobacteriota","Subgroup_18","Subgroup_18","Subgroup_18","Subgroup_18",NA
"AB694313.1.1513","Fossil Lagoon","d__Bacteria","NB1-j","NB1-j","NB1-j","NB1-j","NB1-j","uncultured_bacterium"
"JQ245907.1.948","Fossil Lagoon","d__Archaea","Crenarchaeota","Bathyarchaeia","Bathyarchaeia","Bathyarchaeia","Bathyarchaeia","uncultured_methanogenic"
"GQ410795.1.916","Fossil Lagoon","d__Archaea","Thermoplasmatota","Thermoplasmata","Marine_Benthic_Group_D_and_DHVEG-1","Marine_Benthic_Group_D_and_DHVEG-1","Marine_Benthic_Group_D_and_DHVEG-1",NA
"FJ545456.1.1552","Fossil Lagoon","d__Bacteria","Nitrospirota","Thermodesulfovibrionia","uncultured","uncultured","uncultured","uncultured_bacterium"
"FJ665216.1.1310","Fossil Lagoon","d__Bacteria","Chloroflexi","Anaerolineae","Ardenticatenales","uncultured","uncultured","uncultured_organism"
"JF344489.1.1518","Fossil Lagoon","d__Bacteria","Sva0485","Sva0485","Sva0485","Sva0485","Sva0485",NA
"EF471449.1.1489","Fossil Lagoon","d__Bacteria","Proteobacteria","Gammaproteobacteria","Oceanospirillales","Pseudohongiellaceae","Pseudohongiella",NA
"FJ655678.1.1424","Fossil Lagoon","d__Archaea","Crenarchaeota","Bathyarchaeia","Bathyarchaeia","Bathyarchaeia","Bathyarchaeia","uncultured_methanogenic"
"HQ190545.1.1508","Fossil Lagoon","d__Bacteria","Bacteroidota","Ignavibacteria","Ignavibacteriales","Melioribacteraceae","IheB3-7","uncultured_bacterium"
"DQ394929.1.1461","Fossil Lagoon","d__Bacteria","Chloroflexi","Anaerolineae","SBR1031","SBR1031","SBR1031","uncultured_organism"
"HE803887.1.1427","Fossil Lagoon","d__Bacteria","Chloroflexi","Anaerolineae","SBR1031","SBR1031","SBR1031",NA
"JN166335.1.1499","Fossil Lagoon","d__Bacteria","Proteobacteria","Gammaproteobacteria","Steroidobacterales","Woeseiaceae","Woeseia",NA
"AY592417.1.1305","Fossil Lagoon","d__Bacteria","Chloroflexi","Anaerolineae","Anaerolineales","Anaerolineaceae","uncultured","uncultured_organism"
"FN553593.1.1519","Fossil Lagoon","d__Bacteria","Gemmatimonadota","PAUC43f_marine_benthic_group","PAUC43f_marine_benthic_group","PAUC43f_marine_benthic_group","PAUC43f_marine_benthic_group",NA
"HQ697792.1.1480","Fossil Lagoon","d__Bacteria","Bacteroidota","Bacteroidia","Bacteroidales","Prolixibacteraceae","uncultured",NA
"DQ394901.1.1513","Fossil Lagoon","d__Bacteria","SAR324_clade(Marine_group_B)","SAR324_clade(Marine_group_B)","SAR324_clade(Marine_group_B)","SAR324_clade(Marine_group_B)","SAR324_clade(Marine_group_B)","uncultured_organism"
"AY771960.1.1520","Fossil Lagoon","d__Bacteria","Desulfobacterota","Desulfobulbia","Desulfobulbales","Desulfobulbaceae","uncultured",NA
"GU118166.1.1439","Fossil Lagoon","d__Bacteria","Actinobacteriota","Acidimicrobiia","Microtrichales","Microtrichaceae","uncultured","uncultured_bacterium"
"AY211679.1.1368","Fossil Lagoon","d__Bacteria","Desulfobacterota","Dissulfuribacteria","Dissulfuribacterales","Dissulfuribacteraceae",NA,NA
"JF344145.1.1495","Fossil Lagoon","d__Bacteria","Proteobacteria","Gammaproteobacteria","Run-SP154","Run-SP154","Run-SP154","uncultured_gamma"
"FJ485475.1.1403","Fossil Lagoon","d__Bacteria","Sva0485","Sva0485","Sva0485","Sva0485","Sva0485",NA
"DQ811870.1.1468","Fossil Lagoon","d__Bacteria","Chloroflexi","Anaerolineae","SBR1031","SBR1031","SBR1031",NA
"EF108312.1.1555","Fossil Lagoon","d__Bacteria","Myxococcota","Polyangia","Haliangiales","Haliangiaceae","Haliangium",NA
"FJ517110.1.1527","Fossil Lagoon","d__Bacteria","Desulfobacterota","Desulfobacteria","Desulfobacterales","Desulfosarcinaceae","Sva0081_sediment_group",NA
"EU487969.1.1519","Fossil Lagoon","d__Bacteria","Desulfobacterota","Desulfuromonadia","Desulfuromonadia","Syntrophotaleaceae","Syntrophotalea","uncultured_bacterium"
"EU488145.1.1475","Fossil Lagoon","d__Bacteria","Chloroflexi","Anaerolineae","SBR1031","SBR1031","SBR1031","uncultured_organism"
"KM356561.1.1441","Fossil Lagoon","d__Bacteria","Actinobacteriota","Acidimicrobiia","Microtrichales","Microtrichaceae","Sva0996_marine_group","unidentified_bacterium"
"EU487990.1.1497","Fossil Lagoon","d__Bacteria","Acidobacteriota","Subgroup_21","Subgroup_21","Subgroup_21","Subgroup_21","uncultured_bacterium"
"EU245903.1.1497","Fossil Lagoon","d__Bacteria","Spirochaetota","Spirochaetia","Spirochaetales","Spirochaetaceae","Spirochaeta_2","uncultured_organism"
"JN465250.1.1277","Fossil Lagoon","d__Bacteria","Chloroflexi","Anaerolineae","Ardenticatenales","uncultured","uncultured","uncultured_organism"
"EU487962.1.1522","Fossil Lagoon","d__Bacteria","Planctomycetota","Pla3_lineage","Pla3_lineage","Pla3_lineage","Pla3_lineage","uncultured_bacterium"
"HE803863.1.1486","Fossil Lagoon","d__Bacteria","Desulfobacterota","Desulfobacteria","Desulfobacterales","Desulfosarcinaceae","Sva0081_sediment_group",NA
"FJ813554.1.1527","Fossil Lagoon","d__Bacteria","Desulfobacterota","Desulfobacteria","Desulfatiglandales","Desulfatiglandaceae","Desulfatiglans","uncultured_organism"
"KP814637.1.1473","Fossil Lagoon","d__Bacteria","Planctomycetota","Phycisphaerae","MSBL9","SG8-4","SG8-4",NA
"DQ522934.1.1427","Fossil Lagoon","d__Archaea","Thermoplasmatota","Thermoplasmata","SG8-5","SG8-5","SG8-5","uncultured_archaeon"
"AB722096.1.1373","Fossil Lagoon","d__Bacteria","Acidobacteriota","Blastocatellia","Blastocatellales","Blastocatellaceae","Blastocatella",NA
"KR825076.1.1503","Fossil Lagoon","d__Bacteria","Acidobacteriota","Aminicenantia","Aminicenantales","Aminicenantales","Aminicenantales","uncultured_bacterium"
"LC081101.1.1472","Fossil Lagoon","d__Bacteria","Bacteroidota","Rhodothermia","Rhodothermales","Rhodothermaceae","uncultured","uncultured_Cytophaga"
"KJ569670.1.1454","Fossil Lagoon","d__Bacteria","WS2","WS2","WS2","WS2","WS2","uncultured_bacterium"
"JQ580002.1.1516","Fossil Lagoon","d__Bacteria","Latescibacterota","Latescibacterota","Latescibacterota","Latescibacterota","Latescibacterota",NA
"HQ190512.1.1490","Fossil Lagoon","d__Bacteria","Sumerlaeota","Sumerlaeia","uncultured","uncultured","uncultured","uncultured_bacterium"
"HQ178897.1.1486","Fossil Lagoon","d__Bacteria","Desulfobacterota","Desulfobacteria","Desulfatiglandales","Desulfatiglandaceae","Desulfatiglans",NA
"EU734937.1.1565","Fossil Lagoon","d__Bacteria","MBNT15","MBNT15","MBNT15","MBNT15","MBNT15",NA
"KF469206.1.1482","Fossil Lagoon","d__Bacteria","Desulfobacterota","uncultured","uncultured","uncultured","uncultured",NA
"HQ691990.1.1411","Fossil Lagoon","d__Bacteria","Desulfobacterota","Desulfobacteria","Desulfatiglandales","Desulfatiglandaceae","Desulfatiglans","uncultured_bacterium"
"FJ517065.1.1498","Fossil Lagoon","d__Bacteria","Bacteroidota","Bacteroidia","Cytophagales","Cyclobacteriaceae","uncultured",NA
"EU487903.1.1521","Fossil Lagoon","d__Bacteria","Latescibacterota","Latescibacteria","Latescibacterales","Latescibacteraceae","Latescibacteraceae","uncultured_bacterium"
"HM171830.1.943","Fossil Lagoon","d__Archaea","Crenarchaeota","Bathyarchaeia","Bathyarchaeia","Bathyarchaeia","Bathyarchaeia","uncultured_miscellaneous"
"JN444816.1.1456","Fossil Lagoon","d__Bacteria","Desulfobacterota","Desulfobacteria","Desulfatiglandales","Desulfatiglandaceae","Desulfatiglans","uncultured_organism"
"AJ581837.1.1462","Fossil Lagoon","d__Bacteria","Proteobacteria","Gammaproteobacteria","Methylococcales","Methylohalobiaceae","Methylohalobius",NA
"JQ817097.1.1463","Fossil Lagoon","d__Bacteria","Planctomycetota","Phycisphaerae","MSBL9","SG8-4","SG8-4","uncultured_bacterium"
"KC631548.1.1500","Fossil Lagoon","d__Bacteria","Chloroflexi","Dehalococcoidia","GIF9","GIF9","GIF9",NA
"KC001664.1.1370","Fossil Lagoon","d__Bacteria","Planctomycetota","Pla3_lineage","Pla3_lineage","Pla3_lineage","Pla3_lineage","unidentified_marine"
"AB300077.1.1417","Fossil Lagoon","d__Bacteria","Planctomycetota","Phycisphaerae","MSBL9","SG8-4","SG8-4","uncultured_bacterium"
"JQ678487.1.1474","Fossil Lagoon","d__Bacteria","Proteobacteria","Alphaproteobacteria",NA,NA,NA,NA
"JF344566.1.1489","Fossil Lagoon","d__Bacteria","Planctomycetota","Planctomycetes","Planctomycetales","Gimesiaceae","uncultured","uncultured_planctomycete"
"JN886884.1.1494","Fossil Lagoon","d__Bacteria","Dependentiae","Babeliae","Babeliales","Vermiphilaceae","Vermiphilaceae","uncultured_bacterium"
"KU324264.1.1519","Fossil Lagoon","d__Bacteria","Zixibacteria","Zixibacteria","Zixibacteria","Zixibacteria","Zixibacteria","uncultured_Nitrospinaceae"
"AP014648.3303047.3304529","Fossil Lagoon","d__Bacteria","Proteobacteria","Alphaproteobacteria","Rhizobiales","Methyloligellaceae","Methyloceanibacter",NA
"JX222000.1.1519","Fossil Lagoon","d__Bacteria","Proteobacteria","Gammaproteobacteria","Gammaproteobacteria_Incertae_Sedis","Unknown_Family","uncultured",NA
"MG601388.1.1502","Fossil Lagoon","d__Bacteria","Dependentiae","Babeliae","Babeliales","Babeliales","Babeliales","uncultured_bacterium"
"HQ674346.1.1462","Fossil Lagoon","d__Bacteria","Proteobacteria","Alphaproteobacteria","Rhodospirillales","Magnetospiraceae","uncultured","uncultured_bacterium"
"AM229199.1.1521","Fossil Lagoon","d__Bacteria","Desulfobacterota","Desulfobacteria","Desulfobacterales","Desulfosarcinaceae","SEEP-SRB1",NA
"JQ716270.1.1524","Fossil Lagoon","d__Bacteria","Chloroflexi","Anaerolineae","Ardenticatenales","uncultured","uncultured",NA
"KR814229.1.1493","Fossil Lagoon","d__Bacteria","SAR324_clade(Marine_group_B)","SAR324_clade(Marine_group_B)","SAR324_clade(Marine_group_B)","SAR324_clade(Marine_group_B)","SAR324_clade(Marine_group_B)","uncultured_delta"
"DQ499305.1.1595","Fossil Lagoon","d__Bacteria","Planctomycetota","Planctomycetes","Pirellulales","Pirellulaceae","Pir4_lineage",NA
"EF208694.1.1474","Fossil Lagoon","d__Bacteria","Planctomycetota","Planctomycetes","Pirellulales","Pirellulaceae","Pir4_lineage","uncultured_bacterium"
"FJ358923.1.1517","Fossil Lagoon","d__Bacteria","Acidobacteriota","Thermoanaerobaculia","Thermoanaerobaculales","Thermoanaerobaculaceae","Subgroup_10","uncultured_Acidobacteria"
"JN536224.1.1417","Fossil Lagoon","d__Bacteria","Planctomycetota","Planctomycetes","Pirellulales","Pirellulaceae","Rhodopirellula",NA
"AY592354.1.1362","Fossil Lagoon","d__Bacteria","Desulfobacterota","Desulfobacteria","Desulfobacterales","Desulfosarcinaceae","Sva0081_sediment_group",NA
"JF344266.1.1486","Fossil Lagoon","d__Bacteria","Actinobacteriota","Acidimicrobiia","Actinomarinales","uncultured","uncultured","uncultured_actinobacterium"
"MH745860.1.1200","Fossil Lagoon","d__Bacteria","Actinobacteriota","Actinobacteria","Corynebacteriales","Mycobacteriaceae","Mycobacterium",NA
"FJ545637.1.1546","Fossil Lagoon","d__Bacteria","Planctomycetota","Phycisphaerae","MSBL9","SG8-4","SG8-4",NA
"KF494737.1.1489","Fossil Lagoon","d__Bacteria","Actinobacteriota","Actinobacteria","Kineosporiales","Kineosporiaceae",NA,NA
"GQ347302.1.1341","Fossil Lagoon","d__Bacteria","Proteobacteria","Alphaproteobacteria","Defluviicoccales","uncultured","uncultured",NA
"EU487916.1.1529","Fossil Lagoon","d__Bacteria","Zixibacteria","Zixibacteria","Zixibacteria","Zixibacteria","Zixibacteria","uncultured_bacterium"
"FJ626886.1.1368","Fossil Lagoon","d__Bacteria","Planctomycetota","Phycisphaerae","Phycisphaerales","Phycisphaeraceae","Urania-1B-19_marine_sediment_group",NA
"EU488454.1.1468","Fossil Lagoon","d__Bacteria","Chloroflexi","Dehalococcoidia","vadinBA26","vadinBA26","vadinBA26","uncultured_bacterium"
"JQ989453.1.1415","Fossil Lagoon","d__Archaea","Thermoplasmatota","Thermoplasmata","uncultured","uncultured","uncultured","uncultured_archaeon"
"DQ270650.1.1476","Fossil Lagoon","d__Bacteria","Actinobacteriota","Acidimicrobiia","Microtrichales","Microtrichaceae","uncultured",NA
"EF999369.1.1522","Fossil Lagoon","d__Bacteria","Acidobacteriota","Subgroup_22","Subgroup_22","Subgroup_22","Subgroup_22","uncultured_organism"
"AB525449.1.1407","Fossil Lagoon","d__Bacteria","Chloroflexi","Anaerolineae","SBR1031","SBR1031","SBR1031","uncultured_organism"
"GU118148.1.1424","Fossil Lagoon","d__Bacteria","Proteobacteria","Alphaproteobacteria",NA,NA,NA,NA
"EU048629.1.1496","Fossil Lagoon","d__Bacteria","Desulfobacterota","Desulfobacteria","Desulfobacterales","Desulfosarcinaceae","SEEP-SRB1",NA
"JN494684.1.1446","Fossil Lagoon","d__Bacteria","Chloroflexi","Anaerolineae","Ardenticatenales","uncultured","uncultured","uncultured_organism"
"JX280051.1.1507","Fossil Lagoon","d__Bacteria","Proteobacteria","Gammaproteobacteria",NA,NA,NA,NA
"KM396664.1.1391","Fossil Lagoon","d__Bacteria","Nitrospirota","Nitrospiria","Nitrospirales","Nitrospiraceae","Nitrospira","uncultured_Nitrospirae"
"KF697553.1.1227","Fossil Lagoon","d__Bacteria","Proteobacteria","Alphaproteobacteria","Rhizobiales","Xanthobacteraceae",NA,NA
"LN570442.1.1309","Fossil Lagoon","d__Bacteria","Proteobacteria","Alphaproteobacteria","Caulobacterales","Hyphomonadaceae",NA,NA
"AB803511.1.1428","Fossil Lagoon","d__Archaea","Crenarchaeota","Nitrososphaeria","Caldiarchaeales","Geothermarchaeaceae","Geothermarchaeaceae","uncultured_archaeon"
"AM882545.1.1495","Fossil Lagoon","d__Bacteria","Proteobacteria","Gammaproteobacteria","Run-SP154","Run-SP154","Run-SP154","uncultured_gamma"
"FJ516931.1.1463","Fossil Lagoon","d__Bacteria","Proteobacteria","Alphaproteobacteria","Kiloniellales","Kiloniellaceae","Pelagibius",NA
"EU488112.1.1494","Fossil Lagoon","d__Bacteria","Planctomycetota","Phycisphaerae","MSBL9","SG8-4","SG8-4",NA
"JX193432.1.1518","Fossil Lagoon","d__Bacteria","Actinobacteriota","Acidimicrobiia","Actinomarinales","uncultured","uncultured",NA
"KC925848.1.910","Fossil Lagoon","d__Archaea","Crenarchaeota","Bathyarchaeia","Bathyarchaeia","Bathyarchaeia","Bathyarchaeia","uncultured_miscellaneous"
"EU617740.1.1520","Fossil Lagoon","d__Bacteria","Nitrospinota","P9X2b3D02","P9X2b3D02","P9X2b3D02","P9X2b3D02","uncultured_bacterium"
"JF809701.1.1414","Fossil Lagoon","d__Bacteria","Entotheonellaeota","Entotheonellia","Entotheonellales","Entotheonellaceae","Entotheonellaceae","uncultured_bacterium"
"FM242378.1.1503","Fossil Lagoon","d__Bacteria","Spirochaetota","Spirochaetia","Spirochaetales","Spirochaetaceae","Sediminispirochaeta","uncultured_organism"
"KP728193.1.1518","Fossil Lagoon","d__Bacteria","Desulfobacterota","Desulfobacteria","Desulfobacterales","Desulfosarcinaceae",NA,NA
"JF344607.1.1497","Fossil Lagoon","d__Bacteria","Proteobacteria","Gammaproteobacteria","Arenicellales","Arenicellaceae",NA,NA
"GQ246381.1.1497","Fossil Lagoon","d__Bacteria","Proteobacteria","Gammaproteobacteria","KI89A_clade","KI89A_clade","KI89A_clade",NA
"GQ410796.1.908","Fossil Lagoon","d__Archaea","Thermoplasmatota","Thermoplasmata","Marine_Benthic_Group_D_and_DHVEG-1","Marine_Benthic_Group_D_and_DHVEG-1","Marine_Benthic_Group_D_and_DHVEG-1",NA
"KP663407.1.1439","Fossil Lagoon","d__Bacteria","Bacteroidota","Bacteroidia","Bacteroidales","Bacteroidetes_vadinHA17","Bacteroidetes_vadinHA17",NA
"GU230398.1.1520","Fossil Lagoon","d__Bacteria","NB1-j","NB1-j","NB1-j","NB1-j","NB1-j",NA
"EU487965.1.1484","Fossil Lagoon","d__Bacteria","Bacteroidota","Bacteroidia","Bacteroidales","Bacteroidetes_BD2-2","Bacteroidetes_BD2-2",NA
"EU132541.1.1256","Fossil Lagoon","d__Bacteria","Actinobacteriota","Thermoleophilia","Solirubrobacterales","67-14","67-14",NA
"JQ989365.1.1407","Fossil Lagoon","d__Archaea","Thermoplasmatota","Thermoplasmata","Marine_Benthic_Group_D_and_DHVEG-1","Marine_Benthic_Group_D_and_DHVEG-1","Marine_Benthic_Group_D_and_DHVEG-1","uncultured_archaeon"
"MG601415.1.1519","Fossil Lagoon","d__Bacteria","Acetothermia","Acetothermiia","Acetothermiia","Acetothermiia","Acetothermiia","uncultured_organism"
"JQ816706.1.1479","Fossil Lagoon","d__Bacteria","Planctomycetota","Phycisphaerae","Phycisphaerales","AKAU3564_sediment_group","AKAU3564_sediment_group","uncultured_bacterium"
"JQ258687.1.950","Fossil Lagoon","d__Archaea","Crenarchaeota","Bathyarchaeia","Bathyarchaeia","Bathyarchaeia","Bathyarchaeia",NA
"AZIF01000273.9674.11130","Fossil Lagoon","d__Archaea","Euryarchaeota","Thermococci","Methanofastidiosales","uncultured","uncultured","marine_sediment"
"AB899899.1.915","Fossil Lagoon","d__Archaea","Thermoplasmatota","Thermoplasmata","Marine_Benthic_Group_D_and_DHVEG-1","Marine_Benthic_Group_D_and_DHVEG-1","Marine_Benthic_Group_D_and_DHVEG-1",NA
"JN977380.1.1548","Fossil Lagoon","d__Bacteria","Myxococcota","Polyangia","Haliangiales","Haliangiaceae","Haliangium",NA
"JN207193.1.1263","Fossil Lagoon","d__Bacteria","Acidobacteriota","Acidobacteriae",NA,NA,NA,NA
"GU553729.1.1506","Fossil Lagoon","d__Bacteria","Planctomycetota","Phycisphaerae","mle1-8","mle1-8","mle1-8","uncultured_bacterium"
"HM187369.1.1327","Fossil Lagoon","d__Bacteria","Chloroflexi","Dehalococcoidia","S085","S085","S085","uncultured_bacterium"
"GU061302.1.1454","Fossil Lagoon","d__Bacteria","Desulfobacterota","Desulfobacteria","Desulfobacterales","Desulfosarcinaceae","Sva0081_sediment_group",NA
"KJ754682.1.1267","Fossil Lagoon","d__Bacteria","Bacteroidota","Bacteroidia","Flavobacteriales","Flavobacteriaceae","Muricauda",NA
"GQ246318.1.1493","Fossil Lagoon","d__Bacteria","Planctomycetota","Phycisphaerae","MSBL9","4572-13","4572-13","uncultured_planctomycete"
"JQ580245.1.1482","Fossil Lagoon","d__Bacteria","Bacteroidota","Bacteroidia","Sphingobacteriales","Lentimicrobiaceae","Lentimicrobiaceae",NA
"JX504503.1.1533","Fossil Lagoon","d__Bacteria","Planctomycetota","Planctomycetes","Pirellulales","Pirellulaceae","Blastopirellula",NA
"EU385788.1.1481","Fossil Lagoon","d__Bacteria","Latescibacterota","Latescibacteria","Latescibacterales","Latescibacteraceae","Candidatus_Latescibacter","uncultured_bacterium"
"KU195387.1.1455","Fossil Lagoon","d__Bacteria","Proteobacteria","Alphaproteobacteria","Rhodobacterales","Rhodobacteraceae",NA,NA
"FJ716357.1.915","Fossil Lagoon","d__Archaea","Thermoplasmatota","Thermoplasmata","Marine_Benthic_Group_D_and_DHVEG-1","Marine_Benthic_Group_D_and_DHVEG-1","Marine_Benthic_Group_D_and_DHVEG-1","uncultured_euryarchaeote"
"JQ245960.1.916","Fossil Lagoon","d__Archaea","Thermoplasmatota","Thermoplasmata","Marine_Benthic_Group_D_and_DHVEG-1","Marine_Benthic_Group_D_and_DHVEG-1","Marine_Benthic_Group_D_and_DHVEG-1","uncultured_archaeon"
"KT952794.1.1463","Fossil Lagoon","d__Bacteria","Chloroflexi","KD4-96","KD4-96","KD4-96","KD4-96",NA
"JX001086.1.1446","Fossil Lagoon","d__Bacteria","Bacteroidota","Bacteroidia","Bacteroidales","Bacteroidetes_BD2-2","Bacteroidetes_BD2-2","uncultured_bacterium"
"DQ289939.1.1371","Fossil Lagoon","d__Bacteria","Calditrichota","Calditrichia","Calditrichales","Calditrichaceae","Caldithrix","uncultured_delta"
"DQ811891.1.1467","Fossil Lagoon","d__Bacteria","Chloroflexi","Dehalococcoidia","GIF9","GIF9","GIF9","uncultured_Chloroflexi"
"AM935014.1.1326","Fossil Lagoon","d__Bacteria","Chloroflexi","Dehalococcoidia","S085","S085","S085","metagenome"
"JF344441.1.1498","Fossil Lagoon","d__Bacteria","Acidobacteriota","Subgroup_18","Subgroup_18","Subgroup_18","Subgroup_18","uncultured_Acidobacteria"
"X95229.1.1482","Fossil Lagoon","d__Bacteria","Proteobacteria","Gammaproteobacteria","Chromatiales","Sedimenticolaceae","Candidatus_Thiodiazotropha",NA
"JX492623.1.900","Fossil Lagoon","d__Archaea","Crenarchaeota","Bathyarchaeia","Bathyarchaeia","Bathyarchaeia","Bathyarchaeia","uncultured_thaumarchaeote"
"EU050848.1.1464","Fossil Lagoon","d__Bacteria","Myxococcota","Myxococcia","Myxococcales","Myxococcaceae","P3OB-42","uncultured_delta"
"FN820325.1.1533","Fossil Lagoon","d__Bacteria","Desulfobacterota","Desulfobacteria","Desulfobacterales","Desulfosarcinaceae","SEEP-SRB1",NA
"DQ431887.1.1383","Fossil Lagoon","d__Bacteria","Actinobacteriota","Acidimicrobiia","Actinomarinales","uncultured","uncultured","uncultured_actinobacterium"
"AB806045.1.1432","Fossil Lagoon","d__Bacteria","Chloroflexi","Dehalococcoidia","vadinBA26","vadinBA26","vadinBA26","uncultured_bacterium"
"HE803958.1.1463","Fossil Lagoon","d__Bacteria","Proteobacteria","Gammaproteobacteria",NA,NA,NA,NA
"LN570341.1.1319","Fossil Lagoon","d__Bacteria","Proteobacteria","Alphaproteobacteria","Rhizobiales","Rhizobiaceae","Mesorhizobium",NA
"EU592421.1.1525","Fossil Lagoon","d__Bacteria","Desulfobacterota","Desulfobacteria","Desulfatiglandales","Desulfatiglandaceae","Desulfatiglans","uncultured_bacterium"
"FJ813575.1.1515","Fossil Lagoon","d__Bacteria","Latescibacterota","Latescibacteria","Latescibacterales","Latescibacteraceae","Candidatus_Latescibacter","uncultured_bacterium"
"GQ246308.1.1503","Fossil Lagoon","d__Bacteria","Proteobacteria","Gammaproteobacteria","Nitrosococcales","Nitrosococcaceae",NA,NA
"HQ588407.1.1382","Fossil Lagoon","d__Bacteria","Bacteroidota","Bacteroidia","Cytophagales","Cyclobacteriaceae","uncultured","uncultured_Bacteroidetes"
"JQ427490.1.1476","Fossil Lagoon","d__Bacteria","Actinobacteriota","Actinobacteria","Euzebyales","Euzebyaceae","uncultured","uncultured_bacterium"
"JF344639.1.1521","Fossil Lagoon","d__Bacteria","Sva0485","Sva0485","Sva0485","Sva0485","Sva0485",NA
"JX870298.1.916","Fossil Lagoon","d__Archaea","Thermoplasmatota","Thermoplasmata","uncultured","uncultured","uncultured","uncultured_archaeon"
"JF344606.1.1510","Fossil Lagoon","d__Bacteria","Nitrospinota","P9X2b3D02","P9X2b3D02","P9X2b3D02","P9X2b3D02","Candidatus_Tectomicrobia"
"DQ469584.1.1297","Fossil Lagoon","d__Bacteria","Proteobacteria","Gammaproteobacteria","Ectothiorhodospirales","Thioalkalispiraceae",NA,NA
"KX173258.1.1419","Fossil Lagoon","d__Bacteria","Proteobacteria","Alphaproteobacteria","Parvibaculales","PS1_clade","PS1_clade",NA
"KX097660.1.1528","Fossil Lagoon","d__Bacteria","WS2","WS2","WS2","WS2","WS2","uncultured_bacterium"
"JQ716277.1.1519","Fossil Lagoon","d__Bacteria","Verrucomicrobiota","Verrucomicrobiae","Opitutales","Puniceicoccaceae","Verruc-01","uncultured_bacterium"
"HM799107.1.1449","Fossil Lagoon","d__Bacteria","Proteobacteria","Gammaproteobacteria","Oceanospirillales","Pseudohongiellaceae","Pseudohongiella",NA
"EU681928.1.933","Fossil Lagoon","d__Archaea","Crenarchaeota","Bathyarchaeia","Bathyarchaeia","Bathyarchaeia","Bathyarchaeia","uncultured_crenarchaeote"
"KP174653.1.1409","Fossil Lagoon","d__Bacteria","Bacteroidota","Bacteroidia","Chitinophagales","Saprospiraceae","uncultured","bacterium_YC-LK-LKJ25"
"AB948300.1.1000","Impaired Términos Lagoon","d__Archaea","Asgardarchaeota","Lokiarchaeia","Lokiarchaeia","Lokiarchaeia","Lokiarchaeia","uncultured_archaeon"
"JF747686.1.1533","Impaired Términos Lagoon","d__Bacteria","Sva0485","Sva0485","Sva0485","Sva0485","Sva0485",NA
"JN514502.1.1443","San Pedro River","d__Bacteria","Chloroflexi","Dehalococcoidia","FW22","FW22","FW22","uncultured_organism"
"HQ691951.1.1342","San Pedro River","d__Bacteria","Chloroflexi","Dehalococcoidia","FW22","FW22","FW22","uncultured_bacterium"
"GU056110.1.1453","San Pedro River","d__Bacteria","Chloroflexi","Anaerolineae","Anaerolineales","Anaerolineaceae","uncultured",NA
"AF424530.1.990","San Pedro River","d__Archaea","Thermoplasmatota","Thermoplasmata","Marine_Benthic_Group_D_and_DHVEG-1","Marine_Benthic_Group_D_and_DHVEG-1","Marine_Benthic_Group_D_and_DHVEG-1",NA
"EU592483.1.1535","San Pedro River","d__Bacteria","Desulfobacterota","Desulfobacteria","Desulfatiglandales","Desulfatiglandaceae","Desulfatiglans","uncultured_bacterium"
"FJ873203.1.907","San Pedro River","d__Archaea","Thermoplasmatota","Thermoplasmata","Marine_Benthic_Group_D_and_DHVEG-1","Marine_Benthic_Group_D_and_DHVEG-1","Marine_Benthic_Group_D_and_DHVEG-1",NA
"LN567307.1.1331","San Pedro River","d__Bacteria","Proteobacteria","Alphaproteobacteria","Rhizobiales","Methyloligellaceae","uncultured",NA
"JN825359.1.1338","San Pedro River","d__Bacteria","Proteobacteria","Alphaproteobacteria","Caulobacterales","Hyphomonadaceae","Maricaulis",NA
"KM356252.1.1528","San Pedro River","d__Bacteria","Acidobacteriota","Thermoanaerobaculia","Thermoanaerobaculales","Thermoanaerobaculaceae","Subgroup_23","uncultured_bacterium"
"AY266449.1.1370","San Pedro River","d__Bacteria","Planctomycetota","Pla4_lineage","Pla4_lineage","Pla4_lineage","Pla4_lineage",NA
"JN524764.1.1404","San Pedro River","d__Bacteria","Chloroflexi","Anaerolineae","SBR1031","SBR1031","SBR1031","uncultured_organism"
"HF922319.1.1534","San Pedro River","d__Bacteria","Planctomycetota","Phycisphaerae","MSBL9","SG8-4","SG8-4","uncultured_bacterium"
"FR682642.1.1532","San Pedro River","d__Bacteria","Desulfobacterota","Desulfobacteria","Desulfobacterales","Desulfosarcinaceae","SEEP-SRB1",NA
"GU118173.1.1423","San Pedro River","d__Bacteria","Proteobacteria","Alphaproteobacteria","AT-s3-44","AT-s3-44","AT-s3-44","uncultured_bacterium"
"AY592648.1.1294","San Pedro River","d__Bacteria","Chloroflexi","Anaerolineae","Anaerolineales","Anaerolineaceae","uncultured",NA
"GU127773.1.1425","San Pedro River","d__Bacteria","Chloroflexi","Dehalococcoidia","RBG-13-46-9","RBG-13-46-9","RBG-13-46-9","uncultured_bacterium"
"JF727679.1.1510","San Pedro River","d__Bacteria","Proteobacteria","Gammaproteobacteria","Nitrosococcales","Nitrosococcaceae","Inmirania","uncultured_gamma"
"JF344708.1.1529","San Pedro River","d__Bacteria","Desulfobacterota","Desulfobacteria","Desulfatiglandales","Desulfatiglandaceae","Desulfatiglans",NA
"JQ516562.1.1393","San Pedro River","d__Bacteria","Proteobacteria","Alphaproteobacteria","Thalassobaculales","uncultured","uncultured","uncultured_Rhodospirillales"
"AB602505.1.1522","San Pedro River","d__Bacteria","Desulfobacterota","Desulfobacteria","Desulfobacterales","Desulfosarcinaceae","Sva0081_sediment_group",NA
"AB300129.1.1363","San Pedro River","d__Bacteria","GN01","GN01","GN01","GN01","GN01","uncultured_bacterium"
"HQ397454.1.1497","San Pedro River","d__Bacteria","Dadabacteria","Dadabacteriia","Dadabacteriales","Dadabacteriales","Dadabacteriales","uncultured_bacterium"
"KC009926.1.1453","San Pedro River","d__Bacteria","Proteobacteria","Gammaproteobacteria","Ectothiorhodospirales","Thioalkalispiraceae","Thioalkalispira-Sulfurivermis",NA
"HQ721464.1.1406","San Pedro River","d__Bacteria","Proteobacteria","Alphaproteobacteria",NA,NA,NA,NA
"DQ289929.1.1415","San Pedro River","d__Bacteria","Latescibacterota","Latescibacteria","Latescibacterales","Latescibacteraceae","Latescibacteraceae","uncultured_actinobacterium"
"JQ989848.1.1212","San Pedro River","d__Bacteria","Chloroflexi","Dehalococcoidia",NA,NA,NA,NA
"KM454331.1.1408","San Pedro River","d__Bacteria","Proteobacteria","Gammaproteobacteria","KI89A_clade","KI89A_clade","KI89A_clade",NA
"AB803967.1.1467","San Pedro River","d__Bacteria","Actinobacteriota","RBG-16-55-12","RBG-16-55-12","RBG-16-55-12","RBG-16-55-12","uncultured_actinomycete"
"JX870284.1.918","San Pedro River","d__Archaea","Thermoplasmatota","Thermoplasmata","Marine_Benthic_Group_D_and_DHVEG-1","Marine_Benthic_Group_D_and_DHVEG-1","Marine_Benthic_Group_D_and_DHVEG-1",NA
"EF208702.1.1520","San Pedro River","d__Bacteria","Acidobacteriota","Vicinamibacteria","Subgroup_9","Subgroup_9","Subgroup_9","uncultured_bacterium"
"EU592431.1.1517","San Pedro River","d__Bacteria","CK-2C2-2","CK-2C2-2","CK-2C2-2","CK-2C2-2","CK-2C2-2","uncultured_bacterium"
"JN539775.1.1421","San Pedro River","d__Bacteria","Actinobacteriota","WCHB1-81","WCHB1-81","WCHB1-81","WCHB1-81",NA
"EU373999.1.1465","San Pedro River","d__Bacteria","Planctomycetota","Phycisphaerae","Phycisphaerales","Phycisphaeraceae","Urania-1B-19_marine_sediment_group",NA
"DQ811900.1.1512","San Pedro River","d__Bacteria","Planctomycetota","Phycisphaerae","MSBL9","SG8-4","SG8-4","uncultured_bacterium"
"EU491157.1.1500","San Pedro River","d__Bacteria","Proteobacteria","Gammaproteobacteria","Granulosicoccales","uncultured","uncultured","uncultured_bacterium"
"EF612387.1.1493","San Pedro River","d__Bacteria","Gemmatimonadota","Gemmatimonadetes","Gemmatimonadales","Gemmatimonadaceae","uncultured",NA
"KC009869.1.1401","San Pedro River","d__Bacteria","Proteobacteria","Gammaproteobacteria","Burkholderiales","Nitrosomonadaceae","MND1",NA
"GQ356814.1.914","San Pedro River","d__Archaea","Thermoplasmatota","Thermoplasmata","uncultured","uncultured","uncultured","uncultured_archaeon"
"KT907904.1.907","San Pedro River","d__Archaea","Asgardarchaeota","Lokiarchaeia","Lokiarchaeia","Lokiarchaeia","Lokiarchaeia","uncultured_archaeon"
"JN442154.1.1236","San Pedro River","d__Bacteria","Chloroflexi","Anaerolineae","SBR1031","SBR1031","SBR1031","uncultured_organism"
"GQ410812.1.914","San Pedro River","d__Archaea","Thermoplasmatota","Thermoplasmata","Marine_Benthic_Group_D_and_DHVEG-1","Marine_Benthic_Group_D_and_DHVEG-1","Marine_Benthic_Group_D_and_DHVEG-1","uncultured_archaeon"
"JQ062691.1.1505","San Pedro River","d__Bacteria","Planctomycetota","Planctomycetes","Pirellulales","Pirellulaceae","Bythopirellula","uncultured_bacterium"
"KX213873.1.1405","San Pedro River","d__Bacteria","Planctomycetota","OM190","OM190","OM190","OM190","uncultured_bacterium"
"AM997875.1.1458","San Pedro River","d__Bacteria","Proteobacteria","Alphaproteobacteria","Rhodospirillales","Magnetospiraceae","uncultured",NA
"JX870316.1.915","San Pedro River","d__Archaea","Thermoplasmatota","Thermoplasmata","Marine_Benthic_Group_D_and_DHVEG-1","Marine_Benthic_Group_D_and_DHVEG-1","Marine_Benthic_Group_D_and_DHVEG-1","uncultured_archaeon"
"AM943584.1.1416","San Pedro River","d__Bacteria","Sva0485","Sva0485","Sva0485","Sva0485","Sva0485","uncultured_Desulfobulbaceae"
"HQ190505.1.1506","San Pedro River","d__Bacteria","Bacteroidota","Bacteroidia","Cytophagales","Cyclobacteriaceae","uncultured","uncultured_bacterium"
"FJ358927.1.1524","San Pedro River","d__Bacteria","Latescibacterota","Latescibacterota","Latescibacterota","Latescibacterota","Latescibacterota","uncultured_proteobacterium"
"HM780066.1.1538","San Pedro River","d__Bacteria","Desulfobacterota","uncultured","uncultured","uncultured","uncultured",NA
"KP174553.1.1436","San Pedro River","d__Bacteria","Proteobacteria","Alphaproteobacteria","Caulobacterales","Parvularculaceae","Amphiplicatus","bacterium_YC-ZSS-LKJ85"
"JX120424.1.1494","San Pedro River","d__Bacteria","Proteobacteria","Gammaproteobacteria","Acidiferrobacterales","Acidiferrobacteraceae","Sulfurifustis","uncultured_Thiotrichaceae"
"EU734985.1.1485","San Pedro River","d__Bacteria","Bacteroidota","Bacteroidia","Bacteroidales","Bacteroidetes_BD2-2","Bacteroidetes_BD2-2",NA
"AQSL01000078.2339.3877","San Pedro River","d__Bacteria","Latescibacterota","Latescibacteria","Latescibacterales","Latescibacteraceae","Candidatus_Latescibacter","uncultured_bacterium"
"KJ817610.1.1461","San Pedro River","d__Bacteria","Proteobacteria","Alphaproteobacteria","Rhodospirillales","Magnetospiraceae","uncultured","uncultured_bacterium"
"JN977205.1.1548","San Pedro River","d__Bacteria","NB1-j","NB1-j","NB1-j","NB1-j","NB1-j","uncultured_organism"
"FJ517023.1.1496","San Pedro River","d__Bacteria","Zixibacteria","Zixibacteria","Zixibacteria","Zixibacteria","Zixibacteria","uncultured_bacterium"
"EU488006.1.1461","San Pedro River","d__Bacteria","Chloroflexi","Anaerolineae","uncultured","uncultured","uncultured","uncultured_Chloroflexi"
"EF125417.1.1529","San Pedro River","d__Bacteria","Desulfobacterota","Syntrophobacteria","Syntrophobacterales","uncultured","uncultured","uncultured_delta"
"KT223192.1.1419","San Pedro River","d__Bacteria","Chloroflexi","Dehalococcoidia","MSBL5","MSBL5","MSBL5","uncultured_bacterium"
"JN886895.1.1515","San Pedro River","d__Bacteria","Planctomycetota","Pla3_lineage","Pla3_lineage","Pla3_lineage","Pla3_lineage","uncultured_sediment"
"JX391745.1.1516","San Pedro River","d__Bacteria","Acidobacteriota","Vicinamibacteria","Vicinamibacterales","uncultured","uncultured",NA
"FJ517079.1.1527","San Pedro River","d__Bacteria","Desulfobacterota","Desulfobacteria","Desulfatiglandales","Desulfatiglandaceae","Desulfatiglans",NA
"GQ356834.1.936","San Pedro River","d__Archaea","Asgardarchaeota","Lokiarchaeia","Lokiarchaeia","Lokiarchaeia","Lokiarchaeia","uncultured_archaeon"
"KM454293.1.1362","San Pedro River","d__Bacteria","Chloroflexi","Anaerolineae","Ardenticatenales","uncultured","uncultured","uncultured_organism"
"JN387473.1.1298","San Pedro River","d__Bacteria","Gemmatimonadota","MD2902-B12","MD2902-B12","MD2902-B12","MD2902-B12","uncultured_microorganism"
"EU487956.1.1463","San Pedro River","d__Bacteria","Chloroflexi","Anaerolineae","SBR1031","SBR1031","SBR1031","uncultured_bacterium"
"JN536852.1.1445","San Pedro River","d__Bacteria","Planctomycetota","Phycisphaerae","Phycisphaerales","AKAU3564_sediment_group","AKAU3564_sediment_group",NA
"JF495371.1.1267","San Pedro River","d__Bacteria","LCP-89","LCP-89","LCP-89","LCP-89","LCP-89","uncultured_bacterium"
"MG601402.1.1522","San Pedro River","d__Bacteria","Actinobacteriota","WCHB1-81","WCHB1-81","WCHB1-81","WCHB1-81","uncultured_bacterium"
"GQ202638.1.1458","San Pedro River","d__Bacteria","Bacteroidota","Ignavibacteria","Ignavibacteriales",NA,NA,NA
"JQ989600.1.1457","San Pedro River","d__Bacteria","Chloroflexi","Dehalococcoidia","Napoli-4B-65","Napoli-4B-65","Napoli-4B-65","uncultured_bacterium"
"GQ347672.1.1387","San Pedro River","d__Bacteria","Gemmatimonadota","MD2902-B12","MD2902-B12","MD2902-B12","MD2902-B12","uncultured_bacterium"
"FPLS01058089.12.1537","San Pedro River","d__Bacteria","Proteobacteria","Gammaproteobacteria","JTB23","JTB23","JTB23","metagenome"
"GU362957.1.1423","San Pedro River","d__Bacteria","Desulfobacterota","Desulfobacteria","Desulfatiglandales","Desulfatiglandaceae","Desulfatiglans",NA
"JX227283.1.1519","San Pedro River","d__Bacteria","Planctomycetota","OM190","OM190","OM190","OM190","uncultured_deep-sea"
"AB294930.1.1461","San Pedro River","d__Bacteria","Acidobacteriota","Subgroup_22","Subgroup_22","Subgroup_22","Subgroup_22",NA
"KM356600.1.1484","San Pedro River","d__Bacteria","NB1-j","NB1-j","NB1-j","NB1-j","NB1-j",NA
"EU487973.1.1543","San Pedro River","d__Bacteria","Desulfobacterota","Desulfobacteria","Desulfobacterales","Desulfosarcinaceae","SEEP-SRB1",NA
"KT880430.1.1498","San Pedro River","d__Bacteria","Proteobacteria","Gammaproteobacteria","Steroidobacterales","Woeseiaceae","Woeseia",NA
"FM242424.1.1301","San Pedro River","d__Bacteria","Proteobacteria","Alphaproteobacteria","Defluviicoccales","Defluviicoccaceae","Defluviicoccus","uncultured_Alphaproteobacteria"
"GQ346840.1.1330","San Pedro River","d__Bacteria","Chloroflexi","JG30-KF-CM66","JG30-KF-CM66","JG30-KF-CM66","JG30-KF-CM66","uncultured_Chloroflexi"
"JQ580283.1.1510","San Pedro River","d__Bacteria","Zixibacteria","Zixibacteria","Zixibacteria","Zixibacteria","Zixibacteria","uncultured_candidate"
"JQ800984.1.1503","San Pedro River","d__Bacteria","Proteobacteria","Gammaproteobacteria","Burkholderiales","Nitrosomonadaceae","IS-44",NA
"JN003082.1.1327","San Pedro River","d__Bacteria","Gemmatimonadota","BD2-11_terrestrial_group","BD2-11_terrestrial_group","BD2-11_terrestrial_group","BD2-11_terrestrial_group",NA
"KR824952.1.1522","San Pedro River","d__Bacteria","Desulfobacterota","Desulfobacteria","Desulfobacterales","Desulfosarcinaceae","SEEP-SRB1",NA
"FJ748779.1.1500","San Pedro River","d__Bacteria","Proteobacteria","Gammaproteobacteria","Steroidobacterales","Woeseiaceae","Woeseia",NA
"JQ817352.1.1480","San Pedro River","d__Bacteria","Latescibacterota","Latescibacteria","Latescibacterales","Latescibacteraceae","Latescibacteraceae","uncultured_bacterium"
"KM356737.1.1478","San Pedro River","d__Bacteria","NB1-j","NB1-j","NB1-j","NB1-j","NB1-j","uncultured_bacterium"
"FJ358901.1.1519","San Pedro River","d__Bacteria","Gemmatimonadota","PAUC43f_marine_benthic_group","PAUC43f_marine_benthic_group","PAUC43f_marine_benthic_group","PAUC43f_marine_benthic_group","uncultured_actinobacterium"
"DQ103669.3.1405","San Pedro River","d__Archaea","Thermoplasmatota","Thermoplasmata","uncultured","uncultured","uncultured","uncultured_euryarchaeote"
"HQ330559.1.1396","San Pedro River","d__Bacteria","Acidobacteriota","Aminicenantia","Aminicenantales","Aminicenantales","Aminicenantales","uncultured_Aminicenantes"
"JQ989666.1.1398","San Pedro River","d__Archaea","Thermoplasmatota","Thermoplasmata","uncultured","uncultured","uncultured","uncultured_sediment"
"JX870173.1.913","San Pedro River","d__Archaea","Crenarchaeota","Nitrososphaeria","Nitrosopumilales","Nitrosopumilaceae","Candidatus_Nitrosopumilus",NA
"KR824975.1.1529","San Pedro River","d__Bacteria","Desulfobacterota","Desulfobacteria","Desulfobacterales","Desulfosarcinaceae",NA,NA
"AB858777.1.1388","San Pedro River","d__Archaea","Aenigmarchaeota","Deep_Sea_Euryarchaeotic_Group(DSEG)","Deep_Sea_Euryarchaeotic_Group(DSEG)","Deep_Sea_Euryarchaeotic_Group(DSEG)","Deep_Sea_Euryarchaeotic_Group(DSEG)","uncultured_archaeon"
"AB694391.1.1377","San Pedro River","d__Bacteria","Proteobacteria","Alphaproteobacteria","Tistrellales","Geminicoccaceae","uncultured","uncultured_bacterium"
"AM086115.1.1463","San Pedro River","d__Bacteria","Acidobacteriota","Acidobacteriae","Subgroup_13","Subgroup_13","Subgroup_13",NA
"MG601261.1.1466","San Pedro River","d__Bacteria","Chloroflexi","Dehalococcoidia","ER-E4-17","ER-E4-17","ER-E4-17","uncultured_bacterium"
"KX097159.1.1512","San Pedro River","d__Bacteria","Acidobacteriota","Vicinamibacteria","Subgroup_17","Subgroup_17","Subgroup_17","uncultured_bacterium"
"JF796793.1.1357","San Pedro River","d__Bacteria","Bacteroidota","Bacteroidia","Chitinophagales","37-13","37-13","uncultured_bacterium"
"JQ580298.1.1520","San Pedro River","d__Bacteria","Planctomycetota","Pla4_lineage","Pla4_lineage","Pla4_lineage","Pla4_lineage","uncultured_planctomycete"
"KX504841.1.1521","San Pedro River","d__Bacteria","Latescibacterota","Latescibacteria","Latescibacterales","Latescibacteraceae","Latescibacteraceae","uncultured_actinobacterium"
"KC009958.1.1277","San Pedro River","d__Bacteria","Acidobacteriota","Thermoanaerobaculia","Thermoanaerobaculales","Thermoanaerobaculaceae","Subgroup_10","uncultured_Acidobacteria"
"EU335146.1.1523","San Pedro River","d__Bacteria","NB1-j","NB1-j","NB1-j","NB1-j","NB1-j",NA
"HM445496.1.1378","San Pedro River","d__Bacteria","Acidobacteriota","Subgroup_22","Subgroup_22","Subgroup_22","Subgroup_22",NA
"AY375087.1.1492","San Pedro River","d__Bacteria","NB1-j","NB1-j","NB1-j","NB1-j","NB1-j",NA
"JX870294.1.918","San Pedro River","d__Archaea","Thermoplasmatota","Thermoplasmata","Marine_Benthic_Group_D_and_DHVEG-1","Marine_Benthic_Group_D_and_DHVEG-1","Marine_Benthic_Group_D_and_DHVEG-1",NA
"LN563620.1.1317","San Pedro River","d__Bacteria","Chloroflexi","Dehalococcoidia","S085","S085","S085","metagenome"
"JN536538.1.1284","San Pedro River","d__Bacteria","Planctomycetota","Phycisphaerae","CCM11a","CCM11a","CCM11a","uncultured_organism"
"JQ245946.1.915","San Pedro River","d__Archaea","Thermoplasmatota","Thermoplasmata","uncultured","uncultured","uncultured","uncultured_archaeon"
"HE648213.1.1522","San Pedro River","d__Bacteria","Desulfobacterota","Desulfobacteria","Desulfobacterales","Desulfosarcinaceae",NA,NA
"GQ410792.1.920","San Pedro River","d__Archaea","Thermoplasmatota","Thermoplasmata","Marine_Benthic_Group_D_and_DHVEG-1","Marine_Benthic_Group_D_and_DHVEG-1","Marine_Benthic_Group_D_and_DHVEG-1","uncultured_archaeon"
"EF125427.1.1522","San Pedro River","d__Bacteria","Gemmatimonadota","PAUC43f_marine_benthic_group","PAUC43f_marine_benthic_group","PAUC43f_marine_benthic_group","PAUC43f_marine_benthic_group","uncultured_bacterium"
"EU487979.1.1539","San Pedro River","d__Bacteria","Desulfobacterota","Desulfobacteria","Desulfobacterales","Desulfosarcinaceae","SEEP-SRB1",NA
"KP091045.1.1423","San Pedro River","d__Archaea","Thermoplasmatota","Thermoplasmata","Marine_Benthic_Group_D_and_DHVEG-1","Marine_Benthic_Group_D_and_DHVEG-1","Marine_Benthic_Group_D_and_DHVEG-1","uncultured_archaeon"
"JN977192.1.1547","San Pedro River","d__Bacteria","Planctomycetota","Phycisphaerae","MSBL9","SG8-4","SG8-4","uncultured_bacterium"
"EF203576.1.901","San Pedro River","d__Archaea","Crenarchaeota","Bathyarchaeia","Bathyarchaeia","Bathyarchaeia","Bathyarchaeia",NA
"AY627570.1.1336","San Pedro River","d__Bacteria","Verrucomicrobiota","Omnitrophia","Omnitrophales","Omnitrophaceae","Candidatus_Omnitrophus","uncultured_bacterium"
"KF268862.1.1352","San Pedro River","d__Bacteria","Proteobacteria","Alphaproteobacteria","Defluviicoccales","uncultured","uncultured",NA
"EU592433.1.1525","San Pedro River","d__Bacteria","Desulfobacterota","Desulfobacteria","Desulfatiglandales","Desulfatiglandaceae","Desulfatiglans","uncultured_bacterium"
"AB803467.1.1398","San Pedro River","d__Archaea","Thermoplasmatota","Thermoplasmata","Marine_Benthic_Group_D_and_DHVEG-1","Marine_Benthic_Group_D_and_DHVEG-1","Marine_Benthic_Group_D_and_DHVEG-1","uncultured_archaeon"
"GQ264142.1.1411","San Pedro River","d__Bacteria","Chloroflexi","Dehalococcoidia","S085","S085","S085","bacterium_YC-LK-LKJ27"
"LN565691.1.1368","San Pedro River","d__Bacteria","Proteobacteria","Gammaproteobacteria","Cellvibrionales","Cellvibrionaceae","uncultured","marine_metagenome"
"AB803447.1.1398","San Pedro River","d__Archaea","Thermoplasmatota","Thermoplasmata","Marine_Benthic_Group_D_and_DHVEG-1","Marine_Benthic_Group_D_and_DHVEG-1","Marine_Benthic_Group_D_and_DHVEG-1",NA
"GU553758.1.1502","San Pedro River","d__Bacteria","Verrucomicrobiota","Omnitrophia","Omnitrophales","Omnitrophaceae","Candidatus_Omnitrophus","uncultured_bacterium"
"EU287152.1.1503","San Pedro River","d__Bacteria","Planctomycetota","vadinHA49","vadinHA49","vadinHA49","vadinHA49","uncultured_bacterium"
"FJ516771.1.1487","San Pedro River","d__Bacteria","Bacteroidota","Bacteroidia","Flavobacteriales","Cryomorphaceae","Vicingus",NA
"KX088596.1.1457","San Pedro River","d__Bacteria","Proteobacteria","Alphaproteobacteria","Sphingomonadales","Sphingomonadaceae",NA,NA
"EF208714.1.1526","San Pedro River","d__Bacteria","Desulfobacterota","Desulfobacteria","Desulfobacterales","Desulfococcaceae","uncultured","uncultured_bacterium"
"JX227620.1.1519","San Pedro River","d__Bacteria","Myxococcota","bacteriap25","bacteriap25","bacteriap25","bacteriap25",NA
"FJ517048.1.1483","San Pedro River","d__Bacteria","Bacteroidota","Bacteroidia","Sphingobacteriales","Lentimicrobiaceae","Lentimicrobiaceae","uncultured_Cytophagales"
"KC178609.1.1210","San Pedro River","d__Bacteria","Proteobacteria","Gammaproteobacteria","Pseudomonadales","Pseudomonadaceae","Pseudomonas",NA
"JF922421.1.1521","San Pedro River","d__Bacteria","MBNT15","MBNT15","MBNT15","MBNT15","MBNT15",NA
"JQ579914.1.1485","San Pedro River","d__Bacteria","Bacteroidota","Bacteroidia","Chitinophagales","Saprospiraceae","Portibacter",NA
"JF727687.1.1452","San Pedro River","d__Bacteria","Proteobacteria","Alphaproteobacteria","Rhizobiales","Xanthobacteraceae","Pseudolabrys","uncultured_Rhizobiales"
"HQ153903.1.1369","San Pedro River","d__Bacteria","Planctomycetota","Planctomycetes","Pirellulales","Pirellulaceae","Pir4_lineage",NA
"GQ246446.1.1523","San Pedro River","d__Bacteria","Desulfobacterota","Desulfobulbia","Desulfobulbales","uncultured","uncultured","uncultured_bacterium"
"HQ163470.1.1376","San Pedro River","d__Bacteria","Proteobacteria","Gammaproteobacteria","Oceanospirillales","Pseudohongiellaceae","Pseudohongiella","uncultured_gamma"
"MG601262.1.1536","San Pedro River","d__Bacteria","Desulfobacterota","Desulfobacteria","Desulfatiglandales","Desulfatiglandaceae","Desulfatiglans","uncultured_bacterium"
"FN554130.1.1520","San Pedro River","d__Bacteria","Desulfobacterota","Desulfobacteria","Desulfatiglandales","Desulfatiglandaceae","Desulfatiglans","uncultured_sediment"
"FN553515.1.1520","San Pedro River","d__Bacteria","Gemmatimonadota","BD2-11_terrestrial_group","BD2-11_terrestrial_group","BD2-11_terrestrial_group","BD2-11_terrestrial_group",NA
"FPLS01017345.13.1480","San Pedro River","d__Bacteria","Proteobacteria","Alphaproteobacteria","Rhizobiales","Rhizobiales_Incertae_Sedis","Bauldia",NA
"DQ330057.1.1335","San Pedro River","d__Bacteria","Chloroflexi","Anaerolineae","SBR1031","SBR1031","SBR1031","uncultured_microorganism"
"JN535993.1.1427","San Pedro River","d__Bacteria","Planctomycetota","Phycisphaerae","Phycisphaerales","Phycisphaeraceae","Urania-1B-19_marine_sediment_group","uncultured_organism"
"JN491062.1.1240","San Pedro River","d__Bacteria","Bacteroidota","Ignavibacteria","Ignavibacteriales","Melioribacteraceae","Melioribacter","uncultured_organism"
"KC554917.1.1540","San Pedro River","d__Bacteria","Actinobacteriota","Thermoleophilia","Solirubrobacterales","67-14","67-14","uncultured_bacterium"
"FJ716424.1.1509","San Pedro River","d__Bacteria","Verrucomicrobiota","Chlamydiae","LD1-PA32","LD1-PA32","LD1-PA32","uncultured_bacterium"
"JF344422.1.1521","San Pedro River","d__Bacteria","Desulfobacterota","Desulfobacteria","Desulfobacterales","Desulfosarcinaceae","Sva0081_sediment_group",NA
"EU487942.1.1538","San Pedro River","d__Bacteria","Desulfobacterota","Syntrophobacteria","Syntrophobacterales","uncultured","uncultured","uncultured_bacterium"
"GU553739.1.1513","San Pedro River","d__Bacteria","Verrucomicrobiota","Omnitrophia","Omnitrophales","Omnitrophaceae","Candidatus_Omnitrophus","uncultured_bacterium"
"HM186846.1.1329","San Pedro River","d__Bacteria","Chloroflexi","Dehalococcoidia","661239","661239","661239","uncultured_bacterium"
"EU488415.1.1464","San Pedro River","d__Bacteria","Chloroflexi","Anaerolineae","SBR1031","SBR1031","SBR1031",NA
"FN428809.1.1342","San Pedro River","d__Archaea","Thermoplasmatota","Thermoplasmata","Marine_Benthic_Group_D_and_DHVEG-1","Marine_Benthic_Group_D_and_DHVEG-1","Marine_Benthic_Group_D_and_DHVEG-1",NA
"AB899903.1.914","San Pedro River","d__Archaea","Thermoplasmatota","Thermoplasmata","Marine_Benthic_Group_D_and_DHVEG-1","Marine_Benthic_Group_D_and_DHVEG-1","Marine_Benthic_Group_D_and_DHVEG-1","uncultured_Thermoplasmatales"
"HM598204.1.1520","San Pedro River","d__Bacteria","Acidobacteriota","Thermoanaerobaculia","Thermoanaerobaculales","Thermoanaerobaculaceae","Subgroup_23",NA
"KC009994.1.1452","San Pedro River","d__Bacteria","Gemmatimonadota","BD2-11_terrestrial_group","BD2-11_terrestrial_group","BD2-11_terrestrial_group","BD2-11_terrestrial_group","unidentified_bacterium"
"EF157274.1.1422","San Pedro River","d__Bacteria","Proteobacteria","Alphaproteobacteria","Rhodospirillales","Magnetospiraceae","uncultured",NA
"EU592444.1.1511","San Pedro River","d__Bacteria","Spirochaetota","Spirochaetia","Spirochaetales","Spirochaetaceae","Spirochaeta","uncultured_bacterium"
"GU553660.1.1427","San Pedro River","d__Bacteria","Chloroflexi","Dehalococcoidia","Sh765B-AG-111","Sh765B-AG-111","Sh765B-AG-111","uncultured_bacterium"
"KF616606.1.1485","San Pedro River","d__Bacteria","Planctomycetota","OM190","OM190","OM190","OM190","uncultured_bacterium"
"DQ811822.1.1527","San Pedro River","d__Bacteria","Desulfobacterota","Desulfobacteria","Desulfatiglandales","Desulfatiglandaceae","Desulfatiglans",NA
"HQ845896.1.1414","San Pedro River","d__Bacteria","Myxococcota","Polyangia","Polyangiales","BIrii41","BIrii41","uncultured_bacterium"
"DQ811880.1.1473","San Pedro River","d__Bacteria","Chloroflexi","Anaerolineae","SBR1031","SBR1031","SBR1031",NA
"AM882598.1.1523","San Pedro River","d__Bacteria","Desulfobacterota","Desulfobacteria","Desulfobacterales","Desulfosarcinaceae","Sva0081_sediment_group",NA
"DQ394969.1.1515","San Pedro River","d__Bacteria","SAR324_clade(Marine_group_B)","SAR324_clade(Marine_group_B)","SAR324_clade(Marine_group_B)","SAR324_clade(Marine_group_B)","SAR324_clade(Marine_group_B)","uncultured_delta"
"KX177282.1.1461","San Pedro River","d__Bacteria","Proteobacteria","Alphaproteobacteria","AT-s3-44","AT-s3-44","AT-s3-44","uncultured_bacterium"
"JX504296.1.1499","San Pedro River","d__Bacteria","Chloroflexi","Anaerolineae","Ardenticatenales","uncultured","uncultured","uncultured_organism"
"KU243195.1.1310","San Pedro River","d__Bacteria","Proteobacteria","Gammaproteobacteria","BD7-8","BD7-8","BD7-8","uncultured_bacterium"
"JX227674.1.1519","San Pedro River","d__Bacteria","NB1-j","NB1-j","NB1-j","NB1-j","NB1-j",NA
"JF344636.1.1517","San Pedro River","d__Bacteria","Acidobacteriota","Subgroup_22","Subgroup_22","Subgroup_22","Subgroup_22","uncultured_Acidobacteria"
"KT223232.1.1433","San Pedro River","d__Bacteria","Chloroflexi","Dehalococcoidia","SPG12-461-471-B8","SPG12-461-471-B8","SPG12-461-471-B8","uncultured_bacterium"
"JF747671.1.1500","San Pedro River","d__Bacteria","Acidobacteriota","Aminicenantia","Aminicenantales","Aminicenantales","Aminicenantales","uncultured_bacterium"
"KM071651.1.1502","San Pedro River","d__Bacteria","Proteobacteria","Gammaproteobacteria","JTB23","JTB23","JTB23","uncultured_gamma"
"JX870319.1.916","San Pedro River","d__Archaea","Thermoplasmatota","Thermoplasmata","Marine_Benthic_Group_D_and_DHVEG-1","Marine_Benthic_Group_D_and_DHVEG-1","Marine_Benthic_Group_D_and_DHVEG-1",NA
"AB250555.1.1420","San Pedro River","d__Bacteria","Chloroflexi","Anaerolineae","Anaerolineales","Anaerolineaceae","Thermomarinilinea","uncultured_bacterium"
"JQ580399.1.1500","San Pedro River","d__Bacteria","Planctomycetota","OM190","OM190","OM190","OM190",NA
"JN536787.1.1372","San Pedro River","d__Bacteria","Caldatribacteriota","JS1","JS1","JS1","JS1","uncultured_organism"
"HQ190503.1.1532","San Pedro River","d__Bacteria","Desulfobacterota","Desulfuromonadia","Desulfuromonadia","Geothermobacteraceae","Geothermobacter",NA
"JN825541.1.1413","San Pedro River","d__Bacteria","Actinobacteriota","Thermoleophilia","Gaiellales","uncultured","uncultured",NA
"HQ003527.1.1497","San Pedro River","d__Bacteria","Proteobacteria","Gammaproteobacteria","Ectothiorhodospirales",NA,NA,NA
"EF125424.1.1524","San Pedro River","d__Bacteria","Desulfobacterota","uncultured","uncultured","uncultured","uncultured",NA
"HF922360.1.1534","San Pedro River","d__Bacteria","Acidobacteriota","Vicinamibacteria","Subgroup_17","Subgroup_17","Subgroup_17","uncultured_bacterium"
"JN522076.1.1433","San Pedro River","d__Bacteria","Chloroflexi","Anaerolineae","SBR1031","SBR1031","SBR1031",NA
"JX504252.1.1535","San Pedro River","d__Bacteria","Nitrospirota","Nitrospiria","Nitrospirales","Nitrospiraceae","Nitrospira","unidentified_bacterium"
"GQ259293.1.1524","San Pedro River","d__Bacteria","Calditrichota","Calditrichia","Calditrichales","Calditrichaceae","Calditrichaceae","uncultured_bacterium"
"KJ590672.1.1476","San Pedro River","d__Bacteria","Proteobacteria","Alphaproteobacteria",NA,NA,NA,NA
"HM061953.1.1467","San Pedro River","d__Bacteria","Acidobacteriota","Vicinamibacteria","Vicinamibacterales","Vicinamibacteraceae","Vicinamibacteraceae",NA
"KX097206.1.1520","San Pedro River","d__Bacteria","NB1-j","NB1-j","NB1-j","NB1-j","NB1-j",NA
"GQ926431.1.925","San Pedro River","d__Archaea","Asgardarchaeota","Lokiarchaeia","Lokiarchaeia","Lokiarchaeia","Lokiarchaeia","uncultured_archaeon"
"DQ811802.1.1539","San Pedro River","d__Bacteria","Desulfobacterota","Desulfobacteria","Desulfobacterales","Desulfosarcinaceae","Sva0081_sediment_group",NA
"EU488437.1.1469","San Pedro River","d__Bacteria","Chloroflexi","Anaerolineae","Anaerolineales","Anaerolineaceae","uncultured",NA
"KJ572428.1.1449","San Pedro River","d__Bacteria","Proteobacteria","Gammaproteobacteria",NA,NA,NA,NA
"AF254399.1.1489","San Pedro River","d__Bacteria","Calditrichota","Calditrichia","Calditrichales","Calditrichaceae","Calorithrix","uncultured_bacterium"
"FJ748781.1.1509","San Pedro River","d__Bacteria","Proteobacteria","Gammaproteobacteria","Burkholderiales","Nitrosomonadaceae","MND1",NA
"AM889152.1.1514","San Pedro River","d__Bacteria","Acidobacteriota","Thermoanaerobaculia","Thermoanaerobaculales","Thermoanaerobaculaceae","Subgroup_23",NA
"KY241536.1.1522","San Pedro River","d__Bacteria","Gemmatimonadota","BD2-11_terrestrial_group","BD2-11_terrestrial_group","BD2-11_terrestrial_group","BD2-11_terrestrial_group",NA
"JN534265.1.1460","San Pedro River","d__Bacteria","Desulfobacterota","Desulfobacteria","Desulfatiglandales","Desulfatiglandaceae","Desulfatiglans",NA
"KX097541.1.1539","San Pedro River","d__Bacteria","Latescibacterota","Latescibacterota","Latescibacterota","Latescibacterota","Latescibacterota",NA
"JQ287329.1.1483","San Pedro River","d__Bacteria","Bacteroidota","Bacteroidia","Chitinophagales","uncultured","uncultured","uncultured_bacterium"
"FJ264664.1.1530","San Pedro River","d__Bacteria","Marinimicrobia_(SAR406_clade)","Marinimicrobia_(SAR406_clade)","Marinimicrobia_(SAR406_clade)","Marinimicrobia_(SAR406_clade)","Marinimicrobia_(SAR406_clade)","uncultured_bacterium"
"GU118250.1.1455","San Pedro River","d__Bacteria","Proteobacteria","Gammaproteobacteria","Cellvibrionales","Halieaceae",NA,NA
"HQ691983.1.1504","San Pedro River","d__Bacteria","Desulfobacterota","Desulfobacteria","Desulfobacterales","Desulfosarcinaceae","SEEP-SRB1",NA
"EU734975.1.1513","San Pedro River","d__Bacteria","Nitrospirota","Thermodesulfovibrionia","uncultured","uncultured","uncultured",NA
"JN532024.1.1392","San Pedro River","d__Bacteria","Spirochaetota","Spirochaetia","Spirochaetales","Spirochaetaceae","Sediminispirochaeta","uncultured_organism"
"EU330396.1.1509","San Pedro River","d__Bacteria","Planctomycetota","Planctomycetes","Planctomycetales","Gimesiaceae","uncultured",NA
"KC009884.1.1461","San Pedro River","d__Bacteria","Desulfobacterota","Desulfobulbia","Desulfobulbales","Desulfobulbaceae","uncultured","uncultured_bacterium"
"JF727680.1.1511","San Pedro River","d__Bacteria","Proteobacteria","Gammaproteobacteria","Nitrosococcales","Nitrosococcaceae","Inmirania","uncultured_gamma"
"EU134433.1.1384","San Pedro River","d__Bacteria","NB1-j","NB1-j","NB1-j","NB1-j","NB1-j",NA
"DQ811804.1.1523","San Pedro River","d__Bacteria","Desulfobacterota","Desulfobacteria","Desulfobacterales","Desulfosarcinaceae","uncultured","uncultured_delta"
"FJ205240.1.1442","San Pedro River","d__Bacteria","Planctomycetota","Phycisphaerae","Phycisphaerales","Phycisphaeraceae","Urania-1B-19_marine_sediment_group",NA
"EF188431.1.1544","San Pedro River","d__Bacteria","Bacteroidota","Bacteroidia","Chitinophagales","37-13","37-13","uncultured_bacterium"
"AB806273.1.1461","San Pedro River","d__Bacteria","Fibrobacterota","Chitinivibrionia","uncultured","uncultured","uncultured","uncultured_bacterium"
"HE653878.1.1455","San Pedro River","d__Bacteria","Acidobacteriota","Thermoanaerobaculia","Thermoanaerobaculales","Thermoanaerobaculaceae","Subgroup_10",NA
"HQ588383.1.1408","San Pedro River","d__Bacteria","Acidobacteriota","Subgroup_22","Subgroup_22","Subgroup_22","Subgroup_22",NA
"KM356611.1.1422","San Pedro River","d__Bacteria","Proteobacteria","Alphaproteobacteria",NA,NA,NA,NA
"JX241032.1.1528","San Pedro River","d__Bacteria","Desulfobacterota","Desulfobacteria","Desulfatiglandales","Desulfatiglandaceae","Desulfatiglans","uncultured_delta"
"JN515170.1.1464","San Pedro River","d__Bacteria","Latescibacterota","Latescibacterota","Latescibacterota","Latescibacterota","Latescibacterota","uncultured_bacterium"
"KC009870.1.1414","San Pedro River","d__Bacteria","Proteobacteria","Gammaproteobacteria","Burkholderiales","Nitrosomonadaceae",NA,NA
"GU061446.1.1474","San Pedro River","d__Bacteria","Proteobacteria","Alphaproteobacteria","uncultured","uncultured","uncultured","uncultured_marine"
"LN563592.1.1392","San Pedro River","d__Bacteria","NB1-j","NB1-j","NB1-j","NB1-j","NB1-j",NA
"AF317764.1.1458","San Pedro River","d__Bacteria","Nitrospirota","Nitrospiria","Nitrospirales","Nitrospiraceae","Nitrospira","unidentified_bacterium"
"EU488431.1.1525","San Pedro River","d__Bacteria","Desulfobacterota","Desulfuromonadia","Desulfuromonadia","Syntrophotaleaceae","Syntrophotalea","uncultured_bacterium"
"JX227458.1.1486","San Pedro River","d__Bacteria","Sumerlaeota","Sumerlaeia","uncultured","uncultured","uncultured","uncultured_bacterium"
"AM176870.1.1483","San Pedro River","d__Bacteria","Desulfobacterota","Desulfobacteria","Desulfobacterales",NA,NA,NA
"FJ654478.1.1204","San Pedro River","d__Bacteria","Proteobacteria","Gammaproteobacteria","Pseudomonadales","Pseudomonadaceae","Pseudomonas",NA
"HQ114039.1.1520","San Pedro River","d__Bacteria","NB1-j","NB1-j","NB1-j","NB1-j","NB1-j","unidentified_bacterium"
"KC631482.1.1524","San Pedro River","d__Bacteria","Bacteroidota","Rhodothermia","Rhodothermales","Rhodothermaceae","uncultured",NA
"EU488318.1.1523","San Pedro River","d__Bacteria","Desulfobacterota","uncultured","uncultured","uncultured","uncultured",NA
"FJ485062.1.1378","San Pedro River","d__Bacteria","Sva0485","Sva0485","Sva0485","Sva0485","Sva0485",NA
"JF344658.1.1521","San Pedro River","d__Bacteria","Desulfobacterota","Desulfobacteria","Desulfobacterales","Desulfosarcinaceae","SEEP-SRB1","uncultured_delta"
"KR086470.1.1470","San Pedro River","d__Bacteria","Proteobacteria","Alphaproteobacteria","Rhizobiales","Rhizobiales_Incertae_Sedis","Bauldia",NA
"JF344499.1.1514","San Pedro River","d__Bacteria","NB1-j","NB1-j","NB1-j","NB1-j","NB1-j",NA
"KR559960.1.1479","San Pedro River","d__Bacteria","Acidobacteriota","Vicinamibacteria","Vicinamibacterales","Vicinamibacteraceae","Vicinamibacteraceae",NA
"FJ425648.1.1498","San Pedro River","d__Bacteria","Desulfobacterota","Desulfobacteria","Desulfobacterales","Desulfosarcinaceae","Sva0081_sediment_group",NA
"GQ410931.1.930","San Pedro River","d__Archaea","Asgardarchaeota","Lokiarchaeia","Lokiarchaeia","Lokiarchaeia","Lokiarchaeia","uncultured_archaeon"
"LN570515.1.1381","San Pedro River","d__Bacteria","Proteobacteria","Gammaproteobacteria","Ectothiorhodospirales","Thioalkalispiraceae","uncultured","uncultured_bacterium"
"GQ264384.1.1411","San Pedro River","d__Bacteria","Proteobacteria","Alphaproteobacteria","Rhizobiales","Hyphomicrobiaceae",NA,NA
"JQ580416.1.1527","San Pedro River","d__Bacteria","Sva0485","Sva0485","Sva0485","Sva0485","Sva0485",NA
"AB806727.1.1479","San Pedro River","d__Bacteria","NB1-j","NB1-j","NB1-j","NB1-j","NB1-j","uncultured_deep-sea"
"JX227446.1.1521","San Pedro River","d__Bacteria","Acidobacteriota","Subgroup_22","Subgroup_22","Subgroup_22","Subgroup_22","uncultured_bacterium"
"JN447304.1.1413","San Pedro River","d__Bacteria","Spirochaetota","Spirochaetia","Spirochaetales","Spirochaetaceae","Spirochaeta_2","uncultured_organism"
"GU056117.1.1493","San Pedro River","d__Bacteria","Planctomycetota","Phycisphaerae","MSBL9","SG8-4","SG8-4",NA
"AB015559.1.1530","San Pedro River","d__Bacteria","Verrucomicrobiota","Omnitrophia","Omnitrophales","Omnitrophaceae","Candidatus_Omnitrophus","uncultured_bacterium"
"AF323768.1.1486","San Pedro River","d__Bacteria","Zixibacteria","Zixibacteria","Zixibacteria","Zixibacteria","Zixibacteria","uncultured_bacterium"
"KT122148.1.1526","San Pedro River","d__Bacteria","Gemmatimonadota","BD2-11_terrestrial_group","BD2-11_terrestrial_group","BD2-11_terrestrial_group","BD2-11_terrestrial_group","uncultured_Gemmatimonadetes"
"FJ748808.1.1519","San Pedro River","d__Bacteria","Planctomycetota","Phycisphaerae","MSBL9","SG8-4","SG8-4","uncultured_bacterium"
"GU291343.1.1498","San Pedro River","d__Bacteria","Desulfobacterota","Desulfobacteria","Desulfatiglandales","Desulfatiglandaceae","Desulfatiglans",NA
"KF964606.1.1493","San Pedro River","d__Bacteria","Proteobacteria","Alphaproteobacteria","Rhizobiales","Rhizobiaceae",NA,NA
"AM997774.1.1464","San Pedro River","d__Bacteria","Chloroflexi","Dehalococcoidia","SAR202_clade","SAR202_clade","SAR202_clade","uncultured_Thermomicrobium"
"JQ815991.1.1399","San Pedro River","d__Archaea","Thermoplasmatota","Thermoplasmata","Marine_Benthic_Group_D_and_DHVEG-1","Marine_Benthic_Group_D_and_DHVEG-1","Marine_Benthic_Group_D_and_DHVEG-1","uncultured_euryarchaeote"
"MG264189.1.1343","San Pedro River","d__Bacteria","Proteobacteria","Alphaproteobacteria","Kiloniellales","Kiloniellaceae","Pelagibius","uncultured_Alphaproteobacteria"
"DQ431899.1.1417","San Pedro River","d__Bacteria","Gemmatimonadota","BD2-11_terrestrial_group","BD2-11_terrestrial_group","BD2-11_terrestrial_group","BD2-11_terrestrial_group",NA
"DQ363793.1.954","San Pedro River","d__Archaea","Crenarchaeota","Bathyarchaeia","Bathyarchaeia","Bathyarchaeia","Bathyarchaeia","uncultured_miscellaneous"
"FJ901616.1.1385","San Pedro River","d__Bacteria","Zixibacteria","Zixibacteria","Zixibacteria","Zixibacteria","Zixibacteria","candidate_division"
"KF786834.1.1416","San Pedro River","d__Bacteria","NB1-j","NB1-j","NB1-j","NB1-j","NB1-j","uncultured_marine"
"EU734953.1.1518","San Pedro River","d__Bacteria","NB1-j","NB1-j","NB1-j","NB1-j","NB1-j",NA
"LN562385.1.1333","San Pedro River","d__Bacteria","Proteobacteria","Alphaproteobacteria","Rhizobiales",NA,NA,NA
"AB694494.1.1375","San Pedro River","d__Bacteria","Proteobacteria","Alphaproteobacteria",NA,NA,NA,NA
"FJ716411.1.1464","San Pedro River","d__Bacteria","Chloroflexi","Anaerolineae","Ardenticatenales","uncultured","uncultured",NA
"GU127563.1.943","San Pedro River","d__Archaea","Thermoplasmatota","Thermoplasmata","Marine_Benthic_Group_D_and_DHVEG-1","Marine_Benthic_Group_D_and_DHVEG-1","Marine_Benthic_Group_D_and_DHVEG-1",NA
"MG601294.1.1531","San Pedro River","d__Bacteria","Fibrobacterota","Fibrobacteria","Fibrobacterales","TG3","TG3","uncultured_bacterium"
"EU385787.1.1482","San Pedro River","d__Bacteria","Sumerlaeota","Sumerlaeia","uncultured","uncultured","uncultured","uncultured_bacterium"
"JN825472.1.1403","San Pedro River","d__Bacteria","Chloroflexi","Chloroflexia","Thermomicrobiales","AKYG1722","AKYG1722","uncultured_Chloroflexi"
"FJ905699.1.1441","San Pedro River","d__Bacteria","Planctomycetota","BD7-11","BD7-11","BD7-11","BD7-11","uncultured_bacterium"
"EU133849.1.1377","San Pedro River","d__Bacteria","Proteobacteria","Gammaproteobacteria","Burkholderiales","TRA3-20","TRA3-20",NA
"AB530185.1.1514","San Pedro River","d__Bacteria","Desulfobacterota","Desulfobacteria","Desulfobacterales","Desulfosarcinaceae","SEEP-SRB1",NA
"FJ746215.1.1477","San Pedro River","d__Bacteria","Myxococcota","Polyangia","Haliangiales","Haliangiaceae","Haliangium",NA
"AY592110.1.1333","San Pedro River","d__Bacteria","Gemmatimonadota","BD2-11_terrestrial_group","BD2-11_terrestrial_group","BD2-11_terrestrial_group","BD2-11_terrestrial_group","unidentified_bacterium"
"FJ484718.1.1394","San Pedro River","d__Bacteria","Desulfobacterota","Desulfobacteria","Desulfatiglandales","Desulfatiglandaceae","Desulfatiglans",NA
"AB672150.1.1479","San Pedro River","d__Bacteria","Verrucomicrobiota","Verrucomicrobiae","Pedosphaerales","Pedosphaeraceae",NA,NA
"FR682646.1.1628","San Pedro River","d__Bacteria","Desulfobacterota","Desulfobacteria","Desulfatiglandales","Desulfatiglandaceae","Desulfatiglans",NA
"MG601376.1.1525","San Pedro River","d__Bacteria","Desulfobacterota","Desulfobacteria","Desulfobacterales","Desulfosarcinaceae","SEEP-SRB1",NA
"GU369877.1.1402","San Pedro River","d__Bacteria","Bacteroidota","Bacteroidia","Bacteroidales","Bacteroidetes_BD2-2","Bacteroidetes_BD2-2","uncultured_gamma"
"FJ264554.1.1523","San Pedro River","d__Bacteria","Elusimicrobiota","Lineage_IIb","Lineage_IIb","Lineage_IIb","Lineage_IIb","uncultured_bacterium"
"KY228984.1.1390","San Pedro River","d__Bacteria","Proteobacteria","Alphaproteobacteria","Kiloniellales","Kiloniellaceae","Pelagibius",NA
"LT548922.1.1362","San Pedro River","d__Bacteria","Proteobacteria","Gammaproteobacteria","Chromatiales","Sedimenticolaceae",NA,NA
"AM911370.1.1385","San Pedro River","d__Bacteria","Actinobacteriota","Acidimicrobiia","Microtrichales","Microtrichaceae","uncultured",NA
"AB806730.1.1482","San Pedro River","d__Bacteria","NB1-j","NB1-j","NB1-j","NB1-j","NB1-j","uncultured_bacterium"
"DQ363792.1.955","San Pedro River","d__Archaea","Crenarchaeota","Bathyarchaeia","Bathyarchaeia","Bathyarchaeia","Bathyarchaeia","uncultured_methanogenic"
"EF125430.1.1529","San Pedro River","d__Bacteria","Desulfobacterota","Desulfobacteria","Desulfatiglandales","Desulfatiglandaceae","Desulfatiglans",NA
"FJ560297.1.905","San Pedro River","d__Archaea","Crenarchaeota","Bathyarchaeia","Bathyarchaeia","Bathyarchaeia","Bathyarchaeia","uncultured_miscellaneous"
"DQ395035.1.1523","San Pedro River","d__Bacteria","Desulfobacterota","Desulfobulbia","Desulfobulbales","Desulfobulbaceae","uncultured",NA
"EU385790.1.1487","San Pedro River","d__Bacteria","Verrucomicrobiota","Omnitrophia","Omnitrophales","Omnitrophaceae","Candidatus_Omnitrophus","uncultured_bacterium"
"JX240990.1.1495","San Pedro River","d__Bacteria","Bacteroidota","Rhodothermia","Rhodothermales","Rhodothermaceae","uncultured","uncultured_Bacteroidetes"
"AB806552.1.1490","San Pedro River","d__Bacteria","Desulfobacterota","Desulfobacteria","Desulfatiglandales","Desulfatiglandaceae","Desulfatiglans","uncultured_bacterium"
"KX097791.1.1520","San Pedro River","d__Bacteria","Zixibacteria","Zixibacteria","Zixibacteria","Zixibacteria","Zixibacteria","uncultured_bacterium"
"AF181991.1.1460","San Pedro River","d__Bacteria","Proteobacteria","Gammaproteobacteria","Thiotrichales","Thiotrichaceae","uncultured","sulfur-oxidizing_bacterium"
"EU488314.1.1524","San Pedro River","d__Bacteria","Sva0485","Sva0485","Sva0485","Sva0485","Sva0485","uncultured_Desulfobulbaceae"
"KM454382.1.1419","San Pedro River","d__Bacteria","Planctomycetota","Phycisphaerae","MSBL9","SG8-4","SG8-4","uncultured_bacterium"
"KT952645.1.1517","San Pedro River","d__Bacteria","NB1-j","NB1-j","NB1-j","NB1-j","NB1-j",NA
"DQ395065.1.1520","San Pedro River","d__Bacteria","NB1-j","NB1-j","NB1-j","NB1-j","NB1-j",NA
"JN517970.1.1438","San Pedro River","d__Bacteria","Desulfobacterota","Desulfobacteria","Desulfatiglandales","Desulfatiglandaceae","Desulfatiglans","uncultured_organism"
"JN977255.1.1526","San Pedro River","d__Bacteria","Planctomycetota","Planctomycetes","Pirellulales","Pirellulaceae",NA,NA
"JQ407260.1.1423","San Pedro River","d__Bacteria","Planctomycetota","Phycisphaerae","MSBL9","SG8-4","SG8-4","uncultured_bacterium"
"JX000836.1.1414","San Pedro River","d__Archaea","Thermoplasmatota","Thermoplasmata","uncultured","uncultured","uncultured","uncultured_archaeon"
"EF125448.1.1512","San Pedro River","d__Bacteria","Planctomycetota","Phycisphaerae","MSBL9","SG8-4","SG8-4",NA
