SampleID	Desulfatiglans	AqS1	Sva0081_sediment_group	Nitrosopumilaceae	EPR3968-O8a-Bc78	BD2-11_terrestrial_group	NB1-j	Spirochaeta	SAR324_clade_Marine_group_B_	Calditrichaceae	SEEP-SRB1	Lokiarchaeia	bacteriap25	Bathyarchaeia	SBR1031	Desulfobacca	MBNT15	Woeseia	Marine_Benthic_Group_D_and_DHVEG-1	BD7-8	Candidatus_Thiobios	Bauldia	GIF3	Bacteroidetes_BD2-2	Candidatus_Tenderia	SG8-4	Latescibacteraceae	Subgroup_22	Zixibacteria	SAR202_clade	Dehalococcoidia	Pelagibius	Desulfatitalea	Pseudolabrys	Ignavibacterium	Amphiplicatus	t0.6.f	661239	Thiohalobacter	Kineosporia	Vicinamibacteraceae	Sva0485	vadinBA26	Subgroup_23	PHOS-HE36	B2M28	Calorithrix	Entotheonellaceae	Urania-1B-19_marine_sediment_group	MND1	Marine_Group_III	Desulfosarcina	BD7-11	JTB23	SB-5	CI75cm.2.12	Latescibacterota	67-14	CCM11a	Sediminispirochaeta	Oricola	BD1-7_clade	KI89A_clade	Brevundimonas	RCP2-54	Aminicenantales	Luteitalea	Rhodomicrobium	FW22	VHS-B3-70
S1A015	7037	5951	6123	3724	1305	1312	1756	1231	767	453	281	633	1202	535	0	0	115	354	298	734	551	287	289	12	81	144	96	1263	255	505	1326	0	91	225	235	530	52	20	234	84	87	9	45	66	8	176	10	0	103	23	0	6	29	8	99	129	144	3	37	88	48	12	30	14	38	26	0	21	133	17
S1A1530	6950	5135	5720	3166	2559	1624	2194	1061	747	483	670	2103	605	758	198	45	88	415	344	1727	1848	259	339	38	395	261	152	453	520	380	503	76	215	487	342	1087	54	417	86	273	88	408	104	41	617	377	64	12	12	369	39	3	72	62	257	44	94	22	85	70	124	65	26	14	44	41	34	24	42	8
S1A3050	5905	3439	4287	1998	2781	1481	1909	914	521	348	255	784	804	994	33	36	44	246	246	1128	255	108	147	86	188	233	158	344	503	384	230	189	167	99	184	237	84	499	194	474	70	160	76	45	200	47	111	34	17	151	36	4	66	68	118	49	47	44	109	31	160	27	23	4	13	19	6	20	46	15
S1A5075	6236	5176	3710	2752	2410	1790	1676	788	694	208	608	835	729	1216	123	88	81	358	250	1038	326	226	202	133	342	177	177	212	484	323	195	347	244	172	343	544	112	518	57	720	49	172	142	45	403	31	232	83	23	176	37	5	89	31	168	64	61	65	58	8	55	20	20	0	15	18	10	12	30	18
S1B07	12932	12881	7784	8606	2333	1358	1069	2756	2039	384	809	475	1588	188	53	61	194	912	314	494	741	576	424	105	327	260	170	437	246	259	21	11	291	319	31	84	10	59	153	205	207	63	79	197	83	95	124	27	39	13	43	0	75	95	24	69	16	39	68	19	0	9	88	32	17	82	5	73	80	48
S1B2230	8603	5620	5198	3988	3115	2124	1550	1816	1716	1132	1211	1088	518	1401	1469	1223	1507	472	685	56	393	354	592	679	166	94	264	61	112	106	327	449	434	189	177	95	382	154	17	80	128	153	105	66	128	0	68	177	76	100	68	62	25	629	98	100	66	73	58	84	104	55	31	10	28	45	84	26	8	27
S1B3040	8222	6613	4356	4444	1876	1052	1339	1595	1257	2935	715	50	217	443	935	942	2185	455	953	28	395	352	192	339	104	42	163	2	111	105	261	125	58	169	42	3	248	4	20	0	143	82	86	76	28	0	47	154	5	5	6	135	19	25	0	15	14	40	26	117	17	20	27	11	65	22	72	44	3	24
S1B6575	6772	4012	4146	2699	2662	1495	2161	1208	839	2325	674	181	698	757	1757	1747	2558	340	1330	42	259	293	631	356	158	91	184	35	113	181	266	454	135	76	365	19	560	55	13	27	95	55	97	36	73	9	29	144	34	28	15	228	27	26	20	58	23	68	53	108	56	18	41	2	19	20	60	9	13	10
S2A1727	5569	3291	4444	2190	2649	1345	1502	1144	523	1415	1618	929	480	1920	1445	1212	1139	252	714	51	269	242	424	568	390	68	250	57	55	107	190	699	298	66	253	5	136	116	13	14	114	191	75	39	167	0	111	84	38	85	231	118	38	5	45	99	67	60	58	68	11	57	27	2	54	14	97	13	0	17
S2A3545	9047	7310	5298	5334	1500	1458	1448	1920	1414	1066	757	425	249	640	651	906	562	509	257	60	433	474	556	346	100	53	183	346	152	187	295	100	95	200	264	22	112	42	154	19	156	39	111	163	29	57	37	55	46	88	61	107	59	35	17	123	37	27	70	52	46	48	30	10	22	43	54	47	48	32
S2A5060	10232	8054	7759	5643	2143	1804	1688	2196	1586	2073	1200	361	333	983	1542	1314	1330	648	561	67	522	556	424	719	195	56	213	155	155	209	344	282	190	213	174	6	246	52	54	9	192	87	132	89	37	28	59	85	78	64	114	214	53	9	10	98	50	53	67	75	75	103	35	0	55	36	78	35	6	36
S2A515	5115	3281	3838	2178	1854	1336	1300	844	414	1902	1308	1197	603	840	1006	844	906	254	394	144	215	277	285	623	200	78	279	89	89	96	76	295	340	76	163	53	157	148	7	119	171	144	37	38	83	40	96	34	61	161	319	129	29	9	50	112	32	30	40	80	4	28	36	3	64	17	71	11	2	10
S2B07	6275	5260	4523	3065	2441	1752	2504	1133	689	245	578	781	264	268	4	104	59	439	317	268	289	182	294	19	360	381	71	410	179	180	120	290	70	368	162	444	7	288	14	506	9	230	200	70	185	294	366	3	77	672	7	0	55	39	214	125	95	29	26	0	21	44	45	7	22	19	2	27	173	26
S2B1522	6532	4448	3293	2423	1866	1767	2800	1200	492	302	1316	684	348	1645	618	455	719	342	330	45	244	188	203	812	267	187	192	117	181	240	120	700	410	144	399	26	149	414	12	28	39	154	119	70	85	17	77	44	20	110	416	53	23	184	163	128	82	194	8	87	75	55	15	9	14	17	30	27	56	7
S2B3040	8798	4608	4292	3720	2411	1093	1343	1479	836	781	1128	180	476	929	970	1583	1515	414	652	59	305	345	235	710	192	87	140	50	128	333	260	518	225	90	172	17	279	139	13	18	106	86	60	75	73	32	64	26	2	32	78	323	30	673	39	78	47	75	7	65	39	36	34	10	4	19	19	28	20	32
S2B5565	6393	5081	4114	3404	1536	1015	694	1077	936	591	876	284	387	1023	1186	791	1532	393	287	11	253	282	246	381	211	80	135	21	104	102	290	469	139	144	281	0	134	110	7	0	91	119	19	81	76	0	51	28	56	41	109	160	13	12	24	62	67	38	32	28	47	39	29	6	34	35	12	40	0	26
S3A07	8878	8577	4945	6038	1060	585	657	1642	1270	97	623	25	99	404	37	202	108	522	184	92	408	285	132	80	4	86	109	30	289	82	36	190	336	251	133	50	176	592	0	53	52	82	81	91	30	71	31	0	37	54	9	0	26	14	176	65	49	34	0	7	29	25	42	13	13	65	0	42	24	30
S3A1522	6714	6143	3626	4664	1122	992	4583	1404	1012	686	1331	13	50	1267	703	708	1642	508	284	9	357	337	604	243	42	25	96	2	151	76	41	241	86	139	34	0	394	57	31	0	159	172	23	86	9	0	30	10	3	5	0	159	5	28	9	0	0	32	116	34	0	66	37	1419	15	33	38	35	13	14
S3A3040	5118	3958	2434	2799	1160	1131	2982	959	592	715	1032	28	55	716	1130	819	268	301	248	47	246	223	274	150	32	69	133	38	161	82	51	291	131	130	54	10	250	265	11	16	90	119	67	30	18	24	35	23	7	35	0	274	25	36	52	23	17	33	83	44	5	37	19	4	7	27	61	20	26	12
S3A6070	2971	3158	2114	4230	563	934	4918	1092	939	503	633	8	22	33	972	235	75	400	199	18	448	327	596	32	112	17	107	0	52	54	7	26	40	77	3	0	48	0	18	0	138	42	0	64	2	3	14	3	0	0	2	205	19	16	0	0	0	0	65	9	0	0	34	18	5	7	35	29	10	22
S3B2030	9478	6518	6502	4255	2305	1798	1435	1531	1276	2130	1655	371	546	931	1749	1936	1947	481	475	43	410	320	484	658	204	72	298	17	97	229	238	398	165	186	220	6	144	55	16	0	141	112	70	108	98	0	88	107	52	13	88	110	62	13	5	108	51	56	43	58	31	69	39	10	101	35	68	30	5	24
S3B3545	8686	6792	7328	4967	1700	1282	1080	2254	1406	1636	1298	231	407	676	1556	955	1700	759	329	21	392	413	382	546	211	84	224	34	517	154	218	401	143	170	183	2	157	32	10	7	139	48	54	70	55	0	65	185	26	20	45	72	31	9	3	76	37	47	43	32	27	62	45	13	78	45	66	40	2	39
S3B515	5683	3909	4337	2754	1514	1085	954	1098	654	1542	860	331	449	534	904	688	775	293	285	18	229	230	270	416	176	64	176	42	98	67	110	150	99	87	111	18	88	53	11	9	31	99	72	33	29	11	12	67	67	24	38	67	23	14	10	95	23	36	33	57	32	40	35	10	106	23	61	20	0	27
S3B6070	23895	19735	14158	11854	9170	3176	3858	5170	4366	3867	2515	174	885	1841	3183	3392	3913	1441	1650	78	1208	1016	836	1129	287	141	576	116	352	356	927	705	292	549	398	4	691	71	16	16	391	175	211	191	113	10	50	1784	1144	57	30	643	27	289	6	161	94	145	111	113	217	109	130	32	219	119	103	90	38	82
S4B07	10159	6118	5770	3514	2388	2965	2439	1578	696	468	462	2036	5272	619	19	26	72	400	362	537	335	363	708	43	814	1048	106	918	283	293	529	2	420	190	245	919	3	75	260	458	140	70	269	178	36	266	318	16	237	164	15	7	189	21	25	93	29	9	60	44	28	20	19	0	62	18	17	21	12	25
S4B1522	4659	3808	4496	1960	2181	1865	1126	690	469	204	405	2912	420	350	270	82	66	265	301	387	207	206	265	11	697	162	314	200	229	141	466	66	169	145	242	693	50	129	82	340	69	183	113	72	173	39	229	30	47	235	89	6	83	20	117	105	42	2	12	10	6	46	22	3	43	23	27	21	12	10
S4B3040	8099	5933	4464	3973	2443	2691	1334	1343	962	321	828	1896	465	1246	522	371	159	475	422	318	340	374	253	311	801	247	403	176	256	162	113	325	349	137	360	382	334	136	35	605	68	294	98	68	382	27	192	21	76	369	161	0	125	34	113	182	122	28	14	27	33	58	31	6	24	18	94	27	24	24
S4B5565	7784	5404	4265	3384	2411	2226	1404	1211	980	433	895	1110	881	1624	670	264	1074	479	448	191	259	304	418	550	538	317	295	216	170	505	225	249	286	141	309	221	255	139	49	278	112	141	137	64	175	44	223	33	87	249	120	38	49	18	54	244	170	46	31	39	28	46	23	4	16	14	105	22	8	21
S5A07	13308	13519	8556	9354	1395	765	1228	2889	1934	327	800	192	2952	575	5	0	216	928	364	764	644	540	230	13	46	254	181	166	333	334	110	0	96	342	34	179	15	4	193	133	217	21	20	201	0	150	11	0	64	7	4	0	14	22	124	0	0	0	194	23	0	2	83	18	98	105	0	76	23	54
S5A1522	9874	9308	5963	6785	1537	873	1350	1708	1335	361	501	487	4025	344	10	0	189	577	168	977	531	375	196	14	247	237	158	101	186	299	243	5	242	264	44	228	44	10	76	154	146	10	34	144	22	0	68	9	134	36	10	5	76	0	44	24	0	10	16	41	54	2	40	8	38	77	12	47	8	50
S5A3040	12122	11275	7641	7191	3743	1505	1965	2009	1624	423	665	1162	841	416	80	81	154	688	252	600	990	381	268	30	576	198	195	268	356	287	511	47	251	336	332	461	74	285	77	570	176	38	152	176	195	52	184	25	136	173	55	2	84	18	81	139	85	15	44	34	62	75	43	18	36	69	11	70	11	33
S5A5565	4071	3282	2515	2633	2304	787	1029	839	975	112	549	1278	61	887	481	175	81	259	212	280	247	157	110	145	170	99	86	27	84	89	101	178	82	78	97	6	285	183	0	22	108	65	63	31	10	0	27	7	332	9	96	4	0	0	46	64	78	45	44	13	101	52	29	9	3	9	16	9	12	13
S5B07	10351	8852	6079	5756	1834	1787	1694	1922	1154	358	512	815	3418	378	22	5	140	732	260	523	637	405	386	16	563	669	140	483	202	285	197	9	286	193	107	341	3	45	99	422	159	16	129	150	34	190	181	12	164	63	9	6	85	9	0	22	11	11	57	18	17	6	44	13	18	49	11	37	9	32
S5B1522	7466	6159	5136	3595	2329	1533	1321	1358	822	226	417	1011	1696	530	157	47	90	412	189	502	539	262	231	164	374	322	179	267	182	141	308	71	186	150	103	396	82	148	102	315	90	59	141	124	153	33	186	31	129	132	147	0	52	22	45	99	56	42	14	36	36	27	29	3	22	31	26	18	11	16
S5B3040	9579	5174	6445	3543	5550	2838	3331	1765	922	1373	1640	1457	2214	1747	826	700	602	485	390	1134	507	323	474	726	558	552	279	478	277	324	320	629	450	131	240	317	188	316	155	313	114	195	188	148	231	68	150	40	219	166	217	67	114	85	130	182	175	196	67	120	55	72	35	8	41	27	47	36	16	24
S5B5060	7352	5190	4731	3219	4095	1691	3035	2282	2105	668	1332	236	383	886	1802	1907	507	444	1415	692	376	249	282	568	125	152	180	65	147	135	505	236	153	133	119	44	656	74	29	31	173	114	138	76	87	16	176	13	608	130	49	37	30	75	6	46	51	131	58	222	159	73	31	7	21	32	48	30	3	20
S6A07	10178	6312	5963	4418	2665	3190	2096	1287	829	2462	588	543	238	212	688	249	57	461	558	844	312	637	573	1150	230	623	269	545	336	406	5	0	265	155	10	17	17	30	762	11	77	49	144	122	24	205	89	37	36	5	75	13	142	151	74	8	28	190	35	9	68	53	22	18	18	62	61	35	38	17
S6A1522	6193	4322	3387	2982	2744	4690	2038	938	853	2867	399	792	216	106	602	59	64	354	416	419	259	659	437	1034	29	197	432	86	438	326	24	17	84	119	44	7	202	134	379	19	56	64	163	149	145	20	22	134	0	8	370	83	143	29	81	14	21	7	11	6	11	9	13	4	12	48	45	16	0	9
S6A3040	8999	8179	5375	5695	2993	1663	1285	1628	1452	734	740	1114	123	152	546	1450	113	672	330	275	467	617	484	191	29	236	451	42	123	246	58	271	52	193	166	0	119	407	123	2	176	94	144	293	17	15	23	122	0	12	261	63	133	7	34	3	86	13	0	15	0	48	66	23	4	36	12	37	0	25
S6B07	14405	11648	8189	8290	2384	3175	1794	2928	1617	1108	965	1128	230	420	403	607	182	865	792	1413	869	448	482	393	288	892	256	1020	296	230	11	5	202	261	0	24	0	27	657	0	146	69	118	156	9	128	7	6	28	0	10	17	81	248	183	0	5	64	122	0	40	0	96	8	30	72	20	45	175	40
S6B1522	9481	7143	5765	4867	1659	4857	1731	1743	1114	2368	484	1420	191	114	797	9	111	589	776	640	486	902	528	176	133	179	278	119	258	184	9	7	240	160	30	14	38	73	531	11	68	39	90	88	73	0	18	62	30	10	227	13	128	78	38	16	29	36	10	48	71	11	34	6	13	35	23	43	3	29
S6B3040	7632	6424	4383	4022	2652	2739	1672	1395	1071	1880	574	823	189	243	504	91	146	546	474	566	359	604	443	617	69	235	213	135	217	121	9	231	94	186	89	11	41	103	381	11	96	91	203	113	56	3	9	196	22	0	182	59	134	50	181	0	11	21	0	22	10	36	34	18	68	32	25	42	2	22
S7A07	9207	5638	5092	4021	2252	2442	2167	1751	839	780	681	351	250	927	173	65	80	421	522	2151	323	358	623	160	662	572	147	478	200	154	44	0	139	232	0	30	5	22	283	150	149	46	90	87	120	1393	145	10	39	8	2	13	68	86	164	19	8	58	3	24	5	6	84	4	11	37	22	25	44	15
S7A1522	5132	3569	3822	2438	3825	4324	2193	736	555	1924	403	751	60	234	549	405	135	342	417	393	183	414	569	428	67	341	436	43	130	84	80	64	59	116	161	4	146	89	450	0	90	113	171	164	177	6	166	193	14	28	63	39	236	35	0	21	52	71	20	21	35	71	16	4	105	16	33	18	0	9
S7A3040	7547	5605	4373	3895	4912	3284	2842	1275	1030	1474	920	2167	132	338	413	1412	113	373	714	454	293	982	487	314	104	477	589	107	251	111	178	170	88	138	225	0	163	337	127	6	85	392	210	133	80	24	111	182	29	48	181	129	203	38	18	32	130	7	72	20	9	67	27	9	51	34	23	28	5	36
S7A5060	2363	1645	1469	1175	1279	574	656	324	250	342	160	584	238	206	739	1187	289	129	194	16	87	366	108	151	24	144	189	17	37	10	17	181	32	31	31	0	31	96	37	2	60	39	52	28	53	14	24	19	6	17	5	44	7	2	0	15	64	14	96	13	0	23	8	2	0	5	0	12	3	0
S7B07	7318	5563	3954	3025	1434	2103	1494	1383	609	502	423	537	201	452	290	86	70	394	262	1059	297	225	302	93	300	374	151	394	138	75	0	0	47	175	2	3	0	0	218	63	120	0	25	79	18	381	94	2	8	0	0	16	31	52	147	11	12	96	20	0	23	0	39	0	28	18	35	18	68	15
S7B1522	7332	4755	4826	3102	2350	4099	2056	1401	815	1501	451	669	107	294	749	296	138	374	498	1086	310	379	442	273	243	407	315	319	188	529	10	11	157	147	110	4	56	89	535	42	190	43	101	109	107	266	318	51	11	19	80	38	104	62	74	35	15	92	18	22	74	52	20	5	23	29	37	9	43	18
S7B3040	10580	9795	6456	6867	3647	4427	1631	1932	1710	1596	766	1770	130	270	663	1035	200	645	557	671	433	816	571	212	126	284	476	83	252	167	165	47	119	265	139	0	91	102	201	15	178	144	42	198	19	142	49	33	10	15	65	50	270	25	22	12	57	8	13	8	21	69	70	27	14	62	3	61	12	51
S7B5060	8884	7870	5167	5554	2561	1818	925	1376	1346	918	730	965	104	285	747	1332	564	614	281	258	368	803	342	206	54	231	318	72	258	122	31	72	103	202	81	0	41	131	134	5	147	70	76	114	53	26	46	40	13	6	21	41	86	37	20	13	88	31	125	3	5	41	54	13	21	26	0	25	15	29
zr2502_11_R1	32	438	130	0	256	74	126	13	0	76	72	0	24	74	19	0	0	30	11	33	0	0	30	0	39	0	0	0	94	0	0	0	35	0	0	0	0	0	0	0	0	14	0	0	0	60	0	0	0	0	19	0	0	0	0	16	7	0	0	0	0	0	0	0	0	0	0	0	0	0
zr2502_12_R1	192	1450	37	0	100	24	154	125	30	56	106	102	145	115	187	72	0	12	87	0	0	20	33	68	29	0	0	0	7	0	0	0	38	0	30	30	27	0	36	0	60	0	15	0	0	25	0	0	0	55	0	12	0	0	0	7	24	0	0	0	18	0	0	0	0	0	0	0	4	0
zr2502_13_R1	128	784	36	0	294	62	155	42	22	51	35	155	0	96	0	54	0	0	0	13	0	0	7	37	0	129	0	0	48	0	0	0	31	0	0	28	0	0	36	0	0	0	39	0	0	0	0	0	0	0	0	13	22	14	0	0	8	0	0	8	0	0	0	59	8	0	0	0	0	0
zr2502_14_R1	71	33	28	0	264	172	255	25	76	39	32	34	31	28	22	0	354	0	153	0	24	0	63	0	0	87	11	0	32	46	0	0	0	0	0	0	0	3	0	163	0	0	0	0	0	0	73	0	0	0	0	15	29	0	0	0	0	43	44	0	19	0	46	0	0	0	0	0	0	15
zr2502_1_R1	35	205	117	0	295	202	208	0	0	92	0	0	0	18	19	0	13	48	15	77	42	0	47	25	23	0	0	0	38	22	0	0	16	32	0	0	0	24	0	0	0	19	0	35	11	29	0	0	9	0	0	24	0	0	0	0	0	0	3	0	6	0	0	0	0	0	0	0	0	0
zr2502_33_R1	1712	443	53	996	121	150	32	0	7	111	50	0	56	33	15	26	0	0	29	31	0	0	0	0	0	0	39	0	0	0	0	0	0	0	0	3	0	0	0	0	0	0	0	0	0	63	0	14	24	19	32	0	0	0	12	0	0	0	0	0	0	0	0	0	0	0	0	14	0	0
zr2502_34_R1	174	4973	75	0	141	47	102	1502	154	0	341	0	208	271	313	63	0	14	62	0	0	0	47	61	28	39	43	18	77	10	0	0	62	0	73	198	14	16	0	0	97	11	0	3	0	52	0	0	0	0	0	38	0	7	0	0	46	11	0	0	0	15	0	0	11	25	0	0	19	0
zr2502_35_R1	1655	557	15	1860	109	40	68	13	22	39	42	0	48	23	24	3	0	0	15	9	0	0	0	4	0	0	86	0	0	0	0	0	0	53	0	30	0	0	0	0	0	11	0	0	11	0	0	32	13	0	0	0	0	0	0	0	0	0	0	12	0	0	0	0	0	7	0	4	0	0
zr2502_36_R1	107	3266	4	11	35	39	19	11	99	0	214	0	28	193	10	0	0	0	0	0	0	0	0	53	0	0	14	0	3	124	0	0	32	0	47	125	0	0	0	0	0	0	0	0	0	0	0	0	0	31	0	0	0	0	0	0	5	0	0	0	0	0	0	0	0	0	0	0	0	0
zr2502_37_R1	1505	286	373	1479	74	155	75	0	0	58	11	16	0	16	0	0	343	0	33	0	9	51	0	0	0	0	224	15	0	0	26	0	0	0	0	0	0	0	0	0	0	0	0	8	0	0	26	0	0	0	0	28	0	0	0	0	0	0	0	0	0	0	9	0	0	0	0	0	0	0
zr2502_38_R1	367	150	2081	928	305	590	201	9	19	135	12	152	83	44	48	0	217	7	80	59	23	0	0	29	0	0	133	38	18	0	0	29	3	93	0	0	0	14	63	23	81	0	0	0	18	0	0	43	0	32	0	18	0	0	0	0	0	0	0	0	0	0	0	0	0	0	23	4	0	0
zr2502_39_R1	1581	78	325	1610	212	187	30	19	85	9	0	35	21	0	0	0	41	0	32	0	0	0	0	24	0	0	14	68	0	128	18	0	0	0	26	0	0	0	0	0	77	0	18	0	0	0	0	0	25	0	0	0	0	0	0	0	7	0	0	0	0	45	0	13	0	17	11	0	8	0
zr2502_3_R1	115	417	30	0	290	108	249	47	46	24	63	0	34	86	0	35	37	0	40	0	0	91	61	15	0	0	0	0	21	6	0	37	0	69	8	6	0	0	34	113	53	25	7	0	19	51	19	27	0	0	0	92	0	0	15	0	18	0	0	39	0	0	0	0	0	22	0	0	0	14
