SampleID	Desulfatiglans	AqS1	Sva0081_sediment_group	NB1-j	EPR3968-O8a-Bc78	BD2-11_terrestrial_group	Spirochaeta	Lokiarchaeia	Calditrichaceae	SAR324_clade_Marine_group_B_	SEEP-SRB1	Bathyarchaeia	bacteriap25	SBR1031	MBNT15	Desulfobacca	Bacteroidetes_BD2-2	B2M28	Woeseia	BD7-8	Marine_Benthic_Group_D_and_DHVEG-1	Pelagibius	Bauldia	Calorithrix	Zixibacteria	Candidatus_Tenderia	S085	SB-5	MND1	Dehalococcoidia	Subgroup_18	Desulfatitalea	Pseudolabrys	GIF3	Subgroup_22	SAR202_clade	AT-s3-44	Ignavibacterium	t0.6.f	661239	Thiohalobacter	Vicinamibacteraceae	Sva0485	SG8-4	Subgroup_23	vadinBA26	Candidatus_Thiobios	Sediminispirochaeta	Urania-1B-19_marine_sediment_group	Entotheonellaceae	MBMPE27	KI89A_clade	SPG12-461-471-B8	JTB23	Caldithrix	Aminicenantales	Methyloceanibacter	OM190	Haliangium	RCP2-54	UASB-TL25	Latescibacterota	Pla3_lineage	MD2902-B12
S1A015	4.27603634464086	4.126070677054931	4.33117617233322	2.9345646414941235	2.57504114364316	2.405318178685527	2.550982244635467	1.5053258285444917	1.164687883515576	1.8231495060876322	1.215331616334331	1.479593414578014	2.5271618165166805	-4.565411899457998	0.3545690263701271	-4.565411899457998	1.5122303438910363	-2.1675166266596273	1.306705890017418	2.0344585997548386	0.9193850340326568	0.5644868154650755	0.5525819129587575	1.6371236177299249	1.187160739367635	-0.15869265219374462	-2.0805052496699976	-0.47106733723589755	-1.3073153614365158	2.625264134874209	0.3173900231283726	-0.0436233224089575	0.8551230998142882	0.9875476854636194	0.21371159365353165	1.628993491646674	-1.6750401415618335	0.8984199055676125	-0.595119985905876	-1.520889461734575	0.894173614686161	-1.474369446099682	-4.565411899457998	1.6207967244424957	-0.36071928006703224	-0.7367705029689029	1.8010585482734403	-4.565411899457998	0.07897899968337452	-4.565411899457998	-1.0100638379685845	-2.1675166266596273	-1.6750401415618335	-2.3681873221217784	-1.5696796259040071	-1.0689043379915177	-2.0004625419964612	-1.3465360745897974	-1.6209729202915577	-0.9018502533283517	-0.5764278528937234	-1.3465360745897974	-1.6750401415618335	-0.15869265219374462
S1A1530	3.6576295175294504	3.266413947869374	3.6660208084091703	2.3649082367324787	2.3900101940845673	1.9376240812296741	1.690293304301461	2.3071571801117754	0.9646073679547422	1.0395487892468607	1.3276820234477782	1.5467577725426631	1.129264088568891	0.015688927224069005	-0.2940092757920869	-1.4489745010113282	1.3713686525243531	-0.3649610117643709	0.75306936276084	2.1771040518635774	0.9369922009217682	-0.046507280645836424	-0.02012052547264176	0.8982513726053378	-0.8002790830222164	0.7037983137540573	0.38186631825919815	0.7626388137769906	0.8271773349145617	0.9449603705709455	-0.07360921042362811	0.09766251018374206	0.9126995083527243	-0.43342881104183206	1.2677337628339966	0.4938252256295925	-0.4024185742992721	0.5601145496655162	-1.270282712267952	0.7578655350243331	-0.8117077788458396	0.5275190714160649	-4.179003608832313	1.3816780221832143	-1.5399462792170548	-0.6236555473429002	-1.0435093929031636	-1.9817790314960941	-2.7126665400388865	-2.7126665400388865	-1.4489745010113282	0.32080606149795177	-1.781108336033943	-1.1344811711088907	-2.1421216815712736	-1.9817790314960941	-3.33170574844511	0.16912147416588663	-2.3872441396042587	-1.4709534077301036	-2.505027175260642	-2.0587400726322227	-0.9081680450334018	-1.6400297377740376
S1A3050	3.77631016853592	3.2551313478067403	3.6588507470048803	2.6267043579279656	2.704774885284113	2.114970056225757	1.9308286627148163	1.8260751273487674	1.0547039725659966	1.0307984517124416	1.6398625150618455	2.104919720372256	1.802746874857859	-1.361734877944543	-0.8105579586549849	-1.2771774899164803	1.7699156433100436	0.7643937777079461	0.6212929340672728	2.140992161588957	0.995226985927574	0.732305463156445	-0.5313865758711129	0.1808087996595269	-0.25336641433106877	0.35365161249893795	0.10911687120341007	0.6531681425977212	1.0907903623404174	0.5543223079610886	0.1225398915355509	0.23586857684255413	-0.2829252165726128	-0.44544414607038796	0.09551121914763172	0.8289322988455172	-0.005293479974334048	0.3322604225176198	-0.44544414607038796	1.3265126958614868	0.3849041560030422	0.2880543300131242	-4.888095402560705	0.06773165504055623	-1.0594540060716096	-0.5442899807070205	-1.0168943916528135	-2.1800452014584946	-1.99772364466454	-1.3327473410712911	-1.9436564233942644	0.6413336849507187	-3.0963359333326497	-0.653988897963445	-2.323146045099168	-1.6299988645392225	-2.490200129762334	-1.1039057686424436	-1.7970529492023886	-2.249038072945446	-3.7894831138925946	-2.4031887527727043	-1.1745233358563967	-0.7292123192010331
S1A5075	3.7627558436420516	3.5044263941859954	3.4404157100234274	2.345092898005717	2.348166985886139	2.2094480843761666	1.6232116981299676	1.8276774645606704	0.6792931248712906	1.3240572245159505	1.3068154180814444	2.1453795984998933	1.5454899114265306	-0.2272730571108692	-0.20336753625731507	-0.5589182529837666	1.136594268221577	1.0185534673878411	0.8357677657723723	1.898459368383321	0.9414067941739575	1.0639127167867724	0.052311805108292475	1.838977019814604	-0.38411552860383935	0.7901758244500332	0.4658741234490762	0.5054049622057111	0.6727571538915056	0.23056003651461054	-0.6408353754516529	0.45370358782882114	0.10573697178187302	-0.5589182529837666	0.008691182632401429	0.5978922749273314	0.1941923923437363	0.7930870346574919	-0.32016680400356545	1.2043492604499821	-0.9871116121694872	-0.030274785900981982	-2.339504421613696	0.37739539476549666	-1.2189132262268112	-0.0847099924559993	-1.0585705761516317	-2.1571828648197418	-1.8695007923679605	-0.6167378238725929	-1.7517177567115771	-0.05034234895179157	-3.101644473660593	-1.5818187199161797	-2.7449695297218604	-1.4922065612264928	-3.4381167102818058	-1.4099684629895206	-1.436636710071682	-2.274965900476125	-5.047554622715906	-2.562647972927906	-1.3098850044325379	-1.7894580846944241
S1B07	4.529749945333359	4.50597034820076	4.106889104846562	2.621552048490001	2.546775640255163	2.53570132995607	2.9642824921177215	1.8645814717144154	0.826209263423662	2.4953664105593845	1.8108772927425543	0.25731983870291053	2.413244247630641	-0.9686318723418008	0.6555121874819951	-0.8304815338609837	0.587561525573487	-0.8144811925145428	1.8591199616888927	1.246941843662615	0.9088521380272212	0.7293594374337449	1.238828208888445	-1.5564185372439199	0.8200364043165811	0.8353976894780688	-0.9322642281709257	-0.42501642575281906	-1.9130934811826523	-1.8665734655477593	-0.023141985775383844	0.7191378833622064	0.8107050768876967	0.595343666015542	0.3356889058184169	0.5436422916386521	-0.8632713566839749	-1.4918800161063488	-2.5597206461077047	-0.8632713566839749	0.07933668350755418	-0.24808571759374143	-4.957615918906075	-0.4578062485758103	0.33065111178845985	-0.5755892842321941	-1.346698006261851	-0.9686318723418008	-1.268736464792139	-1.6254114087308715	-0.5631667642336362	-1.7387400940378748	-1.8665734655477593	-0.39326772743823923	-1.9618836453520845	-0.6401278053697652	-1.0455929134779294	-2.2495657178038653	-1.2440438522017674	-2.067244161009911	-1.0063722003246478	-1.0257902861817496	-2.013176939739635	-1.4022678574166618
S1B2230	3.6372217382502114	3.0563577125443064	3.1149186096016273	1.8522069881040322	2.2177393858768255	1.9407000663574836	1.9270349179384025	1.5813847543397959	1.5585760581324788	1.7916935700686407	1.4945147500796025	1.7432814062817092	0.6739967327081198	1.7151105293150133	1.7796490504525844	1.5319723126145028	0.8614432206423297	1.0554112828226083	0.581188238034164	-1.5348558826232184	1.0852255455330342	0.7937046967740882	-0.22132087578575632	0.24217577989459294	-0.8865592682286252	-0.4599133380410132	0.351681992932126	-0.2548971713193602	-0.26963945305656356	0.2151064579263755	-2.176709768795613	0.49743888063091557	-0.3308830782972825	0.10906820588205157	-0.490310815225385	-0.952934337173498	-0.6291472600796002	-0.3961236001656836	0.370127838722877	-0.5344820335385219	-2.687535392561604	-0.4965027854733055	0.22118550400275705	-0.8072225259921035	-1.373214531066803	-0.9144680563457017	-0.6080938508817679	0.6623686947130007	-1.2341017286040845	-0.3961236001656836	-1.5889231038934941	-1.0670476439409189	-1.089270780725629	0.8678126689278098	-0.6800673505068575	-1.8643350837534607	-0.4304126736443159	-1.646081517733443	-1.8167070347642063	-2.2106113204712945	-2.7446938064015525	-2.112171247658042	-1.6860868523471422	-2.9388498208425102
S1B3040	4.211491428381944	3.930141730867831	3.5831822790488808	2.639789617396935	2.51407687289021	2.3170685523885464	2.5084536153358483	1.0276006715909443	2.8179817808488785	2.1243747244473035	1.9039872612350734	1.2379910697410788	0.5176929001151827	1.9748133138036854	2.8474289821751793	1.9822641199595514	0.6096613892576048	-0.16632179688148963	1.2556906468404803	-1.499506332687432	2.135353791729715	0.72044649572634345	0.6900258990256312	-2.6695775853376866	-0.1132119715675417	-0.21284181251638312	0.2083716525599204	-1.1291325443905378	-1.4010662598741797	0.7015423410871904	-2.03358881861769	-0.7892647187681865	0.26899627437635587	-0.5229967408202221	0.02354696554784752	-0.2516816458326465	-2.381895512885906	-1.1056020469803438	0.6506507337908012	-3.2573642502398057	-1.8222797249504832	0.4897841119981061	-0.5229967408202221	-1.6479263378057056	-0.5229967408202221	-0.4008940440193225	-1.6887483323259604	-1.17792270855997	-3.0750426934458512	0.17662295424534058	-1.3404416380577446	-0.8965102491217842	0.2083716525599204	-1.608705624652424	0.11680445903443015	-1.3114541011844927	-0.3342026695206499	-2.4689068898755355	-1.0166545609638478	-0.677147420647481	-1.6479263378057056	-1.6479263378057056	-1.9764304047777417	-3.0750426934458512
S1B6575	3.7587473442972676	3.0687199017140596	3.1997875091567654	2.396532679686043	2.3891851080556483	1.8788510055578476	1.8689743820619356	0.7010146748370376	2.492774144065092	1.3848097498267027	1.4320006812868291	1.413912332814399	1.3210762736809532	2.243357609692265	2.6308386861407262	2.2376530876626237	0.5428666545771588	0.3918263971642926	0.6033080087306599	-1.4673743528592946	2.0298376820424497	1.1064797829452022	0.01844960360762915	-1.316551463124711	-0.6036016552685863	-0.1596702663326255	0.37722759774314074	-0.6036016552685863	-0.9944679639555973	0.35867418984739263	-1.4673743528592946	-0.31591958281680466	-0.8847690466991729	0.16505307779950495	0.23101104559130192	-0.8465478338789758	-1.7945872640677107	0.6740588648485089	1.101146436969839	-1.2032227778177074	-2.5895171389375986	-0.035617617662646595	-0.12870804072865827	-1.3784268668427986	-1.6176565559086327	-0.6436069898822847	-0.8097338607562587	-0.3765442046332401	-1.6732264070634435	-0.2518407261322828	-2.0930802526237073	-1.8273770868907016	0.8069069639718993	-1.9327376025485279	0.6903193857202892	-1.7628385657531305	-0.4664005337551007	-1.6176565559086327	-1.8273770868907016	-2.232842194998866	-1.0854397421613244	-2.3382027106566925	-2.137532015194541	-3.0313498912166374
S2A1727	3.5139794451770303	2.8167397996404127	3.1556392219192357	2.11075233260729	2.3532760992390367	2.01458024300387	1.7606491538317925	1.6557737218604123	2.0077821202900488	0.8355864358848004	2.2760059808890967	2.2775697028652795	0.8933565079492132	1.9940456405621623	1.8117240837682074	1.8183411467875024	1.188288741626054	0.5782754613093175	0.25087872657097243	-1.3312670435751204	0.9200247550313749	1.3651776114067813	-0.36985587642049556	1.833883381936917	-0.2718754680602924	0.6861967978288179	1.1160841723786596	-0.14084720565388764	0.7089537849514338	-0.030237334109918024	-0.8880616074841088	0.41793281123413895	-1.0778181427655822	-0.12921916765876862	-0.18264433433234917	-0.6673902453152882	1.3767831575270897	0.2548235048619887	-0.36252983632842284	-0.5203368273587916	-2.6434534325412895	-0.7181625706887118	1.1094063512360544	-1.8813133804943925	-1.5936313080426117	-0.9517774218702169	-0.3921616339347942	-0.5820303963641313	-1.6189491160269016	-0.8398595056662312	-2.104456931808602	-1.312218848604426	-0.5551229434442071	-3.490751292928493	-0.7181625706887118	-2.1470165462273982	-0.805173947678341	-1.9866738961522188	-2.286778488602557	-1.2751775769240767	-3.0852861848203283	-2.574460561054338	-1.6715928495123236	-3.896216401036657
S2A3545	3.810606565568116	3.5294083320203358	3.30698261901824	2.1913112451704038	1.8416132463299295	2.250032566335525	2.192874152495577	1.2523461962573759	1.6434869770773872	1.7029970969872963	1.4588182132836138	1.0999717158313738	0.15373390758926586	1.112317551653673	1.045731946894377	1.442415439842156	0.8937646740480618	0.23439181060672087	0.866683715445391	-1.2568531460996688	0.3427000071018895	0.3558580916794005	0.40059398552079184	1.2003509011389957	1.057142013632408	-0.7526064934317205	-0.500192559817398	-0.47737788205122644	-0.492529687071829	0.32263244405107994	-0.6855957831487602	-0.8033788188051441	-0.06442210221390443	0.5591990156974305	-0.6855957831487602	-0.29255319503915356	-0.2678605824487814	0.21200281571324187	-0.6403391915606393	-1.6065268945794178	-0.3243018933537334	-1.036993669986649	-0.9250757537826635	-0.3243018933537334	-0.2678605824487814	-0.649228138977886	-1.1336205056757205	-0.3243018933537334	-1.5175794085629217	-1.3423753195378305	-0.973277855600541	-0.9369102114296668	-0.19157727769915134	-1.7842080718168702	-0.6055530754752239	-0.8903901957947733	-0.9488864024763819	-2.65967680917077	-1.1050471332316647	-2.2322327943438305	-1.9337398057878339	-2.071890144268651	-1.8413664856568186	-1.9337398057878339
S2A5060	3.850365637902538	3.4287681683531	3.4596940577380284	2.1227170391350416	2.0215234079046063	2.2722742336231097	2.1295679451266354	1.0345903719548621	2.1028135818244316	1.6631083243156297	1.712658445687687	1.4323158557239521	0.24586086571872645	1.7762037251051863	1.6753695669974915	1.6163118173538908	0.9582821788915377	0.4915038859706504	0.910152589446116	-1.3457724220818674	0.6229839958246153	0.6827627472504547	0.2897917949444526	0.5214945996543321	0.2307776235073975	-0.28716546802745757	-0.10569461311381545	-0.48387576227351126	-0.5546448331617189	0.2782642897733858	-0.9701602771233846	-0.3130066992113445	-0.1993041122361232	-0.2719753025334821	-0.6094530696567135	-0.355793974416553	0.09071168356187798	-0.4004941533344599	-0.05589179062999694	-1.5949882137058524	-1.5579469420255032	-0.49637592503774286	0.5572126822564121	-1.4381457422128827	-1.0654704569277094	-0.6749309990362207	-0.9803126485874021	-0.6824782046716038	-1.1958322747909529	-1.110932831004467	-1.134463328414661	-1.0009319357901383	-0.3025899383530888	-3.2626950342639285	-0.9305511390283385	-1.3311736226607147	-0.8290816788634787	-2.009932065768561	-1.5949882137058524	-1.5399284365228247	-1.95436221461375	-2.164082745595819	-1.7586176374876548	-1.6140364086765469
S2A515	3.387324484506072	2.872302922813489	3.1934675072974787	1.941588126224298	2.0966216134361924	1.9228668306160897	1.5154312785206265	1.8769465601075028	2.35270441813649	0.6196390681948127	2.0779169933013844	1.5365093422468803	1.1796688490982676	1.6908255438820152	1.6293937443495308	1.5154312785206265	1.378682543352789	1.008542667713975	0.31735819632187834	-0.24717160641597324	0.3818967174594503	0.7030206771338632	0.11363273086477044	1.4468609720093264	0.007203268018039388	0.07939955922252828	0.04395281022678077	-0.8931720085502164	0.6814564992180232	-0.8800999269828633	-1.234921302272273	0.6079771284469695	-0.8800999269828633	-0.6389378701659751	-0.09994136943328868	-0.8050647410399492	0.059298379901441045	-0.1240389210123487	-0.16131031580958055	-0.21995904289108825	-3.1444638071567117	-0.7465685343583406	0.3818967174594503	-0.8294561941641083	-1.5603437027069011	-1.5863191891101618	-0.7352689791044078	1.1911916103350482	-1.0967709637914558	-1.668557287347134	-0.8171861015722941	-0.7930885499932341	-1.0043976436604405	-2.9213202558425015	-2.1793829111131244	-1.4397157149182864	-1.0807706224450149	-1.668557287347134	-2.279466369670107	-1.0495180789409106	-2.5158551477343374	-2.333533590940383	-0.7130458423196977	-1.462705233142985
S2B07	4.118940904330535	3.7650258955246434	3.9369661853133584	2.405549831754036	2.8225445659262904	2.2853582724692316	2.230455978081534	1.9757343914790138	0.8973930671845238	1.5770720306936017	1.600523691728652	1.2837242207061434	0.776679319780059	-3.1936125937720625	-0.02392701309463341	-0.14909015604863995	1.2057626792364315	-1.4357546762196889	1.2837242207061434	0.791660873395676	1.0968468473763284	1.193401582412858	0.11693041962196205	-0.8712248734818373	0.42269616750703864	1.0858274521267175	0.15979412405374394	-0.28126192915712256	1.7263683320560625	-0.0072599606094216895	-0.032365881740497926	-0.5403706291648476	1.107746137834364	0.048979757713453864	-0.032365881740497926	0.12420317895104205	0.2658536960140685	0.2906996946005993	-2.7236089645263273	0.8633761819062693	-2.095000305103953	-0.3371423875515793	-2.8571403571508496	0.505217191195042	-0.5403706291648476	0.5002544018529127	-2.1639931765909046	-2.030461783966382	-0.44634167951657133	-3.4167561450862722	-1.6675562902770134	-0.44634167951657133	-1.75852806848274	-1.1141710520922268	-1.9698371621499469	-1.3065429447396828	-1.507213640201834	0.12420317895104205	-1.9698371621499469	-1.6675562902770134	-1.4708459960309592	-1.4708459960309592	0.13142342692452846	-3.1936125937720625
S2B1522	3.720483718843207	3.199861331491819	3.0547355124713746	2.6471892381593864	1.9764454665956785	2.011721169186119	1.8903365227657618	1.514810087020459	0.895251263118003	0.7983632626324608	2.2843569839754396	2.236043965920005	0.6544986228882053	1.2275319733703745	1.3992971998986148	0.9219195102001647	1.5656184153461288	1.1129747469628732	0.6371571478517177	-1.3719319028251267	0.6165378606489824	1.5184398550710378	-0.3407608949525498	-0.6787847222651813	-0.1766927784679453	0.3904136811966348	1.373106867646424	0.7343208963053662	0.6855307321359341	-0.4047827537174804	-0.995880679923256	0.8180199151820124	-0.22383955689364754	-0.8567678774605376	-0.7579220428239051	0.28422363417643304	0.0034333877625734033	0.79089124779376	-0.18993800521796622	0.8277052209164761	-2.635623941852685	-0.18993800521796622	-0.12539948408039514	-0.49104309800188783	-0.9378934222729063	-0.41308155653217593	-0.4047827537174804	-0.14432749396591404	-2.1560508615907987	-1.3939108095439021	-1.6742127746980602	-1.175221608579072	-0.605453449179632	0.019782525764102665	-1.7665860948290755	-1.5370116531845754	-1.868368789139018	-2.7156666495262214	-1.7665860948290755	-2.4925230982120117	-1.9816974744460212	-2.4925230982120117	-1.6452252378248082	-5.200573299314222
S2B3040	4.05330837016963	3.3243593689402315	3.3672534179191755	2.2261809197583187	2.499940893623344	2.0186916863453	2.188390542977883	0.8974063616623171	1.5517258722105254	1.4843736901810338	2.163765495672494	1.6932076962823466	1.056109667108064	1.7669196445110478	2.2352483393962617	2.256301748594094	1.4594761385593067	0.5233827793889718	0.9168716964504204	-1.017062261558177	0.5515536563556687	1.3686377381463757	0.5305002471578364	-2.1156745502262866	-0.06155081653074035	0.15128336512460816	0.666245499442379	-0.49628630693901776	0.2776649060362235	0.45311358354241627	-0.6115971534500124	0.30912817549200877	-0.6005473172634277	-0.6454987051256937	-0.5470586323124413	0.6754905575864303	-0.48643401049600676	0.04188477071750185	0.5233827793889718	-0.16976440117097358	-2.472349494165019	0.4100540940819686	-0.420058941551134	-0.9067142043893117	-0.7806734834939464	-1.000532959606966	0.19686087362092763	-2.0668843860568544	-4.012794535112167	-1.8155699577759483	-1.4225273696663412	-0.4292755966560575	-0.7046875765160241	1.4018232871320295	-1.2402058128723863	-1.3047443340099578	-1.3047443340099578	-2.5464574663187407	-2.1156745502262866	-3.501968911346177	-2.1156745502262866	-1.9759126078511278	-3.3196473545522225	-3.0319652821004417
S2B5565	3.941113663778702	3.6137909318524963	3.4420390565482295	1.990084049617197	2.1217424317671973	2.322413127229349	2.063193519441329	1.274736159077059	1.497063050484713	1.7896351082306854	1.9689032275377505	2.0378281388493384	1.0413361075956606	2.1595151625820552	2.460586556398847	1.754892159786813	1.0742921952789564	0.6713177484832435	1.056681677270321	-2.4347625822396126	0.2952665255813729	1.4986957039085986	0.31677273080233626	0.036157825573647884	-0.2191888662351964	0.43691704264439934	0.5609696913143782	-0.16607904092124848	0.4033407471107955	0.7536540351438799	-1.1584691163340506	0.021973190581690893	0.05706451039296123	-0.7607861486679415	-0.8943175412924633	-0.6569893549862975	0.2952665255813729	0.7222378389105009	-0.014394453589183343	-0.21013903071527906	-2.8402276903477772	-0.35532104055977687	0.5897191046003645	-1.7007934071594124	-0.5129499847633596	-1.9239369584736221	-0.5129499847633596	-2.147080509787832	-0.8766179641930627	-1.5523734020411388	-1.828626778669297	-1.6238323660232838	-0.7452819621319762	-2.3547198745660762	-1.87514679430419	-0.9306851854633384	-0.949377318475491	-2.4347625822396126	-1.3933087074114514	-1.3643211705381995	-1.9239369584736221	-1.3643211705381995	-2.7224446546913934	-3.821056943359503
S3A07	4.568742390048597	4.562466948187452	4.111081185144276	2.5711242467083437	2.4350276538742763	2.519426357921154	2.9097900011478943	1.4716576222343187	1.096497863621483	2.5094850198333063	2.0172562127553544	1.6080694777241957	0.11068106909871833	-0.8569029571629878	0.5227907199255508	0.8187168621524137	0.9650963972547855	-0.0058527471572338285	1.7650923471755497	0.038110376263882806	0.5553668903601636	1.5576000520350437	1.0927595415108762	-1.4987568433353826	1.0467744282690523	-2.885051204455273	0.7312575568238282	0.21504108442296044	2.2693957916730616	-0.8835712042451491	0.10063073324521632	1.325593813462988	1.03493997062205	-1.1986522508850443	-0.644341515179315	-0.11246248221549227	-1.604117358993209	0.40335068306153765	0.6816606156844554	1.8907052821083523	-4.4944891168893735	0.41078566154905616	-0.93914105539996	-0.21782299787331816	0.027299460159667	-0.08776986962512012	-1.3589949009602238	-4.4944891168893735	-0.8569029571629878	-4.4944891168893735	-0.7102994829711125	-0.7568194986060051	-2.54857896783406	-1.7864389157871634	-4.4944891168893735	-0.0058527471572338285	-1.604117358993209	-1.9295397594278367	-0.644341515179315	-1.855431787274115	-0.8569029571629878	-1.0605019124042272	-0.5626634841650477	-4.4944891168893735
S3A1522	4.193711894301685	4.082751850927122	3.6447817101685613	3.886267980320663	2.239904658285618	2.74784843567672	2.607313157867459	1.22315175169771	2.034081967914039	2.131456131939215	1.9661707622978284	2.494411427665497	-0.7086537911760611	1.9162989322576554	2.7806981046950066	1.9233761026317406	0.8062579477659231	-1.3823828858789047	1.5919685926501357	-2.337894330906341	1.0224810562355593	1.4575948582658533	1.0396931851166809	-2.6945692748450734	0.38340109694588964	-0.8792793082068244	0.022959670211680105	0.535670308673442	2.292943601830328	-0.9028098056170184	-3.541867135232277	-0.1745713052458031	0.30116299870891705	-0.3229913103640767	0.23471789930076437	-0.37779954685907136	-4.640479423900387	-1.0851313624109733	1.3384063410007352	-0.5800364133539677	-1.1747435211006603	0.2573603760505243	-0.6892357053189593	-3.254185062780496	-0.1745713052458031	-1.462425593552441	1.130961699229629	-2.337894330906341	-3.254185062780496	-2.242584151102016	-0.8118380274112917	-1.6960404447339466	0.3082804664777816	-1.2731835939139127	-0.09718464163038298	-0.4357868045094211	-1.4216035990321862	-1.5049852079712371	-1.0295615112561625	-1.8678907016606057	-0.7284564184722409	-1.6960404447339466	-3.254185062780496	-2.561037882220551
S3A3040	3.9846257882109875	3.6407118908749094	3.2486698030988856	3.3850942032005378	2.392233743049876	2.5699968036036482	2.223898428230661	0.9917547469380281	2.090367035606138	1.5655551698654078	1.7995053102369774	1.9431367986234536	-0.6176831654960715	2.3878226198848997	1.0772769203761907	2.066269484027077	0.438369508753242	-1.2090476517460749	1.0673921611436485	-0.77183384532333	0.603989215929265	1.200509560800139	0.603989215929265	-4.643034856231221	0.3198097740286858	-1.146527294764741	0.6502699684932711	-0.21221805738790778	1.955474172383294	-0.6917911376497936	-1.6473025826772303	0.23976706635514944	0.23216246696993004	-1.1772989534314946	0.7182573094782043	-0.8588452223129601	-1.87044613399144	-0.63570167099875	0.8824180829005623	0.940461452550478	-2.158128206443221	1.1560577982293045	-0.8818347405376588	-1.2090476517460749	-1.2090476517460749	-0.4235271510551142	1.019925623904725	-0.8588452223129601	-2.5635933145513854	-1.4649810258832754	-1.551992402872905	-1.6985958770647809	0.7819151612501818	-1.0321169435869968	-0.6727429426790992	-0.7512145581205947	-1.3108303460560173	-1.1772989534314946	-1.275739026244747	-2.5635933145513854	-1.2418374745690657	-2.0039775266159627	-2.0039775266159627	-4.643034856231221
S3A6070	4.4138170410299065	4.423359098163109	4.214282023725094	4.955606059634267	2.817397251798249	3.4801177457274863	3.3620297855375623	2.211787072418748	2.628746559952647	3.1429948909961403	2.22897947295912	0.07892036406533132	-0.49915748670982696	3.2457323795470283	0.9192251889615641	1.8291801023866339	-0.3388148366346475	-3.6346517026389766	2.3593097246675927	-0.6902127234725364	1.4279433303879903	1.1102804257242735	2.048928064699705	-3.6346517026389766	0.33564021091314533	1.0927361160733642	1.4590984981677857	-1.3320666096449307	-2.536039413970867	-1.5552101609591409	-3.6346517026389766	0.07892036406533132	0.7220571240506151	-1.1497450528509763	1.6434629565915402	0.2971739300853491	-3.6346517026389766	-2.2483573415190863	0.25716859547164983	-3.6346517026389766	-0.6902127234725364	1.3826281341759477	-0.23345432097682117	-3.6346517026389766	0.5397355672566602	-3.6346517026389766	-0.1689157998392501	0.80799955385134	-3.6346517026389766	-2.2483573415190863	-0.7442799447428121	-3.6346517026389766	-0.49915748670982696	-0.8014383585827605	-0.1689157998392501	0.49248268240611504	0.25716859547164983	-2.2483573415190863	-0.2673558726525025	-1.8428922334109217	0.002934457087409026	-0.023733789994752286	-3.6346517026389766	-3.6346517026389766
S3B2030	3.9856127954986036	3.4041696045186587	3.460535149025411	2.197277987151913	2.260373159470232	2.274713749398309	1.9560226858946566	1.0955840319463945	2.287446767455819	1.6560812655096235	2.113338809199253	1.5502311537587854	0.9261421380161012	2.0890644025116796	2.2160745781459372	2.1905889990011156	1.1467229934375824	0.9760633763914708	0.7996374496447203	-1.5941170304876189	0.6901189238382308	1.0152840895447515	0.04664335307552303	-0.9356554079155632	-0.6421082160113842	-0.055296685267471446	0.7107382110409661	-0.3878740776271439	0.2950166027656129	0.09815688752563112	-1.3352553965713296	-0.26631887604933624	-0.14719804755129307	0.0770144509518218	-0.46565177866982754	-0.4879575361841262	1.0642335020623186	0.01985603711187256	-0.4015729219853057	-1.3529549736707303	-2.5450933203496637	-0.4510529792486748	1.127477395722349	-2.1202101263843978	-0.6869587821767364	-1.1156267873645644	-0.41546203414597294	-1.5281590626958215	-1.408014750853758	-0.69617543728166	-1.6406370461225115	-1.3709734791734087	-0.24250822735561783	-2.7392493347906215	-1.087847223257489	-0.9962800297319987	-0.8784969940756149	-5.37830666440588	-1.5071056534979888	-0.7533338511216092	-1.8519461397897183	-1.5496652679167848	-1.8817991029393997	-2.813357306944343
S3B3545	4.010717495701768	3.5719071186547806	3.7260367682089592	2.065471577823317	2.052775115923633	2.4915288702924823	2.469164421400257	1.0267805936293222	2.2116222149834988	1.8783576795890555	2.003143979540816	1.448990279011288	0.7595263438676394	2.0987753412974763	2.2303780930155934	1.6110170825148789	1.0833134209615372	0.4652868708696998	1.3815776027438549	-2.160698377178206	0.6371371277963584	1.0116574320551015	0.497652155371731	-1.4450783407662025	1.0154597180048404	0.10484544413549024	0.4816004463612238	-0.26130824375778605	0.2855934364820145	0.13733089927997888	-1.7552332690700418	-0.28192753096052137	-0.1100772740338618	-0.009993815476879497	-0.324487145379317	-0.42342709323422056	1.1633561286350735	-0.03680507292753621	-0.18914579750955518	-1.7552332690700418	-2.8538455577381514	0.17320918694488086	1.0563576109730084	-2.418527486480306	-0.9890609534952066	-1.244407645304051	-0.7299522534874816	-1.884445000550048	-1.955903964532193	-0.025994156823320402	-1.1086061041449895	-1.5628613764225858	-0.7084460482665182	-2.949155737542476	-1.6682218920804122	-1.191297819990103	-0.331759904708397	-4.153128541868412	-1.5881791844068758	-0.8822929780695006	-1.5628613764225858	-1.9195363203613183	-2.3613690726403576	-2.307301851370082
S3B515	3.8133434680561393	3.312490681790452	3.4741396677796867	2.090452870066877	2.1337717447857187	2.1664811203217518	2.0433539832146614	1.1939307235151446	2.389785559738633	1.4145178183880525	1.897660013405627	1.3885872384670508	1.1504456115754058	1.849132972510966	1.74928211266411	1.576439299824699	1.1614954477619905	0.5134687024825153	0.7247777961497217	-2.0143629920225194	0.43482557516340226	0.4879354004773502	0.2776399916409895	-0.7844147012933229	-0.492893852534376	0.2173477613848691	0.05183332290729581	-0.3840909926855769	-0.492893852534376	-0.2492717698766258	-1.321215811462574	-0.3536317852008679	-0.48146515671075285	-0.07600004860258913	-0.15478092645570296	-0.8479281070156484	0.7712978117846143	-0.24030309989386556	-0.47016560145682007	-0.9698179246246852	-2.4738953214009594	-0.43701339413991924	0.2776399916409895	-1.4034539096995462	-1.4324414465727981	-0.6683425300405688	-1.0467789657608138	-0.48146515671075285	-0.7392942660128528	-0.7392942660128528	-1.4622944097224795	-1.1746123372706987	-0.14661761581654265	-2.2507517700867496	-1.321215811462574	-0.9698179246246852	-0.9334502804538101	-3.0128918221336463	-1.9142795334655367	-0.28597313672705393	-1.7399261463207591	-1.4930660683892332	-0.9157507033544094	-2.1862132489491786
S3B6070	4.049579837840604	3.7020364477623	3.4494689908635614	2.3228106811554277	2.133987859766009	2.063239854933663	2.3626581619493283	0.7778609766592197	2.107135649055566	2.0710361522193885	1.7679631407666072	1.450035033838886	0.598553740158188	1.8777303365173807	2.109878450924672	1.9413065543373378	0.7881848600008556	-0.039694914529246006	1.0856231073980016	-1.8187153579798716	1.1546159788849524	0.9750091803997494	0.48513475732076117	-2.6328151489574796	-0.28826585686440165	-0.525202730310947	0.4319099960834629	-0.4483702982676592	-0.28552987704552724	0.6448685223393076	-1.6995268407147535	-0.5079906014298254	0.12175506777962308	-0.7854858285746138	-0.2585740670569985	-0.6352036255252758	-1.870675096910583	-0.19920179355702938	0.3514227451707761	-1.9114970914308378	-3.354949866390677	-0.0040143195094097806	-0.43877022453864	-2.0137759405512563	-0.9306678384191116	-0.8315769357748808	-0.5114094081786114	-1.4786330091345592	0.8549967055414474	1.2990104837668461	-1.469664339151799	-0.9203050513835649	-0.2665847908030772	-0.5182822874663735	-1.0641992310436343	-1.197730623668157	-0.6122141073005771	-3.14364077272347	-1.5930433603123033	-0.7945356640945311	-1.5534342222172572	-1.6031957317763208	-3.480113009344683	-1.290323410495982
S4B07	4.13518978922486	3.6045903783543825	4.091969548525071	2.576179578433714	2.360208597289712	2.1494665577913716	2.249983429147484	1.977178529986995	0.47268507329209175	1.2275578336129938	1.3515811391294612	1.0737005379744318	3.4557911544223128	-2.118831311554167	-0.15873652750689704	-1.8187267191038288	0.8893234819983808	-5.114563585108158	0.8793978421984114	1.1732949750536266	1.215157320414538	-0.13095696339982155	-0.13095696339982155	1.2275578336129938	0.6537574106856141	1.588624528132705	-1.4769774253817722	-0.3696314567449077	-0.008618111207577606	1.1583134214380095	0.6723337962585498	0.9280692485742232	0.137709842938472	1.1257122600626115	0.4306138593714044	0.4345124997870622	-0.14475028553215719	0.39076795082420457	-3.728269223988267	-0.7838302448218268	0.4499568222145358	-0.0583177797598502	-5.114563585108158	0.3407575302495438	0.07282222073259703	0.48385837389021713	1.1315431803734048	-2.2813502410519417	0.3577070885633171	-2.2813502410519417	-0.8804570805108982	-1.1633198665267304	-2.118831311554167	-2.023521131749842	-0.8804570805108982	-1.3079010953378383	-1.8956877602399573	-2.023521131749842	-2.406513384005948	-0.9714288587166253	-1.7472677551216838	-1.3079010953378383	-1.1255795385438834	-0.8950558799320509
S4B1522	3.5288887635464192	3.284599919621238	3.7259074618041694	1.9738751630711908	2.5005434674969163	2.0808896169374433	1.5776177769103032	2.9779235043074213	0.5924375380642504	1.0004832927659066	0.1693766680657065	1.170704442625774	1.0821107868250142	0.6415967740223341	0.09572375849094072	-0.5416814390607687	0.3673541219322143	-1.246949980153059	0.6229742619243321	1.0004832927659066	0.9770141582250593	0.08933396039217012	-0.17303030407532116	1.8496204032577692	0.39606422781464534	1.5876970559050054	0.41937530668309275	-0.10070964249569503	0.6989601689022544	1.1858072108115305	-0.20693185575100248	0.1752763901928951	0.023084574850969375	-0.19834811205961067	-0.35535186086927517	-0.02604811372667548	0.30216814204751863	0.5325393964831813	-1.0286964141330412	-0.09298759640178478	-0.5416814390607687	0.38181220510744396	-2.3214647172421086	-0.24202317556227282	-0.670062605708976	-0.2243235984628713	-0.3454015300161073	0.6001595841581606	-1.0893210359494758	-1.5265348423722207	-1.5593246651952115	-0.74101434168126	-0.670062605708976	-1.915999609133944	-2.8810805051775312	-1.8250278309282173	-2.252471845755157	-0.9351703561222173	-2.187933324617586	-1.176332412939106	-1.7416462219891664	-2.5626267740589963	-2.657936953863321	-3.574227685737476
S4B3040	3.6296123059042324	3.3178296725852237	3.2251953836058833	1.9183035662557124	2.168934701035486	2.1539370980198154	1.8327813928175507	2.2646797579938704	0.7821085664385601	1.390948640538511	1.2141672641201717	1.8512116970229044	0.7735615058601013	0.888957335799379	0.08896138587861468	0.5482697260076019	0.8258199995289761	1.801800448859301	0.7947937259658762	0.3945669745193001	0.6258279603534769	0.792690675769097	0.23149469261415678	1.325174788792947	0.8278545882267636	1.3164844796009705	0.4494588020868173	-0.22312965145209152	1.124641427671464	-0.6344256798710486	-0.526437041806953	0.4873090262179147	-0.4433704431083392	-0.7358951400359084	-0.6256919999022941	-0.33367152585191473	0.42846852619498144	0.5182538300673363	0.443506403559522	-0.4506432024374192	-1.7871051898094343	0.17845195662967583	-0.5666030835322875	-0.3870175065572079	-1.1365176236682846	-0.7755042781309545	-1.75970621562132	-0.062356430864339174	-1.0268187064118601	-2.279581674907228	-1.4788038301549178	-0.2526303158487888	-1.2930866843598245	-1.8152760667761307	-4.272011839597434	-1.6329545099821758	-2.074787262261215	-0.5503425626605072	-1.6570520615612363	-2.1517483033973437	-2.885717478477544	-1.9694267466033888	-1.066559035061374	-3.7611862158314437
S4B5565	3.572210479040729	3.1680413074279237	3.154255694177376	1.8861819644449165	2.127820098395291	2.1738640368966973	1.6729887439838746	1.5976106078082513	0.6888537028376494	1.3298939666021683	1.3875044746145733	1.937508591610257	1.3551536333614065	1.081730714326297	1.6002760913943916	0.15269140334083708	1.0265865762473068	1.054538706631046	0.7467476812565517	-0.16954305061760344	0.7404780682429566	0.5287989468194461	-0.21210266503639907	1.4188414526186648	0.14130608111571163	0.8626771482636126	0.7915616970463439	-0.00208840516398201	0.5939849267041417	-0.006503423373098727	-0.5518410994442338	0.23244379311423646	-0.4712113650441241	-0.024361040773105636	-0.6734482315390204	-0.23408157175517452	-0.45722512306938423	0.30953387483380723	0.11813902183417735	-0.4853960000360811	-1.515015417217239	-0.5070574968172599	-0.3394420874130013	-0.9272287523151199	-1.2526511527497481	-0.49978473748817986	-0.5987246853430834	0.22895338817446742	-0.9497016081671781	-1.9006778980292234	-1.9613025198456584	-0.9843871661550683	-0.5828513361867937	-2.4825994434789447	-1.4197052374129138	-1.7634767765157386	-0.9272287523151199	-1.3665954120989658	-1.9006778980292234	-2.5938250785891688	-2.718988221543175	-2.718988221543175	-1.6203759328750653	-2.862089065183848
S5A07	4.886478328594422	4.91058309624801	4.610596839990934	3.080218109210592	2.7025009719287594	2.8688818825510207	3.367669527757533	1.7855370660137	1.3388289993714864	2.8446592449751744	2.2749223585418212	0.3331316797817463	3.389234628394978	-2.8095827841208902	1.0719810138225476	-4.601342253348945	1.2246578540315047	-2.6554321042936317	2.232766485464893	2.0385335804775906	0.8453951183173647	1.1156854480572767	1.5211505561654413	-0.49046838917563385	0.9746068497973708	-0.7511946516388868	-4.601342253348945	0.07148658111296058	-1.8932920522467351	0.10818794796338871	1.3148598092584898	-0.02663127484556238	1.2363881938169943	0.6509311746976847	-0.49046838917563385	1.1512303854766879	-1.305505387344616	-1.0459941918595317	-1.828753531109164	-2.9919043409148447	0.666515905714383	-0.35284701129958584	-4.601342253348945	0.09913811244347137	0.7069254440522599	-1.5568198156255222	0.5916145975412652	-2.6554321042936317	-0.4269549834533084	-4.601342253348945	-0.04746536174840443	-2.116435603560945	-1.6056099797949543	-1.4658480374197955	-2.116435603560945	-0.19462300608469185	-0.2446334266593535	-4.601342253348945	-0.15869099685862853	-0.00622240321435541	-1.305505387344616	-0.4424591699892737	-1.828753531109164	-0.19462300608469185
S5A1522	4.550219594859456	4.500657306876644	4.217298599801278	2.936992053267714	2.5480646582824784	2.6252499712369897	2.805584036875744	1.762177799068974	1.0723473711350229	2.3713292864687903	1.8342666482610541	1.173061346736854	3.6624489599598906	-2.240184373441476	0.8508580799168399	-4.638079646239847	1.9186987099181954	-2.6921694971845334	1.721494222432531	2.247430023794971	0.6849303328985616	0.8383839056916642	1.1208221276374335	1.6590296736940884	0.3923582751525885	0.8753490999251357	-1.5935572085164238	0.006311252901525677	-0.8768795305462844	0.8590885790533553	0.04405158088437311	0.8549817971007014	0.9416501797463752	0.28190127958827826	0.8913494412715766	1.0283470418725855	-1.1723437434401203	-0.8314171564695272	-0.8314171564695272	-2.240184373441476	-0.2942742243861627	-0.9245075795355389	-4.638079646239847	-1.1117191216236852	0.3386540961807274	-1.0827315847504333	0.149412096542199	-2.558638104560011	0.2671951321985828	-2.335494553245801	-0.2686317937728253	-0.7879320445297884	-1.6936406670734065	-4.638079646239847	-4.638079646239847	-0.4484249042134216	-1.3422427802355177	-2.240184373441476	-0.6127279555046972	-0.9745180001102005	-1.3422427802355177	-0.8314171564695272	-3.251785285119956	-0.9004100279564784
S5A3040	4.136813835427841	4.023494652015675	3.7945922658996754	2.484585618932403	2.726072298378339	2.341802588737914	2.298952800834793	2.0142513565211493	0.7116560142779056	1.8979553099863447	1.1731073617083245	0.879271423682165	1.428842814023998	-0.9124880455458895	0.04492093325773805	-0.9002179529540753	1.4998921601738475	0.04492093325773805	1.22830407079533	1.091657734316879	0.6489001692465024	0.5423875797285307	0.4613837955754434	1.305103834614763	0.3385096974249091	1.0509050662897712	-0.18894338780157316	0.016072778920079855	0.016072778920079855	0.9313874248211791	-0.3869562743902035	0.22249188729309477	0.513145730134033	-0.6341083657564228	1.0316568779848545	0.17785973327232618	-0.6819643869340579	0.5012052897621153	-0.9894490866820185	0.34905461060152376	-0.9502283735287369	0.011182793625887477	-5.306937200218329	-0.6918166833770689	-0.13078746764449978	-0.2764992788258933	-0.6529768500608055	-1.163802473826796	-0.3869562743902035	-2.0488406621968465	-0.9762038599319975	-0.9002179529540753	-2.0488406621968465	-2.3624982210518883	-3.227495658538493	-1.072830695621069	-2.2158947468600125	-1.8729499957331823	-1.2996040149858574	-1.6960192875741043	-2.0488406621968465	-1.8104296387518484	-2.2624147624949056	-1.841201297418602
S5A5565	3.9511269224708423	3.7301178436852664	3.718475555321864	2.703479054642245	3.139647104701795	2.164482553909558	2.367006818021032	2.952807384951522	1.7181043392588444	2.438219446246297	1.9064819327298403	2.425949353654482	-0.2392606887712354	1.811549040234273	0.23877511217176473	0.8040889212218243	1.0407766976437918	1.2430767213686327	1.1942865571992005	1.2719595955174183	1.0407766976437918	1.3000316142961053	0.5823648165618414	-1.4219560946498868	-0.28885762991060737	0.7752684826863332	1.0317676277014254	0.5680788593143644	1.1748684713420987	0.2585777394679436	-1.4760233159201626	0.052445533980271186	0.003052778650694421	-2.2869535321364913	-1.321872636092904	0.07625618267398959	0.4856351901032898	0.21857240485424523	1.2895967370035253	0.8485406837926588	-4.366395073816327	0.44578928155609	-2.1691704964801075	-1.8014457163547903	-0.9006591710166005	-0.20751199045665558	-1.1475192489481265	-2.7569571613822266	1.4417474161641168	-2.2869535321364913	-1.533181729760111	-0.9324078693311808	-0.537753677327232	-4.366395073816327	-4.366395073816327	-0.7828761353602172	-1.593806351576546	-1.4219560946498868	-1.321872636092904	-2.9801007126964363	-4.366395073816327	-0.9006591710166005	-1.8814884240283267	-2.7569571613822266
S5B07	4.425686343579119	4.232095268987094	4.160703239689272	2.7932762290875592	2.466754323319514	2.54968698661306	2.7052253509648247	1.8734076758655203	0.7747953871974103	2.0341927255232113	1.6642047329347411	0.8736833883496189	3.2806869950153468	-1.7209221786948055	0.30263890459057396	-3.0646569253959	0.7345705858869014	-2.9105062455686417	1.7407293072626961	1.4050752896970868	0.8237562143931125	0.7747953871974103	0.8473660800322458	1.2616808034173932	0.6283805388666996	1.478637856874104	-3.2469784821898546	0.1340161921547809	-0.6079211525745958	0.43185063607058005	0.9783943424386496	0.8030658211356663	0.4114417644393731	0.7345705858869014	0.3800255682059941	0.7157376375538096	-0.5797502756078998	-0.17428516749973522	-3.4701220335040643	-1.02777499813486	-0.25124620863586333	-0.33462781757491467	-4.856416394623955	-0.49970756793436344	0.16086344219096915	0.01111805583162706	0.2675475847793036	-1.9660446367277906	0.24952907927662515	-2.2914670371624184	-0.9645960965133287	-1.1675369405100189	-2.2914670371624184	-2.5538313016299092	-1.3010683331345416	-0.43757578682735687	-2.2914670371624184	-2.6591918172877356	-0.7455425304506438	-1.9119774154575149	-1.598319856602473	-0.9645960965133287	-2.4585211218255845	-0.7620718324018547
S5B1522	3.8846167976046226	3.6634231981594914	3.74506303134721	2.2745280553395437	2.411228250128132	2.377150450765246	2.1520955557830694	1.7951052041773163	0.5210874504136251	1.495788944444195	0.9754620615540635	1.2456895831414565	2.3742084068661526	1.8617465889292362e-4	-0.26661831277133263	-1.1912078474601828	1.2832275024605222	0.326662871448427	0.9610387345929592	1.1581813117316653	0.5470629368168858	0.21059070019567283	0.03134134243868836	2.0819983219530647	0.04957892998846969	0.8645171676023367	-0.10658180076681312	0.8564849959050722	0.1525268992409119	0.6709324185296719	-0.562599188037809	0.16869975848651286	-0.045129021553149684	-0.26661831277133263	0.3843285132982359	-0.21822177190948278	-0.23409512106577246	-0.4180179592267015	-0.6435682505714757	-0.05846255242261478	-0.4276798701384381	-0.4084485082105509	-3.1164987093127605	0.06155512103518479	-0.23409512106577246	-0.10658180076681312	-0.8727541163416488	-0.45723867237998217	-0.19487440791249178	-1.5966729555683474	-1.278219224449813	-1.2122612566580155	-1.4248226986416883	-1.9269146424389243	-1.1305832256437482	-1.1705885602574475	-2.289820136128293	-3.676114497248183	-1.971366405009758	-1.9269146424389243	-2.4974595009065372	-2.066676584814083	-2.4974595009065372	-2.229195514311858
S5B3040	3.455081268432946	2.760871850314765	3.2452642170125996	2.311257964034387	2.4904948934678446	1.8995632528579627	1.6857496133450995	1.3817018093060396	0.6707454085349118	0.898876501360161	1.6025403269450322	1.7419008509699827	1.9122849146604306	0.9270819272048856	0.6847099488852848	0.7617851192157845	1.402211453396994	0.38306333608313103	0.39548585608168807	1.2436651620966979	0.6723066891018643	0.7968272470059903	-0.5542808049888563	1.4340306379491654	0.21563039178292698	0.5354267053362936	1.0072176451561248	0.6128514301160095	0.4495530773519638	-0.01928164468878979	-0.31425921588729455	0.32074457168387305	-0.907920845232435	-0.3613771388643645	-0.2935545425256034	-0.10374741147898536	0.1415224196292053	-0.3059258343281508	-0.548975752759163	-0.031820993941525266	-0.7408667605692685	-0.4824550704176005	-1.4469173459651214	0.3470042862674285	-0.7867764618733464	-0.548975752759163	-0.52803257891392	-1.165749954534535	-0.3970952214664436	-2.0771507011144976	-1.8588971350944798	-1.5002633266704146	-0.6089392175267205	-1.3363754715652982	-1.2909130974885406	-2.0065331339005446	-1.556616263221546	-2.4948859018144764	-1.801738721254531	-2.053053149535437	-3.151665438203547	-2.4585182576436018	-2.38952538615665	-2.264362243202644
S5B5060	3.5335923943187844	3.198965710303167	3.2171011696401717	2.603909379574052	2.6681640672108156	1.8144036179255654	2.3775297210057325	0.6579992305187394	0.6892893885119493	2.247683414216607	1.926357732569402	1.4740778119883622	0.5949266270636642	2.141491297679255	0.9265508213719436	2.1980949264841687	0.9228054986417815	0.1657449923381833	0.7423583566421774	1.1853140736658405	1.9720646128975687	0.5135809876097115	-0.21405236902140246	-0.003857792047996078	-0.23175194612080396	-0.5194340185725848	1.1350076089784444	0.1657449923381833	0.3840769866551712	0.870820743763403	-1.1660611834976375	-0.3187633231104332	-0.4578761255731516	-1.2952729149776436	-0.385902625948062	-0.4959035211623908	-2.5225025814678466	-0.5682241827420169	1.1319680929605473	-1.0382278119877526	-1.9545185438619073	-1.5270745290349677	-1.9884200955375886	-0.18523193048591136	-1.0119105036703786	-0.42124199239337123	-0.5354343599190257	-0.057398558976026415	1.0561023421858344	-2.7166585959088043	-2.0976193875025806	-1.718129765797677	-0.844856419007213	-1.0249825852377317	-0.24977045162348244	-1.330364234788913	-0.8339273484750223	-2.0598790595197336	-1.7447980128798384	-2.2646734721657467	-1.9884200955375886	-2.4112769463576225	-3.053130832530017	-1.278178481618343
S6A07	4.162430601774665	3.718687521276526	3.725003664175433	2.79036525109452	2.803900489578866	2.2708176666362263	2.1291671495732	1.6081970767354363	2.531002489630785	1.5433970835085207	1.5079071985265697	1.1060482969951346	0.44478479484041156	1.5035625139225592	-0.340330874861956	0.48978216077114656	2.3284252158980525	1.2944707160639997	1.1038861339906392	1.7076578702660745	1.1565853659914902	0.18867706798722494	1.3996523248423793	-5.0316787570910995	1.0227605891782714	0.4107389534306938	0.5480510688951226	1.2691070375721445	-3.2399192878630445	-3.2399192878630445	0.7016625198066464	0.5518175516905997	0.01817725015843763	0.1388052379470519	-0.3969497688614636	0.9547732481933382	-0.3588499226291937	-2.633783484292729	-2.141306999194935	-1.5976915526059532	1.6055792741933574	-0.7412193159427085	-5.0316787570910995	-0.18749167063250827	-0.2194944017186824	-0.05494501467052526	-1.630481375428944	-0.7412193159427085	-1.4207608444468751	-1.3940925973647138	-1.505318232474938	0.26663860945693685	-2.392621427475841	-0.007798236244823009	-0.07585169948983861	-0.9541413131853798	-2.1984654130348833	-2.2590900348513183	-1.505318232474938	-2.087239777924659	-1.630481375428944	-1.3940925973647138	-1.565942854291373	-1.0243455718586283
S6A1522	3.607699597165751	3.3501333870117938	3.2489535973992334	2.5083718729457516	2.8783238254838928	2.591753481884802	1.8232439815524257	1.8221784513503874	2.8996012239311773	1.6338688527118101	0.9080176457340574	1.528079244577973	0.3583258558846225	1.3803456990713485	-0.34874266319393143	-0.9272269354337368	2.0850346400714654	2.284288535028172	0.8505462918195787	1.0186832136215767	0.795539662307367	0.09041629070070645	1.4288989244883386	-3.0756613486005238	1.4273178964910205	-1.6203741159936818	0.5543776054904788	1.636439548214911	-2.8243469203196176	-1.8026956727876366	1.275537822278098	-0.5789202411655205	-0.2340797548737914	0.3537069100283281	0.5805473232238638	0.7373302762214431	-1.358009851526191	-1.2149090078855176	0.29163448138594994	-0.11629671921740758	0.9185997550645943	0.5467730061052594	-1.8860772817266875	-0.6271223429833981	-0.010936203559581692	0.07829493016836153	-2.6236762248574665	-1.0897458649315115	-5.021571497655837	-0.11629671921740758	0.12592297915761552	0.6987402789515746	-2.6236762248574665	-1.6203741159936818	-0.639544862981956	-1.1929301011667421	-2.248982775416056	1.1850044290690906	-1.5558355948561107	-2.4566221401943005	-1.4106535850116129	-1.6203741159936818	-5.021571497655837	-3.6352771365359464
S6A3040	3.946773720719996	3.9383738904560577	3.6114645848623397	2.429455946254559	2.5228043054643825	2.344703436274658	2.3246480694613094	2.238138826552027	1.4150872498033529	2.067793460804788	1.3554149183169546	1.2370249023687947	-0.2507919735356987	1.2333752632812454	0.19161664976414983	2.208934713743452	0.5310452817389653	2.42001405439414	1.440671790503992	0.5493273265764138	1.2460911476065482	1.2111932077552705	1.278065452239062	-1.7037777091542616	1.0859054464448192	-1.6698761574785803	0.07642093767271696	0.2222312855837565	-1.89301970879279	-0.9935360952350161	0.8795690134469911	-1.1007816255886138	0.19678461992259244	0.8717258359859654	-0.9767289769186354	0.4260946861524664	-0.8369670345434761	0.046920273276019664	-0.28358179635868996	0.9401936352634257	-0.2507919735356987	-0.05379370232581149	-1.2424321426516407	-0.9439391540956441	0.6125062281979456	-0.09433979672016157	-2.4320162095254774	-0.9121904557810643	-5.071073539140736	-0.2588891837683187	0.2807845943353309	-1.2868839052224748	-2.1807017812445713	-2.9916319974609	-1.7037777091542616	-0.7016256866737143	-2.76848844614669	-2.0265511014173128	-1.4875546006846259	-3.4616356267066353	-0.8515658339646288	-1.3098734234471734	-2.3630233380385257	-3.279314069912681
S6B07	4.655514776642425	4.447263958355823	4.1821316807050835	2.994878952212524	2.8749843711307843	2.5936236059726383	3.0667046867837797	2.5030692227068405	1.7043615464864024	2.3335033970704355	2.082797982206648	0.9731662982889269	0.5267060504778396	1.0857032179171968	0.5438738541002053	1.4944632219222136	1.8057140407466896	-1.278125500317568	1.8481732485184814	2.338466186412564	0.8046001165634582	0.701059437622618	1.090641499557779	-4.915711660043954	0.8711857213227541	0.7507150280684787	0.5092383574374493	0.6602374431023623	-4.915711660043954	-2.4308050102559533	1.07324975684591	0.3974943189978335	0.6526328437171429	-0.2809826718143178	0.6937601351410061	0.2490743138795608	-0.5982235465076435	-4.915711660043954	-4.915711660043954	-1.5835071498687499	1.5734932712813636	-0.5719062381902695	-4.915711660043954	0.14053414530435404	0.14053414530435404	-0.13658816693242404	-0.890359969308804	0.03304823033421478	-1.5484158300574795	-2.96980151098864	-0.473060403553637	-0.13658816693242404	-4.915711660043954	0.6017412364207537	-0.08739792274165215	-0.5719062381902695	-1.1780420417605852	-4.915711660043954	-1.4499757572442271	-1.4817244555588074	-1.1545115443503913	-0.8552686494975346	-0.8552686494975346	-0.05589925568228171
S6B1522	4.156509993318009	3.922009010044846	3.8367267694266456	2.7981650497463466	2.4613482231837507	2.5567680581227865	2.511917491957435	2.5891333426248186	2.669176050298355	1.907595791142712	1.219681484899425	1.674698636737535	0.30547625951629165	1.7300894849383193	-0.03203818668336478	-2.649434019517444	0.7780806704620842	1.8324379501261534	1.4281034243882749	1.51101034440918	0.6086625185040377	0.3758570562780914	1.807236158152203	-4.95201911251149	0.859121880465211	-0.05417931256057873	0.06526072430343444	1.1482998395085744	-2.387069755049953	-2.649434019517444	0.30025431553514004	0.5327778209791649	0.12938525247297328	0.3562485848897152	0.7178618104690297	0.1478473153127089	-1.1678294785932288	-1.5180319080263436	-1.2884574663818436	-0.6479540193073197	1.3246243768301547	-0.37730813400810703	-2.1188057684552737	-1.1678294785932288	-0.4633827427793502	-0.4411596059946401	-1.4256585878953283	-1.3966710510220763	-1.5180319080263436	-0.8088843861199573	-0.8248847274663982	0.6314771962702093	-3.160259643283435	-0.5825712600444684	-0.34684892652339805	-0.7623643704850647	-2.554123839713119	0.1355772227208938	-0.6615596713630989	-2.3129617828962314	-0.8088843861199573	-1.6561822465071607	-4.95201911251149	-3.3425812000773893
S6B3040	3.7841941473246132	3.686552058185309	3.39933680282751	2.6006216592487634	2.6955545517443307	2.1944647489684215	2.1599664317442064	1.7287425985370248	2.3945061177892857	1.7896914430324342	1.2266985899314191	1.213866149861535	0.1656242205823748	1.1431585776972488	0.2416101275602971	-0.5596112745290709	1.52389806937009	2.173484958499227	1.2230489508438698	1.2589594521496403	0.8401785680657046	0.8847468875455808	1.2607215671430403	-2.191028093681947	1.3369650843581002	-0.832904609528752	1.2624805825482195	0.556954817755634	-3.9827875629100014	-2.7788147585840655	0.5058488068221383	-0.5275229599775706	0.14970876527647548	0.39087082209336366	0.7736720706243156	-0.32780966047174687	-0.5596112745290709	-0.5815901812478463	-1.343730233294743	-0.4370089524367389	0.8640207570284639	-0.41796075746604444	-1.680202469915956	-0.7639117380418012	-0.3452014031836157	0.23672014226610472	-2.136960872411671	-1.1495742188537856	-1.9459056356489617	0.20180387715987713	0.07189174291966793	-0.47622966559001956	-3.6951054904582206	-1.1495742188537856	-1.4438136918517257	-1.0740666663456402	-2.0856675780241205	0.20686717911642383	-1.2101988406702202	-0.8472933469808517	-1.647412647092965	-1.5848922901116311	-5.081399851578111	-3.2896403823500564
S7A07	4.515613497662604	4.011335240985859	3.9829160622247946	2.9329114726220613	3.0273681268399306	3.0867641786688074	2.8423864886750145	1.1759915925557403	1.2174176342100376	1.903292055440903	2.10489131766076	1.8915444900909524	0.8993261563104609	0.5329285163932065	0.11007166557317305	-0.43647204079489743	2.1740432854808773	-1.735755024925158	1.4188785312146894	3.0480261384603526	1.148424762723086	0.35747983888701373	1.0368336973146235	-4.626126782821323	0.8586701506693322	1.8706482073645399	-0.9625651366916763	1.1820157071591213	-2.428902205485103	-0.819464293051003	1.0228474553398836	0.31551563978798125	0.8249116707443775	1.1136661293579113	0.8162909277004706	0.06522109940782084	1.172965871639203	-4.626126782821323	-2.8343673135932677	-1.490632566892173	1.0228474553398836	-1.3302899168169935	-4.626126782821323	-0.051415804317939795	-0.14878996834311575	-0.11526727630447287	-0.988540623094937	-1.099766258205161	-0.9372473287073864	-2.228231510022952	-0.819464293051003	-2.3235416898272767	-4.626126782821323	-0.1602186641667389	-0.2566789303543011	-0.819464293051003	-1.7929134387651064	-4.626126782821323	-1.2588309528348485	-2.1412201330333223	-0.5656837722749035	-1.099766258205161	-0.6371427362570481	-1.070778721331909
S7A1522	3.288092527021531	2.9991507441365286	3.158808441353271	2.5481255436733257	2.733082148105285	2.4046186910948784	1.4214177615521804	1.7043395393976617	2.218839386525536	0.9565569234490781	0.36790595425806405	1.333542560235374	-1.0702962664638447	1.1287481475893602	0.07110329740947385	0.8251830289645765	1.104827963871709	2.510486692173391	0.6565603165287834	0.7951807786607779	0.3717894542844613	0.04457654307604564	0.7590011220832755	-3.7948757695172652	1.2677192635097017	-0.9616624254610491	0.587150865156616	0.8756138825914688	-1.813874300650682	-0.7867209759647169	1.4308709041959355	-1.0868255684150556	-0.41899619583939973	0.7430856667773762	0.3282182059908214	-0.7623295228405578	0.24817549831728503	-0.0935737954047724	-0.19073754385842	-0.681360460306891	0.9302972088655226	-0.7867209759647169	-0.04537169358689397	-0.24669619750646454	-0.07522465673657575	-0.0336756538237033	-2.473119929534946	-0.8771050374329858	-2.473119929534946	0.08668802842617218	0.8756138825914688	-0.5083412961752503	0.5521711462605898	-1.5976511921810461	-0.9184902535958406	-1.5976511921810461	-2.6962634808491557	-2.473119929534946	-2.09012767727884	-0.5177310365250891	-1.396980496718895	-2.408581408397375	-3.5717322182030555	-2.87858503764311
S7A3040	3.378698049447678	3.1633622810733932	3.0459582317445975	2.6067299084645175	2.862874097401699	2.418226820326349	1.6832550132533948	2.335612852887432	1.8315669161068202	1.2910248200123524	0.775936450012396	1.4494751591839643	-0.5778813224295867	0.5576355231739738	-0.08833309711088067	1.7852399320331873	0.3839720291231341	2.1670734356080743	0.45602534676319184	0.6520669682996099	0.9916740037261942	0.2255016881513594	1.3506936146241806	-1.4608972654188692	1.1846325787020069	-0.8142701004938173	0.3369045182651478	0.4876069188134906	-1.357356586478029	-0.28084464481058546	1.0771192096830795	-0.9795940809192007	-0.5337565175206489	0.296960652133504	-0.2532946930423545	-0.9143535590507996	0.6454517291808912	-0.04769545137905418	-0.36836402282714165	0.3548154448316785	-0.6162001867317235	-0.15996275325013531	0.6162689624238311	-0.7146402595449759	-0.5703906507004293	-0.11637231717527374	-3.6764709814232854	-0.5703906507004293	-2.067033068989185	-0.25874429780991903	1.0611883876108852	-0.7954016161894346	-2.4724981770973495	-1.804668804521694	-0.6975458261856753	-1.4608972654188692	-2.3771879972930243	-2.3327362347221907	-1.9717228891848602	-1.5169867320699129	-0.9573709441344906	-2.4237080129279174	-2.3771879972930243	-3.85879253821724
S7A5060	3.613644364257131	3.2261609421225623	3.269555566268396	2.4729205902388944	2.952555112545591	2.4280581861816337	1.6038827432152845	2.3168325510714096	1.6341880927106134	1.204552623674636	1.1083245915800823	1.6371687208487513	1.2965211128170582	2.4267077470837624	1.5789593347628275	2.9000840608081377	0.2267768081498005	1.9556224519672858	0.68759201134112935	-1.3467290950582367	2.1882447472360393	1.1906955890132096	1.6865256178188437	-1.0888999857561368	0.41517741102013694	-0.9610666142462523	0.7178973608364583	-0.11949942856803375	-0.9610666142462523	-1.2895706812182883	0.9617211173882074	-0.6834348776479726	-0.7142065363147263	-0.3297948374043944	-0.2679194336863069	-1.7820471663160822	0.06855280293490651	-0.7142065363147263	-0.7142065363147263	0.39476853938893	-0.5423562793880672	-0.7459552346293066	1.0130144117757576	-0.3513010426253578	-0.8126466091279787	-0.20965052556233088	-2.793648077994562	-0.19095839255017832	-2.2340322900591394	-1.184210165560462	0.7967913033061214	-2.2340322900591394	-2.2340322900591394	-3.081330150446343	-0.1545907483793032	-1.2895706812182883	-1.7820471663160822	-1.001888608766507	-2.100500897434617	-4.179942439114453	-0.9218459010929707	-1.6950357893264525	-3.081330150446343	-4.179942439114453
S7B07	4.690889871583292	4.424827316807783	4.17245964843208	3.2834365919191004	3.006389940174813	3.1810105521909096	3.033487899942064	1.8737992978648546	0.8311926851568847	1.974540867666386	2.013360859515968	1.5690757595582214	1.1090224611656545	1.4740780309359423	0.3116142702812992	0.26666288241903313	1.936319654846188	-2.119803694555715	1.7796405286655714	2.7667789508705622	1.0890217944589846	0.5965453093611908	0.9306534786875229	-4.199245236235551	1.026501437477651	1.5078650285133248	-0.3280442253276594	1.5968125145298213	-2.4074857670074956	-4.199245236235551	1.4426618347025633	-0.3280442253276594	0.9712387588026008	0.8506107710139865	0.03486126836170911	0.02026246894055639	0.19520391843688856	-3.1006329475674406	-4.199245236235551	-4.199245236235551	1.1898264935809504	-0.672884711619389	-4.199245236235551	0.7134096495005018	0.18278139843833063	-0.9411486982140684	-2.002020658899331	-2.119803694555715	-2.002020658899331	-3.1006329475674406	-0.5356835901059043	-4.199245236235551	-4.199245236235551	-0.2289533226834286	0.6129391191368665	-0.24800151765412304	-1.4266565139957694	-2.4074857670074956	-0.8319494062490764	-0.8319494062490764	-1.063751020306401	-0.24800151765412304	-0.24800151765412304	-0.0721108511904589
S7B1522	3.770441229093919	3.393988394720642	3.4912845207933216	2.702521886825215	2.517678260598551	2.651272782543507	2.172481204504505	1.6300142501508326	1.7544553714128215	1.4807595409357805	1.0838051224955247	1.1434322379948343	-0.39104263596581035	1.5468993434403258	0.15793475376455657	0.6205582757126695	1.1806549484854427	1.5116175292956857	0.8537521628803804	1.9180030240311794	0.8267234904924612	-0.06253856899377475	0.7557717545201772	-2.9937323214101945	0.8184703487357412	0.4239943622031719	0.1253231681757958	0.7703705539413299	-2.0774415895360394	-2.6752785902916596	1.0405083167422013	-0.010578830063063371	-0.07596158932591557	0.4797857218315871	0.21002986564795822	0.0019999521437963352	0.04481994932672517	-0.36364366177769636	-1.03012259525548	-0.5733641927597652	1.2109602979807716	-0.9788293008679299	-1.7409693529148265	0.30210454459413505	-0.3726934972976137	-0.4482010498057596	-2.7705887700959844	-1.6719764814278748	-2.58826721330203	-1.1219301445086027	-0.01692805774172257	-0.05589402627510598	-1.639186658604884	-0.9300391366984977	-0.5733641927597652	-1.2665113733197106	-2.58826721330203	-5.07317386309003	-1.4355877033636446	-1.8951200327420845	-0.8536661579139233	-1.5178258016006168	-1.57666630162355	-1.2230262613799718
S7B3040	3.913238115867901	3.868715341917464	3.5359316800044267	2.4937893533347646	2.750204463815268	2.5563831101986922	2.2458144030537364	2.402990580521471	1.8704152538817844	1.9672303248655298	1.1435742275353666	1.6793203841206354	-0.44581675295344336	1.177268073321839	0.3794294972360923	1.6221083466648336	0.47504367461077734	2.2833822726417434	1.1497854276280073	1.189244264368555	0.7404428427734224	0.6005643434892214	1.3227756569930778	-2.756064718693058	0.846502414733747	-0.47682698969600334	-0.4231742762036834	0.9834347262673866	-2.0251772101502654	-0.20902628779805088	1.2010787220155574	-0.5335223333725487	0.2624822326271046	0.6399912634686791	-0.9142948288903412	-0.2334177409222109	-0.44581675295344336	-0.3793716535452907	-0.7992254991055541	-0.6862850879249587	-0.012746378753389465	-0.40103315032646947	-0.56742388504823	-1.0305546350062036	-0.027709251430102277	-1.5598139604610322	-3.0184289831605486	-1.0443479571385392	-2.923118803356224	-1.794653551538433	0.24350633116809917	-0.7884145830013383	-1.7100961635103702	-2.0629175381331124	-0.9643052494650028	-1.3891884434302688	-2.2764916384311715	-2.0251772101502654	-0.7463030976512117	-2.6129638750523845	-0.7360465974840222	-1.5833444578712261	-3.0184289831605486	-2.923118803356224
S7B5060	3.996538705619998	3.9003165014625933	3.5402417705990166	2.3706964930377614	2.7372927322465523	2.4873710618509497	2.1570386020487984	2.101032926088658	1.6374601871732137	1.9716622752598871	1.451468901490296	1.3719162697883425	-0.41666354652233295	1.5467790812946216	1.395520827557763	2.124563423498853	0.47845218821536406	2.071412678026947	1.3509983711266615	0.48620416501968133	0.8774110925007896	0.5388478985051037	1.5319639955094804	-1.487104958223746	0.9528236962811771	-1.0632907114473849	-0.008028863652889129	0.3499111025924302	-2.298035174440075	-1.6048879938801295	0.7901623267860094	-0.42623299753848354	0.24258208236193113	0.016972438552527613	-0.9762793344577556	-0.33442544828536036	-0.5488353196308156	-0.6639046494156027	-1.3329542783964876	-0.18782197409348544	-0.1653491182414264	-0.8079440196385406	0.32300364967250594	-1.1193801780984285	-0.32569176831660585	-0.7268184748261719	-3.1247137476245426	-0.42623299753848354	-2.4315665670645976	-1.357051829975548	0.50532520646646	-1.3329542783964876	-1.9351296807507063	-1.4330377369534704	-1.1788035985692296	-1.1387982639555303	-2.4315665670645976	-2.074891623125865	-0.8962366267842192	-1.97958144332154	-1.0452722059447064	-2.074891623125865	-3.278864427451801	-2.6727286238814854
zr2502_24_R1	2.6121169134154285	3.013353685414072	3.7212224777993765	2.7965459525489478	3.0259854323199726	2.4767755655456667	1.0758824050046232	2.691185436891122	2.6970163572019143	-2.4504781196115384	2.533128502096798	1.2384013345023979	-2.4504781196115384	-2.4504781196115384	-0.6587186503834834	-2.4504781196115384	1.5007655989698891	1.826187999404517	2.483995813519153	2.7752685541016633	0.32211060262824276	2.6970163572019143	2.2857203287829573	1.5385059269527361	-2.4504781196115384	2.250002246180878	0.7683977052566622	1.2384013345023979	1.643866442610562	1.39966948209852	-2.4504781196115384	-0.37103657793170264	0.11447123784999835	-2.4504781196115384	0.11447123784999835	-2.4504781196115384	-2.4504781196115384	0.18857921000372002	1.5198137939405836	1.5568550656209328	-2.4504781196115384	0.5940443181118846	-1.3518658309434286	1.2384013345023979	-2.4504781196115384	-2.4504781196115384	1.0758824050046232	0.2575720814906717	-2.4504781196115384	-2.4504781196115384	0.7683977052566622	0.7275757107364074	0.4939608595549019	-2.4504781196115384	-2.4504781196115384	-2.4504781196115384	-2.4504781196115384	-2.4504781196115384	-2.4504781196115384	-0.8410402071774381	-2.4504781196115384	-2.4504781196115384	-2.4504781196115384	0.32211060262824276
zr2502_25_R1	3.0711816816895143	3.8247554054280273	3.5280523113330937	3.047330465867334	2.3332766004880754	2.38808483698307	1.6115560474840742	2.724557073604283	2.2216366293454057	3.0678089972108746	2.2677986711085683	2.156573035998344	3.120452730696297	1.4378925534332336	0.77864692454897	1.9925700597280742	1.5821421622777803	2.3047032280440196	1.2894725483149605	2.002422356171085	-2.6225504571131855	1.2894725483149605	1.138649658580377	1.7081828831731456	1.5518368127824513	-0.4253258797769659	-0.2246551843148148	-2.6225504571131855	0.9038100675029761	-2.6225504571131855	0.26782130078297905	-0.5431089154333497	-2.6225504571131855	-2.6225504571131855	-2.6225504571131855	-2.6225504571131855	1.9100490360400708	-0.057601099651648724	-2.6225504571131855	-2.6225504571131855	0.15003826512659568	0.2106628869430307	0.7447453728732887	0.016506872502072945	0.8739571043532948	-1.236256095993295	-2.6225504571131855	-0.057601099651648724	0.7447453728732887	-2.6225504571131855	-2.6225504571131855	-2.6225504571131855	-2.6225504571131855	0.016506872502072945	-2.6225504571131855	0.0854997439890246	-2.6225504571131855	-2.6225504571131855	-2.6225504571131855	-2.6225504571131855	-0.8307909878851305	0.0854997439890246	-2.6225504571131855	-2.6225504571131855
zr2502_26_R1	2.9686166924967328	3.8823725687676998	3.194288690164301	1.7531251187985966	2.412160464851678	2.0377537537634867	2.4996974660321225	2.7974443251000434	0.9707468045107079	3.3937780505806208	2.0003662216918663	2.0913379998975934	2.6863449127731993	2.596058066101099	1.0840754898177112	2.6620718764169924	1.5877326241050893	1.6504709647385125	1.0227065434414193	1.6436912777531338	1.0599779382386512	2.0649047428294374	-3.346741309025602	0.3909283092577662	0.23677762943050773	0.43744832489265884	2.42157968676817	-0.8618346592376018	-0.35100903547161133	-3.346741309025602	-0.574152586785821	0.3168203371040441	-3.346741309025602	0.8727663961505048	0.43744832489265884	-3.346741309025602	1.185858184127654	-0.2112470930964525	-3.346741309025602	-0.7817919515640654	-3.346741309025602	0.3168203371040441	1.1641181974912476	-0.574152586785821	0.36683075767870577	-3.346741309025602	0.14976625244087804	-3.346741309025602	-3.346741309025602	-3.346741309025602	-3.346741309025602	-3.346741309025602	-0.513527964969386	-0.8618346592376018	-0.16868747867765643	-0.16868747867765643	-1.5549818397975472	0.14976625244087804	-0.2112470930964525	-3.346741309025602	-1.2672997673457664	0.6963099588089481	-2.248129020357492	-3.346741309025602
zr2502_27_R1	2.97459719540886	4.35027198770129	4.353824389305658	3.200553688099684	3.5717297227292164	1.8899711487154902	1.8029597717258605	2.8863045882631813	1.8899711487154902	-1.2880826816324555	2.473117434061107	1.5451306624237606	-1.2880826816324555	-1.2880826816324555	-1.2880826816324555	-1.2880826816324555	2.870800401727216	1.4199675194697545	2.267265379856958	2.238277842983706	-1.2880826816324555	2.0441218285427483	1.8029597717258605	-1.2880826816324555	-1.2880826816324555	-1.2880826816324555	0.09821167948743503	2.0792131483540186	-1.2880826816324555	1.1968239681555448	0.32135523080164474	-1.2880826816324555	0.7913588600473802	-1.2880826816324555	-1.2880826816324555	-1.2880826816324555	-1.2880826816324555	-1.2880826816324555	1.4845060406073256	-1.2880826816324555	-1.2880826816324555	-1.2880826816324555	-1.2880826816324555	-1.2880826816324555	-1.2880826816324555	-1.2880826816324555	1.9700138563890266	-1.2880826816324555	-1.2880826816324555	-1.2880826816324555	-1.2880826816324555	-1.2880826816324555	-1.2880826816324555	-1.2880826816324555	-1.2880826816324555	-1.2880826816324555	-1.2880826816324555	-1.2880826816324555	-1.2880826816324555	-1.2880826816324555	-1.2880826816324555	-1.2880826816324555	-1.2880826816324555	-1.2880826816324555
zr2502_28_R1	3.4135266717182136	4.54874153936387	3.8012922027269767	2.4756224634235213	1.9160066754880987	2.814492782728747	2.065946822779013	3.112599372516412	1.9160066754880987	3.3384060412501055	2.2073584768288415	2.4839907130940375	2.467183594777657	2.3214717835962624	-1.2048887410198985	1.9160066754880987	1.6477426888934192	2.340889869453364	-0.5117415604599533	2.013987083848302	0.09439424311036237	0.26144832777352844	1.739550238146542	2.150846266565499	1.5676999812198829	0.09439424311036237	0.26144832777352844	-2.3035010296880083	0.5868707282081562	-2.3035010296880083	1.2228594949281533	1.9591788473533072	-2.3035010296880083	-2.3035010296880083	-2.3035010296880083	-2.3035010296880083	1.6085219757401377	-2.3035010296880083	0.09439424311036237	-2.3035010296880083	0.40454917141420177	-2.3035010296880083	0.5868707282081562	-2.3035010296880083	0.7410214080354147	-2.3035010296880083	-2.3035010296880083	-2.3035010296880083	-2.3035010296880083	-2.3035010296880083	-2.3035010296880083	-2.3035010296880083	-2.3035010296880083	0.3355562999272501	-2.3035010296880083	1.0976963519741472	-2.3035010296880083	-2.3035010296880083	-2.3035010296880083	-2.3035010296880083	-9.159366939623936e-4	-2.3035010296880083	-2.3035010296880083	-2.3035010296880083
zr2502_29_R1	3.092371755818316	4.6934062574560365	3.1492976926143252	1.6412598946219545	2.4987101264731755	2.54316188904401	2.9486269971521737	3.2326793015533766	-2.384091796113195	3.820465966455495	2.3950316969983345	2.5717352614880657	1.9726170305763966	1.7102527661089053	0.8347840287550055	2.633188040701729	1.6589594717213552	1.623241389119276	0.013803476685175564	1.2534943636131906	0.8347840287550055	-0.18686721877697554	-2.384091796113195	-2.384091796113195	1.2268261165310292	1.2534943636131906	1.3294802705911128	-0.5923323268851401	0.874004741908287	-2.384091796113195	-0.4381816470578819	0.6116404774407957	-0.7746538836790948	1.1124157653532851	0.32395840498901496	-2.384091796113195	1.7747912872464764	0.9481127140620087	-2.384091796113195	-2.384091796113195	-2.384091796113195	0.874004741908287	0.6116404774407957	0.10081485367480525	0.44912154794302106	-2.384091796113195	-2.384091796113195	-2.384091796113195	-2.384091796113195	0.18085756134834163	-2.384091796113195	-2.384091796113195	-0.5923323268851401	-2.384091796113195	-2.384091796113195	-0.0815067031191492	-2.384091796113195	0.706950657245121	-2.384091796113195	-2.384091796113195	-2.384091796113195	-2.384091796113195	-2.384091796113195	-2.384091796113195
zr2502_30_R1	2.8911282781811165	3.3058465917697646	3.5456919927019053	2.975147134234293	3.146418854841662	2.8587367823898813	1.2158229407593915	2.945405165035555	2.1939890763516345	-2.634324660950667	2.292929024206538	1.7223841657389247	-2.634324660950667	0.5437291693972788	0.07372554015154309	-2.634324660950667	2.447079704033796	2.7269675047587585	2.1018737874438287	2.63867489761308	0.5437291693972788	2.093063157761674	1.9807958558905927	0.3101143182157733	-2.634324660950667	2.1696963837825898	0.5011695549784827	2.075205540361667	0.7668727207114885	1.5553300810757582	-2.634324660950667	0.004732668664591433	0.5845511639175336	-2.634324660950667	0.13826406128911417	0.25604709694549754	-2.634324660950667	0.3101143182157733	1.7094807609030171	0.6237718770708152	-2.634324660950667	0.1988886831055492	-0.6884145118953537	-2.634324660950667	-2.634324660950667	-2.634324660950667	-2.634324660950667	-0.06937530348913024	-2.634324660950667	0.3614076126033239	-0.14941801116266662	1.5553300810757582	-2.634324660950667	-2.634324660950667	-0.06937530348913024	-2.634324660950667	-0.6884145118953537	-2.634324660950667	-2.634324660950667	-0.6884145118953537	-2.634324660950667	-2.634324660950667	-2.634324660950667	0.3101143182157733
zr2502_31_R1	3.003147229220029	4.000407023627852	3.8487224362957866	3.299824864580388	2.5976821211118652	1.892413580019575	1.7052020379314285	2.8375524662313882	2.469300954463658	1.4175199654796473	2.8701893955444104	2.4415213903565824	2.75355249181865	0.9196815372404679	1.33584193446538	1.7198008373525813	1.8164276730416526	3.7698284938261235	1.916511131598635	2.3835341327062327	-2.5143056672446784	1.6903869521462873	1.5110460234904712	1.2923568225256412	1.1992663994596295	-0.029399017456678056	-0.31708108990845885	1.1745737868692578	0.25828305499510273	-0.029399017456678056	-2.5143056672446784	-2.5143056672446784	-0.31708108990845885	-2.5143056672446784	0.9514302355550481	-2.5143056672446784	1.5287456005898719	-2.5143056672446784	1.5110460234904712	0.3760660906514861	-2.5143056672446784	-0.43486412556484266	-0.11641039444630774	-2.5143056672446784	-0.31708108990845885	-0.7225461980166235	-2.5143056672446784	-2.5143056672446784	-2.5143056672446784	-2.5143056672446784	-2.5143056672446784	-2.5143056672446784	-2.5143056672446784	0.31890767681153775	0.43013331192176185	-2.5143056672446784	-2.5143056672446784	-2.5143056672446784	-2.5143056672446784	-2.5143056672446784	-2.5143056672446784	-2.5143056672446784	-1.1280113061247878	-2.5143056672446784
zr2502_32_R1	3.1306935435833356	3.7015511463850066	3.425544105513729	1.8933978673812755	2.3016140088613293	2.4494654552606008	2.5614391268101446	2.9669042349183083	0.5633432245842607	2.707079116969494	1.4670551742515556	2.1015536277299933	1.77043615624644	1.807137523096868	2.221571301187793	2.893665072549906	1.8338057701790298	1.5043265690487875	0.8352769400679025	1.5402585782748508	1.2872620638109593	1.1580503323309532	-2.902392678215466	-2.902392678215466	1.824995140496875	2.40091222984361	0.14212975950795714	0.4988047034466896	0.7085252344287585	-2.902392678215466	-2.902392678215466	-0.12980395597568473	-2.902392678215466	1.6084668283013839	-0.1943424771132558	0.681126260240644	2.1852036570169178	-0.012020920319301354	-2.902392678215466	-2.902392678215466	0.14212975950795714	-0.5044974054170952	0.8588074374780965	0.04204630095097439	0.3164831466527347	-2.902392678215466	-2.902392678215466	-0.59980758522142	0.39344418778886325	-2.902392678215466	-2.902392678215466	-2.902392678215466	-2.902392678215466	-0.9564825291601526	0.2756611521324799	-2.902392678215466	-1.110633208987411	-2.902392678215466	0.46490315177100827	-2.902392678215466	-2.902392678215466	-0.012020920319301354	-2.902392678215466	-2.902392678215466
