dataset	group	mode	removal_fraction	n_boot	mean_largest_component_prop	median_largest_component_prop	q25	q75	q025	q975	dataset_label	group_label	mode_label
depth_natural	Coastal_natural	random	0	500	0.3381142857142857	0.35714285714285715	0.2571428571428571	0.4142857142857143	0.14285714285714285	0.5074999999999996	Interior vs coastal natural	Coastal natural	Random removal
depth_natural	Coastal_natural	random	0.05	500	0.3075714285714286	0.3142857142857143	0.22857142857142856	0.3857142857142858	0.1285714285714286	0.4714285714285714	Interior vs coastal natural	Coastal natural	Random removal
depth_natural	Coastal_natural	random	0.1	500	0.2677142857142857	0.2571428571428571	0.18571428571428572	0.34285714285714286	0.11428571428571428	0.4360714285714282	Interior vs coastal natural	Coastal natural	Random removal
depth_natural	Coastal_natural	random	0.15000000000000002	500	0.24197142857142856	0.22857142857142856	0.17142857142857143	0.3142857142857142	0.1	0.4	Interior vs coastal natural	Coastal natural	Random removal
depth_natural	Coastal_natural	random	0.2	500	0.20965714285714288	0.2	0.14285714285714288	0.27142857142857146	0.08571428571428572	0.3571428571428572	Interior vs coastal natural	Coastal natural	Random removal
depth_natural	Coastal_natural	random	0.25	500	0.1896	0.17142857142857143	0.12857142857142856	0.24285714285714283	0.08571428571428572	0.34285714285714286	Interior vs coastal natural	Coastal natural	Random removal
depth_natural	Coastal_natural	random	0.30000000000000004	500	0.16245714285714286	0.15714285714285714	0.11428571428571428	0.2	0.07142857142857142	0.30749999999999966	Interior vs coastal natural	Coastal natural	Random removal
depth_natural	Coastal_natural	random	0.35000000000000003	500	0.14425714285714286	0.1285714285714286	0.1	0.1857142857142857	0.05714285714285714	0.29321428571428537	Interior vs coastal natural	Coastal natural	Random removal
depth_natural	Coastal_natural	random	0.4	500	0.12185714285714284	0.11428571428571428	0.0857142857142857	0.15714285714285714	0.04285714285714285	0.2503571428571425	Interior vs coastal natural	Coastal natural	Random removal
depth_natural	Coastal_natural	random	0.45	500	0.10837142857142858	0.1	0.07142857142857142	0.1285714285714286	0.04285714285714286	0.22857142857142856	Interior vs coastal natural	Coastal natural	Random removal
depth_natural	Coastal_natural	random	0.5	500	0.09014285714285714	0.07857142857142857	0.05714285714285714	0.11428571428571428	0.04285714285714286	0.18571428571428572	Interior vs coastal natural	Coastal natural	Random removal
depth_natural	Coastal_natural	random	0.55	500	0.08082857142857143	0.07142857142857142	0.05714285714285714	0.1	0.02857142857142857	0.17142857142857143	Interior vs coastal natural	Coastal natural	Random removal
depth_natural	Coastal_natural	random	0.6000000000000001	500	0.06634285714285715	0.05714285714285714	0.04285714285714286	0.07142857142857144	0.02857142857142857	0.14285714285714288	Interior vs coastal natural	Coastal natural	Random removal
depth_natural	Coastal_natural	random	0.65	500	0.05797142857142857	0.05714285714285715	0.04285714285714286	0.07142857142857144	0.02857142857142857	0.13607142857142826	Interior vs coastal natural	Coastal natural	Random removal
depth_natural	Coastal_natural	random	0.7000000000000001	500	0.04717142857142856	0.04285714285714285	0.02857142857142856	0.05714285714285713	0.01428571428571428	0.10749999999999968	Interior vs coastal natural	Coastal natural	Random removal
depth_natural	Coastal_natural	random	0.75	500	0.0401142857142857	0.02857142857142856	0.02857142857142856	0.04285714285714285	0.01428571428571428	0.0857142857142857	Interior vs coastal natural	Coastal natural	Random removal
depth_natural	Coastal_natural	random	0.8	500	0.03211428571428571	0.02857142857142857	0.02857142857142857	0.04285714285714286	0.01428571428571428	0.07142857142857144	Interior vs coastal natural	Coastal natural	Random removal
depth_natural	Coastal_natural	random	0.8500000000000001	500	0.02631428571428571	0.02857142857142857	0.01428571428571428	0.02857142857142857	0.01428571428571428	0.05714285714285714	Interior vs coastal natural	Coastal natural	Random removal
depth_natural	Coastal_natural	random	0.9	500	0.01951428571428571	0.01428571428571428	0.01428571428571428	0.02857142857142857	0.01428571428571428	0.04285714285714286	Interior vs coastal natural	Coastal natural	Random removal
depth_natural	Coastal_natural	targeted	0	500	0.3381142857142857	0.35714285714285715	0.2571428571428571	0.4142857142857143	0.14285714285714285	0.5074999999999996	Interior vs coastal natural	Coastal natural	Targeted removal
depth_natural	Coastal_natural	targeted	0.05	500	0.1605714285714286	0.14285714285714285	0.11428571428571428	0.2	0.07142857142857142	0.32857142857142857	Interior vs coastal natural	Coastal natural	Targeted removal
depth_natural	Coastal_natural	targeted	0.1	500	0.08402857142857142	0.07142857142857142	0.05714285714285714	0.1	0.04285714285714286	0.1646428571428568	Interior vs coastal natural	Coastal natural	Targeted removal
depth_natural	Coastal_natural	targeted	0.15000000000000002	500	0.06391428571428572	0.05714285714285714	0.05714285714285714	0.07142857142857142	0.04285714285714286	0.11428571428571428	Interior vs coastal natural	Coastal natural	Targeted removal
depth_natural	Coastal_natural	targeted	0.2	500	0.04831428571428571	0.04285714285714286	0.04285714285714286	0.05714285714285714	0.02857142857142857	0.08571428571428572	Interior vs coastal natural	Coastal natural	Targeted removal
depth_natural	Coastal_natural	targeted	0.25	500	0.04162857142857143	0.04285714285714286	0.04285714285714286	0.04285714285714286	0.02857142857142857	0.05714285714285714	Interior vs coastal natural	Coastal natural	Targeted removal
depth_natural	Coastal_natural	targeted	0.30000000000000004	500	0.03462857142857142	0.02857142857142856	0.02857142857142856	0.04285714285714285	0.02857142857142856	0.05714285714285713	Interior vs coastal natural	Coastal natural	Targeted removal
depth_natural	Coastal_natural	targeted	0.35000000000000003	500	0.02965714285714285	0.02857142857142857	0.02857142857142857	0.02857142857142857	0.01428571428571428	0.04285714285714286	Interior vs coastal natural	Coastal natural	Targeted removal
depth_natural	Coastal_natural	targeted	0.4	500	0.02634285714285714	0.02857142857142856	0.02857142857142856	0.02857142857142856	0.01428571428571428	0.02857142857142856	Interior vs coastal natural	Coastal natural	Targeted removal
depth_natural	Coastal_natural	targeted	0.45	500	0.02411428571428571	0.02857142857142857	0.01428571428571428	0.02857142857142857	0.01428571428571428	0.02857142857142857	Interior vs coastal natural	Coastal natural	Targeted removal
depth_natural	Coastal_natural	targeted	0.5	500	0.02008571428571428	0.01428571428571428	0.01428571428571428	0.02857142857142857	0.01428571428571428	0.02857142857142857	Interior vs coastal natural	Coastal natural	Targeted removal
depth_natural	Coastal_natural	targeted	0.55	500	0.01725714285714285	0.01428571428571428	0.01428571428571428	0.01428571428571428	0.01428571428571428	0.02857142857142857	Interior vs coastal natural	Coastal natural	Targeted removal
depth_natural	Coastal_natural	targeted	0.6000000000000001	500	0.01494285714285714	0.01428571428571428	0.01428571428571428	0.01428571428571428	0.01428571428571428	0.02857142857142857	Interior vs coastal natural	Coastal natural	Targeted removal
depth_natural	Coastal_natural	targeted	0.65	500	0.01442857142857143	0.01428571428571428	0.01428571428571428	0.01428571428571428	0.01428571428571428	0.01428571428571428	Interior vs coastal natural	Coastal natural	Targeted removal
depth_natural	Coastal_natural	targeted	0.7000000000000001	500	0.01431428571428571	0.01428571428571428	0.01428571428571428	0.01428571428571428	0.01428571428571428	0.01428571428571428	Interior vs coastal natural	Coastal natural	Targeted removal
depth_natural	Coastal_natural	targeted	0.75	500	0.01428571428571428	0.01428571428571428	0.01428571428571428	0.01428571428571428	0.01428571428571428	0.01428571428571428	Interior vs coastal natural	Coastal natural	Targeted removal
depth_natural	Coastal_natural	targeted	0.8	500	0.01428571428571428	0.01428571428571428	0.01428571428571428	0.01428571428571428	0.01428571428571428	0.01428571428571428	Interior vs coastal natural	Coastal natural	Targeted removal
depth_natural	Coastal_natural	targeted	0.8500000000000001	500	0.01428571428571428	0.01428571428571428	0.01428571428571428	0.01428571428571428	0.01428571428571428	0.01428571428571428	Interior vs coastal natural	Coastal natural	Targeted removal
depth_natural	Coastal_natural	targeted	0.9	500	0.01428571428571428	0.01428571428571428	0.01428571428571428	0.01428571428571428	0.01428571428571428	0.01428571428571428	Interior vs coastal natural	Coastal natural	Targeted removal
depth_natural	Interior_relict	random	0	500	0.5126571428571428	0.5142857142857142	0.4857142857142857	0.5428571428571428	0.42857142857142855	0.5857142857142857	Interior vs coastal natural	Interior relict	Random removal
depth_natural	Interior_relict	random	0.05	500	0.4731142857142857	0.48571428571428577	0.4428571428571429	0.5	0.3571428571428572	0.5571428571428572	Interior vs coastal natural	Interior relict	Random removal
depth_natural	Interior_relict	random	0.1	500	0.4218571428571428	0.42857142857142855	0.3857142857142857	0.45714285714285713	0.2857142857142857	0.5142857142857142	Interior vs coastal natural	Interior relict	Random removal
depth_natural	Interior_relict	random	0.15000000000000002	500	0.38277142857142854	0.3857142857142857	0.34285714285714286	0.42857142857142855	0.21428571428571427	0.48571428571428565	Interior vs coastal natural	Interior relict	Random removal
depth_natural	Interior_relict	random	0.2	500	0.33051428571428576	0.34285714285714286	0.28571428571428575	0.3857142857142858	0.17142857142857143	0.4428571428571429	Interior vs coastal natural	Interior relict	Random removal
depth_natural	Interior_relict	random	0.25	500	0.29457142857142854	0.3	0.25357142857142856	0.34285714285714286	0.12857142857142856	0.41428571428571426	Interior vs coastal natural	Interior relict	Random removal
depth_natural	Interior_relict	random	0.30000000000000004	500	0.24625714285714284	0.24285714285714283	0.18571428571428572	0.3	0.1	0.37142857142857144	Interior vs coastal natural	Interior relict	Random removal
depth_natural	Interior_relict	random	0.35000000000000003	500	0.21425714285714284	0.2142857142857143	0.15714285714285714	0.2714285714285714	0.08571428571428572	0.34285714285714286	Interior vs coastal natural	Interior relict	Random removal
depth_natural	Interior_relict	random	0.4	500	0.1769142857142857	0.1714285714285714	0.11428571428571428	0.22857142857142856	0.06392857142857145	0.3	Interior vs coastal natural	Interior relict	Random removal
depth_natural	Interior_relict	random	0.45	500	0.14968571428571428	0.14285714285714285	0.1	0.2	0.05714285714285714	0.2714285714285714	Interior vs coastal natural	Interior relict	Random removal
depth_natural	Interior_relict	random	0.5	500	0.12068571428571429	0.11428571428571428	0.07142857142857142	0.15714285714285714	0.04285714285714286	0.24285714285714283	Interior vs coastal natural	Interior relict	Random removal
depth_natural	Interior_relict	random	0.55	500	0.10291428571428572	0.08571428571428572	0.07142857142857142	0.12857142857142856	0.04285714285714286	0.221785714285714	Interior vs coastal natural	Interior relict	Random removal
depth_natural	Interior_relict	random	0.6000000000000001	500	0.08162857142857143	0.07142857142857144	0.05714285714285714	0.1	0.02857142857142857	0.17142857142857143	Interior vs coastal natural	Interior relict	Random removal
depth_natural	Interior_relict	random	0.65	500	0.06905714285714286	0.05714285714285715	0.04285714285714286	0.08571428571428572	0.02857142857142857	0.15714285714285714	Interior vs coastal natural	Interior relict	Random removal
depth_natural	Interior_relict	random	0.7000000000000001	500	0.05294285714285714	0.04285714285714285	0.02857142857142856	0.05714285714285713	0.01428571428571428	0.12178571428571394	Interior vs coastal natural	Interior relict	Random removal
depth_natural	Interior_relict	random	0.75	500	0.04434285714285713	0.04285714285714285	0.02857142857142856	0.05714285714285713	0.01428571428571428	0.1	Interior vs coastal natural	Interior relict	Random removal
depth_natural	Interior_relict	random	0.8	500	0.03328571428571428	0.02857142857142857	0.02857142857142857	0.04285714285714286	0.01428571428571428	0.07142857142857144	Interior vs coastal natural	Interior relict	Random removal
depth_natural	Interior_relict	random	0.8500000000000001	500	0.02608571428571428	0.02857142857142857	0.01428571428571428	0.02857142857142857	0.01428571428571428	0.05714285714285714	Interior vs coastal natural	Interior relict	Random removal
depth_natural	Interior_relict	random	0.9	500	0.01911428571428571	0.01428571428571428	0.01428571428571428	0.02857142857142857	0.01428571428571428	0.04285714285714286	Interior vs coastal natural	Interior relict	Random removal
depth_natural	Interior_relict	targeted	0	500	0.5126571428571428	0.5142857142857142	0.4857142857142857	0.5428571428571428	0.42857142857142855	0.5857142857142857	Interior vs coastal natural	Interior relict	Targeted removal
depth_natural	Interior_relict	targeted	0.05	500	0.29291428571428574	0.30000000000000004	0.24285714285714288	0.3571428571428572	0.14285714285714285	0.4285714285714286	Interior vs coastal natural	Interior relict	Targeted removal
depth_natural	Interior_relict	targeted	0.1	500	0.10908571428571429	0.1	0.07142857142857142	0.12857142857142856	0.05714285714285714	0.21428571428571427	Interior vs coastal natural	Interior relict	Targeted removal
depth_natural	Interior_relict	targeted	0.15000000000000002	500	0.06465714285714286	0.05714285714285714	0.04285714285714286	0.07142857142857142	0.02857142857142857	0.12857142857142856	Interior vs coastal natural	Interior relict	Targeted removal
depth_natural	Interior_relict	targeted	0.2	500	0.04188571428571428	0.04285714285714286	0.02857142857142857	0.04285714285714286	0.02857142857142857	0.07142857142857144	Interior vs coastal natural	Interior relict	Targeted removal
depth_natural	Interior_relict	targeted	0.25	500	0.03431428571428571	0.02857142857142857	0.02857142857142857	0.04285714285714286	0.01428571428571428	0.05714285714285714	Interior vs coastal natural	Interior relict	Targeted removal
depth_natural	Interior_relict	targeted	0.30000000000000004	500	0.02739999999999999	0.02857142857142856	0.02857142857142856	0.02857142857142856	0.01428571428571428	0.04285714285714285	Interior vs coastal natural	Interior relict	Targeted removal
depth_natural	Interior_relict	targeted	0.35000000000000003	500	0.02245714285714285	0.02857142857142857	0.01428571428571428	0.02857142857142857	0.01428571428571428	0.03607142857142824	Interior vs coastal natural	Interior relict	Targeted removal
depth_natural	Interior_relict	targeted	0.4	500	0.01925714285714285	0.01428571428571428	0.01428571428571428	0.02857142857142856	0.01428571428571428	0.02857142857142856	Interior vs coastal natural	Interior relict	Targeted removal
depth_natural	Interior_relict	targeted	0.45	500	0.01725714285714285	0.01428571428571428	0.01428571428571428	0.01428571428571428	0.01428571428571428	0.02857142857142857	Interior vs coastal natural	Interior relict	Targeted removal
depth_natural	Interior_relict	targeted	0.5	500	0.01522857142857142	0.01428571428571428	0.01428571428571428	0.01428571428571428	0.01428571428571428	0.02857142857142857	Interior vs coastal natural	Interior relict	Targeted removal
depth_natural	Interior_relict	targeted	0.55	500	0.01454285714285714	0.01428571428571428	0.01428571428571428	0.01428571428571428	0.01428571428571428	0.01428571428571428	Interior vs coastal natural	Interior relict	Targeted removal
depth_natural	Interior_relict	targeted	0.6000000000000001	500	0.01428571428571428	0.01428571428571428	0.01428571428571428	0.01428571428571428	0.01428571428571428	0.01428571428571428	Interior vs coastal natural	Interior relict	Targeted removal
depth_natural	Interior_relict	targeted	0.65	500	0.01428571428571428	0.01428571428571428	0.01428571428571428	0.01428571428571428	0.01428571428571428	0.01428571428571428	Interior vs coastal natural	Interior relict	Targeted removal
depth_natural	Interior_relict	targeted	0.7000000000000001	500	0.01428571428571428	0.01428571428571428	0.01428571428571428	0.01428571428571428	0.01428571428571428	0.01428571428571428	Interior vs coastal natural	Interior relict	Targeted removal
depth_natural	Interior_relict	targeted	0.75	500	0.01428571428571428	0.01428571428571428	0.01428571428571428	0.01428571428571428	0.01428571428571428	0.01428571428571428	Interior vs coastal natural	Interior relict	Targeted removal
depth_natural	Interior_relict	targeted	0.8	500	0.01428571428571428	0.01428571428571428	0.01428571428571428	0.01428571428571428	0.01428571428571428	0.01428571428571428	Interior vs coastal natural	Interior relict	Targeted removal
depth_natural	Interior_relict	targeted	0.8500000000000001	500	0.01428571428571428	0.01428571428571428	0.01428571428571428	0.01428571428571428	0.01428571428571428	0.01428571428571428	Interior vs coastal natural	Interior relict	Targeted removal
depth_natural	Interior_relict	targeted	0.9	500	0.01428571428571428	0.01428571428571428	0.01428571428571428	0.01428571428571428	0.01428571428571428	0.01428571428571428	Interior vs coastal natural	Interior relict	Targeted removal
interior_impaired	Coastal_impaired	random	0	500	0.32875	0.34375	0.265625	0.390625	0.171875	0.46875	Interior vs coastal impaired	Coastal impaired	Random removal
interior_impaired	Coastal_impaired	random	0.05	500	0.3006875	0.3125	0.234375	0.359375	0.14804687500000002	0.4375	Interior vs coastal impaired	Coastal impaired	Random removal
interior_impaired	Coastal_impaired	random	0.1	500	0.27378125	0.28125	0.21875	0.328125	0.140625	0.40625	Interior vs coastal impaired	Coastal impaired	Random removal
interior_impaired	Coastal_impaired	random	0.15000000000000002	500	0.24621875	0.25	0.1875	0.296875	0.125	0.3832031249999997	Interior vs coastal impaired	Coastal impaired	Random removal
interior_impaired	Coastal_impaired	random	0.2	500	0.22359375	0.21875	0.171875	0.28125	0.109375	0.359375	Interior vs coastal impaired	Coastal impaired	Random removal
interior_impaired	Coastal_impaired	random	0.25	500	0.1920625	0.1875	0.140625	0.234375	0.09375	0.328125	Interior vs coastal impaired	Coastal impaired	Random removal
interior_impaired	Coastal_impaired	random	0.30000000000000004	500	0.17225	0.15625	0.125	0.21875	0.078125	0.30507812499999964	Interior vs coastal impaired	Coastal impaired	Random removal
interior_impaired	Coastal_impaired	random	0.35000000000000003	500	0.153125	0.140625	0.109375	0.1875	0.0625	0.28125	Interior vs coastal impaired	Coastal impaired	Random removal
interior_impaired	Coastal_impaired	random	0.4	500	0.13446875	0.125	0.09375	0.171875	0.0625	0.25820312499999964	Interior vs coastal impaired	Coastal impaired	Random removal
interior_impaired	Coastal_impaired	random	0.45	500	0.11640625	0.109375	0.078125	0.140625	0.046875	0.21875	Interior vs coastal impaired	Coastal impaired	Random removal
interior_impaired	Coastal_impaired	random	0.5	500	0.09709375	0.09375	0.0625	0.125	0.03125	0.1875	Interior vs coastal impaired	Coastal impaired	Random removal
interior_impaired	Coastal_impaired	random	0.55	500	0.0850625	0.078125	0.0625	0.109375	0.03125	0.171875	Interior vs coastal impaired	Coastal impaired	Random removal
interior_impaired	Coastal_impaired	random	0.6000000000000001	500	0.072625	0.0625	0.046875	0.09375	0.03125	0.15625	Interior vs coastal impaired	Coastal impaired	Random removal
interior_impaired	Coastal_impaired	random	0.65	500	0.06303125	0.0625	0.046875	0.078125	0.03125	0.125	Interior vs coastal impaired	Coastal impaired	Random removal
interior_impaired	Coastal_impaired	random	0.7000000000000001	500	0.05284375	0.046875	0.03125	0.0625	0.015625	0.109375	Interior vs coastal impaired	Coastal impaired	Random removal
interior_impaired	Coastal_impaired	random	0.75	500	0.042	0.03125	0.03125	0.046875	0.015625	0.09375	Interior vs coastal impaired	Coastal impaired	Random removal
interior_impaired	Coastal_impaired	random	0.8	500	0.03515625	0.03125	0.015625	0.046875	0.015625	0.078125	Interior vs coastal impaired	Coastal impaired	Random removal
interior_impaired	Coastal_impaired	random	0.8500000000000001	500	0.02796875	0.03125	0.015625	0.03125	0.015625	0.0625	Interior vs coastal impaired	Coastal impaired	Random removal
interior_impaired	Coastal_impaired	random	0.9	500	0.02228125	0.015625	0.015625	0.03125	0.015625	0.046875	Interior vs coastal impaired	Coastal impaired	Random removal
interior_impaired	Coastal_impaired	targeted	0	500	0.32875	0.34375	0.265625	0.390625	0.171875	0.46875	Interior vs coastal impaired	Coastal impaired	Targeted removal
interior_impaired	Coastal_impaired	targeted	0.05	500	0.16725	0.15625	0.125	0.203125	0.078125	0.296875	Interior vs coastal impaired	Coastal impaired	Targeted removal
interior_impaired	Coastal_impaired	targeted	0.1	500	0.09146875	0.078125	0.0625	0.109375	0.046875	0.171875	Interior vs coastal impaired	Coastal impaired	Targeted removal
interior_impaired	Coastal_impaired	targeted	0.15000000000000002	500	0.05921875	0.0625	0.046875	0.0625	0.03125	0.109375	Interior vs coastal impaired	Coastal impaired	Targeted removal
interior_impaired	Coastal_impaired	targeted	0.2	500	0.04234375	0.046875	0.03125	0.046875	0.015625	0.078125	Interior vs coastal impaired	Coastal impaired	Targeted removal
interior_impaired	Coastal_impaired	targeted	0.25	500	0.0301875	0.03125	0.015625	0.03125	0.015625	0.046875	Interior vs coastal impaired	Coastal impaired	Targeted removal
interior_impaired	Coastal_impaired	targeted	0.30000000000000004	500	0.023875	0.015625	0.015625	0.03125	0.015625	0.046875	Interior vs coastal impaired	Coastal impaired	Targeted removal
interior_impaired	Coastal_impaired	targeted	0.35000000000000003	500	0.01975	0.015625	0.015625	0.03125	0.015625	0.03125	Interior vs coastal impaired	Coastal impaired	Targeted removal
interior_impaired	Coastal_impaired	targeted	0.4	500	0.0175625	0.015625	0.015625	0.015625	0.015625	0.03125	Interior vs coastal impaired	Coastal impaired	Targeted removal
interior_impaired	Coastal_impaired	targeted	0.45	500	0.01634375	0.015625	0.015625	0.015625	0.015625	0.03125	Interior vs coastal impaired	Coastal impaired	Targeted removal
interior_impaired	Coastal_impaired	targeted	0.5	500	0.01565625	0.015625	0.015625	0.015625	0.015625	0.015625	Interior vs coastal impaired	Coastal impaired	Targeted removal
interior_impaired	Coastal_impaired	targeted	0.55	500	0.015625	0.015625	0.015625	0.015625	0.015625	0.015625	Interior vs coastal impaired	Coastal impaired	Targeted removal
interior_impaired	Coastal_impaired	targeted	0.6000000000000001	500	0.015625	0.015625	0.015625	0.015625	0.015625	0.015625	Interior vs coastal impaired	Coastal impaired	Targeted removal
interior_impaired	Coastal_impaired	targeted	0.65	500	0.015625	0.015625	0.015625	0.015625	0.015625	0.015625	Interior vs coastal impaired	Coastal impaired	Targeted removal
interior_impaired	Coastal_impaired	targeted	0.7000000000000001	500	0.015625	0.015625	0.015625	0.015625	0.015625	0.015625	Interior vs coastal impaired	Coastal impaired	Targeted removal
interior_impaired	Coastal_impaired	targeted	0.75	500	0.015625	0.015625	0.015625	0.015625	0.015625	0.015625	Interior vs coastal impaired	Coastal impaired	Targeted removal
interior_impaired	Coastal_impaired	targeted	0.8	500	0.015625	0.015625	0.015625	0.015625	0.015625	0.015625	Interior vs coastal impaired	Coastal impaired	Targeted removal
interior_impaired	Coastal_impaired	targeted	0.8500000000000001	500	0.015625	0.015625	0.015625	0.015625	0.015625	0.015625	Interior vs coastal impaired	Coastal impaired	Targeted removal
interior_impaired	Coastal_impaired	targeted	0.9	500	0.015625	0.015625	0.015625	0.015625	0.015625	0.015625	Interior vs coastal impaired	Coastal impaired	Targeted removal
interior_impaired	Interior_relict	random	0	500	0.4455	0.453125	0.40625	0.484375	0.328125	0.53125	Interior vs coastal impaired	Interior relict	Random removal
interior_impaired	Interior_relict	random	0.05	500	0.40634375	0.421875	0.375	0.453125	0.25	0.5082031249999996	Interior vs coastal impaired	Interior relict	Random removal
interior_impaired	Interior_relict	random	0.1	500	0.36675	0.375	0.328125	0.421875	0.203125	0.48437499999999994	Interior vs coastal impaired	Interior relict	Random removal
interior_impaired	Interior_relict	random	0.15000000000000002	500	0.33053125	0.34375	0.28125	0.390625	0.171875	0.45312499999999994	Interior vs coastal impaired	Interior relict	Random removal
interior_impaired	Interior_relict	random	0.2	500	0.294625	0.3125	0.23437499999999997	0.34765625	0.140625	0.4300781249999997	Interior vs coastal impaired	Interior relict	Random removal
interior_impaired	Interior_relict	random	0.25	500	0.2481875	0.25	0.203125	0.3125	0.09375	0.390625	Interior vs coastal impaired	Interior relict	Random removal
interior_impaired	Interior_relict	random	0.30000000000000004	500	0.21728125	0.21875	0.15625	0.265625	0.06992187500000002	0.359375	Interior vs coastal impaired	Interior relict	Random removal
interior_impaired	Interior_relict	random	0.35000000000000003	500	0.1905	0.1875	0.140625	0.234375	0.0625	0.328125	Interior vs coastal impaired	Interior relict	Random removal
interior_impaired	Interior_relict	random	0.4	500	0.16628125	0.15625	0.109375	0.21875	0.046875	0.3125	Interior vs coastal impaired	Interior relict	Random removal
interior_impaired	Interior_relict	random	0.45	500	0.14275	0.140625	0.09375	0.1875	0.046875	0.265625	Interior vs coastal impaired	Interior relict	Random removal
interior_impaired	Interior_relict	random	0.5	500	0.113875	0.109375	0.0625	0.15625	0.03125	0.234375	Interior vs coastal impaired	Interior relict	Random removal
interior_impaired	Interior_relict	random	0.55	500	0.09771875	0.09375	0.0625	0.125	0.03125	0.203125	Interior vs coastal impaired	Interior relict	Random removal
interior_impaired	Interior_relict	random	0.6000000000000001	500	0.082875	0.078125	0.046875	0.109375	0.03125	0.1875	Interior vs coastal impaired	Interior relict	Random removal
interior_impaired	Interior_relict	random	0.65	500	0.06853125	0.0625	0.046875	0.09375	0.03125	0.140625	Interior vs coastal impaired	Interior relict	Random removal
interior_impaired	Interior_relict	random	0.7000000000000001	500	0.05709375	0.046875	0.03125	0.078125	0.015625	0.125	Interior vs coastal impaired	Interior relict	Random removal
interior_impaired	Interior_relict	random	0.75	500	0.04303125	0.03125	0.03125	0.046875	0.015625	0.09375	Interior vs coastal impaired	Interior relict	Random removal
interior_impaired	Interior_relict	random	0.8	500	0.03478125	0.03125	0.015625	0.046875	0.015625	0.078125	Interior vs coastal impaired	Interior relict	Random removal
interior_impaired	Interior_relict	random	0.8500000000000001	500	0.02778125	0.03125	0.015625	0.03125	0.015625	0.0625	Interior vs coastal impaired	Interior relict	Random removal
interior_impaired	Interior_relict	random	0.9	500	0.02215625	0.015625	0.015625	0.03125	0.015625	0.046875	Interior vs coastal impaired	Interior relict	Random removal
interior_impaired	Interior_relict	targeted	0	500	0.4455	0.453125	0.40625	0.484375	0.328125	0.53125	Interior vs coastal impaired	Interior relict	Targeted removal
interior_impaired	Interior_relict	targeted	0.05	500	0.21271875	0.21875	0.15625	0.265625	0.09375	0.35195312499999964	Interior vs coastal impaired	Interior relict	Targeted removal
interior_impaired	Interior_relict	targeted	0.1	500	0.09715625	0.09375	0.078125	0.109375	0.046875	0.19570312499999964	Interior vs coastal impaired	Interior relict	Targeted removal
interior_impaired	Interior_relict	targeted	0.15000000000000002	500	0.05984375	0.046875	0.046875	0.0625	0.03125	0.125	Interior vs coastal impaired	Interior relict	Targeted removal
interior_impaired	Interior_relict	targeted	0.2	500	0.04221875	0.046875	0.03125	0.046875	0.03125	0.078125	Interior vs coastal impaired	Interior relict	Targeted removal
interior_impaired	Interior_relict	targeted	0.25	500	0.031125	0.03125	0.03125	0.03125	0.015625	0.05507812499999964	Interior vs coastal impaired	Interior relict	Targeted removal
interior_impaired	Interior_relict	targeted	0.30000000000000004	500	0.02471875	0.03125	0.015625	0.03125	0.015625	0.046875	Interior vs coastal impaired	Interior relict	Targeted removal
interior_impaired	Interior_relict	targeted	0.35000000000000003	500	0.02071875	0.015625	0.015625	0.03125	0.015625	0.03125	Interior vs coastal impaired	Interior relict	Targeted removal
interior_impaired	Interior_relict	targeted	0.4	500	0.01803125	0.015625	0.015625	0.015625	0.015625	0.03125	Interior vs coastal impaired	Interior relict	Targeted removal
interior_impaired	Interior_relict	targeted	0.45	500	0.0163125	0.015625	0.015625	0.015625	0.015625	0.03125	Interior vs coastal impaired	Interior relict	Targeted removal
interior_impaired	Interior_relict	targeted	0.5	500	0.01571875	0.015625	0.015625	0.015625	0.015625	0.015625	Interior vs coastal impaired	Interior relict	Targeted removal
interior_impaired	Interior_relict	targeted	0.55	500	0.015625	0.015625	0.015625	0.015625	0.015625	0.015625	Interior vs coastal impaired	Interior relict	Targeted removal
interior_impaired	Interior_relict	targeted	0.6000000000000001	500	0.015625	0.015625	0.015625	0.015625	0.015625	0.015625	Interior vs coastal impaired	Interior relict	Targeted removal
interior_impaired	Interior_relict	targeted	0.65	500	0.015625	0.015625	0.015625	0.015625	0.015625	0.015625	Interior vs coastal impaired	Interior relict	Targeted removal
interior_impaired	Interior_relict	targeted	0.7000000000000001	500	0.015625	0.015625	0.015625	0.015625	0.015625	0.015625	Interior vs coastal impaired	Interior relict	Targeted removal
interior_impaired	Interior_relict	targeted	0.75	500	0.015625	0.015625	0.015625	0.015625	0.015625	0.015625	Interior vs coastal impaired	Interior relict	Targeted removal
interior_impaired	Interior_relict	targeted	0.8	500	0.015625	0.015625	0.015625	0.015625	0.015625	0.015625	Interior vs coastal impaired	Interior relict	Targeted removal
interior_impaired	Interior_relict	targeted	0.8500000000000001	500	0.015625	0.015625	0.015625	0.015625	0.015625	0.015625	Interior vs coastal impaired	Interior relict	Targeted removal
interior_impaired	Interior_relict	targeted	0.9	500	0.015625	0.015625	0.015625	0.015625	0.015625	0.015625	Interior vs coastal impaired	Interior relict	Targeted removal
