sample_id	EU652571.1.1503	KX097089.1.1528	EU488457.1.1483	HQ727627.1.1522	AM176885.1.1418	KJ817533.1.1498	AM745219.1.1602	FJ712534.1.1514	KX504848.1.1523	AB806704.1.1485	HE804013.1.1479	KC357800.1.1438	GU180188.1.1514	JN498221.1.1394	DQ431903.1.1419	GQ143772.1.1554	AM997418.1.1513	JQ580309.1.1482	KC009895.1.1442	FJ545472.1.1559	KC009877.1.1515	FJ748816.1.1514	HQ727651.1.1475	EU283571.1.1333	DQ811808.1.1527	DQ363780.1.954	KY609501.1.1523	GU302442.1.1531	GQ249585.1.1531	LC004293.1.1337	KM356725.1.1424	GQ337314.1.1475	KJ817459.1.1525	KC009862.1.1289	KP728222.1.1525	EF444653.1.1279	JX240886.1.1472	KC470953.1.1371	AB266389.1.1525	KF268910.1.1377	AB694385.1.1409	KC009933.1.1519	EF125407.1.1477	GU982895.1.1212	JQ426267.1.1505	FJ685743.1.1209	EU491457.1.1489	DQ641854.1.916	JF747656.1.1535	AM882560.1.1458	KU578771.1.1356	JX504409.1.1551	CP013099.3645030.3646539	FJ900559.1.1484	AB622941.1.1314	KF616783.1.1488	HE604685.1.1406	JN457602.1.1397	JQ580306.1.1521	JN518931.1.1452	JQ824907.1.1522	JQ716338.1.1491	FJ203391.1.1488	EU488054.1.1507	FJ748775.1.1510	KT167015.1.1381	DQ811819.1.1523	JQ580221.1.1496	AM039960.1.1519	JF344346.1.1503	KM108644.1.1515	JQ716269.1.1517	JX241033.1.1526	JF344635.1.1514	JQ580158.1.1515	JF421166.1.1503	EU488036.1.1531	HQ014650.1.1499	HM437993.1.1513	FR682646.1.1628	KX097734.1.1525	GQ246446.1.1523	JN977174.1.1546	FJ203584.1.1459	KR824977.1.1462	JF344561.1.1519	HQ738402.1.1458	DQ811935.1.1507	GQ994158.1.923	EU617821.1.1525	EU662567.1.1446	AY216453.1.1421	FJ905762.1.1411	JF268389.1.1458	EF999356.1.1505	KX172242.1.1463	LN563386.1.1350	EU652611.1.1524	KX172552.1.1464	JQ245921.1.944	HF922320.1.1505	MGML01000116.8420.9921	GU369933.1.1368	KJ817493.1.1525	JX870311.1.915	JX504490.1.1557	KM356749.1.1483	JN977195.1.1550	AM882621.1.1521	HE614829.1.1456	AB806729.1.1479	CP016268.790030.791574	KF460404.1.1524	EF208655.1.1533	LC121892.1.914	AB364850.1.1498	GQ850571.1.1477	KX173276.1.1482	DQ070825.1.1419	AY584740.1.1231	EU488419.1.1514	DQ431904.1.1420	DQ811792.1.1512	EU491875.1.1464	JX870317.1.915	KM203484.1.1200	KX504856.1.1527	KX172521.1.1480	KC471044.1.1422	KC009968.1.1238	HQ697688.1.1523	JF495328.1.1537	GU230392.1.1515	FN553932.1.1517	JQ817984.1.1485	DQ811831.1.1528	LN569797.1.1343	DQ431896.1.1372	AB300128.1.1329	JN038216.1.1526	KC009869.1.1401	DQ811807.1.1529	FM242440.1.1461	AB806698.1.1488	HQ588453.1.1411	EU048674.1.1479	JQ816885.1.1488	KJ817529.1.1517	JF344665.1.1520	KT905810.1.1538	MG601262.1.1536	HM598262.1.1519	HE803898.1.1484	AY605137.1.1495	GQ263976.1.1455	DQ070827.1.1355	JX482201.1.900	EU487975.1.1514	EF157274.1.1422	JX280051.1.1507	KP174553.1.1436	KM356611.1.1422	KT907904.1.907	KY861742.1.1376	JN830953.1.1424	HM798748.1.1422	KM356600.1.1484	EU488352.1.1526	JQ816305.1.1426	AB806727.1.1479	EU290687.1.1515	KX172187.1.1456	DQ811880.1.1473	EF687551.1.1333	FJ477316.1.1346	KY441460.1.1524	JQ580330.1.1478	JX227640.1.1459	DQ431899.1.1417	FJ655689.1.1403	GQ994182.1.911	KP762238.1.1208	FJ455958.1.911	JQ580439.1.1531	GQ356834.1.936	KY228984.1.1390	JN977162.1.1541	JN003082.1.1327	FJ517042.1.1485	EU134890.1.1383	JF344478.1.1502	AM997875.1.1458	HQ316943.1.1422	HQ597894.1.1508	AY913245.1.1415	HQ691951.1.1342	EF125417.1.1529	EF125426.1.1479	EF612387.1.1493	FJ545485.1.1494
S1A015	5951	296	530	1202	348	465	254	189	18	3776	170	260	204	5112	225	186	125	12	182	11	418	1027	611	600	115	3	300	15	67	418	32	489	306	24	51	2572	1650	24	13	1060	186	0	92	257	87	33	1242	1152	991	551	195	118	81	148	225	141	118	173	72	89	65	6	2	26	592	453	0	233	2013	209	85	11	54	1263	350	118	84	235	21	0	254	3	136	104	45	66	8	10	147	144	21	1837	8	166	222	690	275	178	44	381	172	20	234	0	133	12	87	20	6	121	87	28	52	7	128	63	42	30	14	1326	81	2	2	211	0	0	10	0	103	0	29	6	38	11	17	657	2	0	52	65	23	40	2	5	0	238	137	8	2	3	50	33	7	88	16	15	4	0	211	4	530	0	24	141	687	0	9	37	64	53	2	12	0	427	0	321	0	19	14	22	4	14	3	13	182	0	10	129	99	151	129	654	48	0	0	133	28	84	6	176
S1A1530	5135	879	789	605	287	732	231	26	290	3151	805	217	181	4306	106	468	469	34	185	80	103	880	704	599	88	195	537	301	87	904	213	320	229	15	78	2299	1590	375	431	101	165	53	743	126	88	52	1100	867	977	1848	183	86	395	48	487	278	61	194	81	64	92	10	181	41	541	529	45	375	1859	523	368	68	194	453	242	218	66	342	55	337	97	115	243	149	104	41	617	64	37	94	24	425	320	191	207	1235	159	563	492	516	88	417	86	52	116	138	42	14	3	68	66	59	56	29	93	44	27	26	7	503	217	19	12	287	22	59	15	12	12	31	72	7	44	5	8	543	38	29	54	139	369	137	63	47	15	95	459	62	379	22	49	32	14	70	60	35	10	4	384	0	1087	0	163	645	109	9	4	85	72	116	8	65	169	355	39	36	4	50	152	15	61	14	9	18	1585	76	35	78	257	114	44	530	124	34	15	42	20	273	25	377
S1A3050	3439	218	774	804	185	1093	125	17	282	2153	467	201	107	2871	244	423	726	84	210	145	93	807	450	398	44	761	408	65	45	845	63	303	269	18	81	1452	962	398	633	148	188	103	442	84	70	25	778	546	814	255	133	146	188	37	99	168	77	150	107	74	56	9	104	19	338	307	36	216	1819	1073	449	48	153	344	222	186	38	184	18	127	46	108	643	92	76	45	200	111	61	47	20	423	236	77	132	889	144	170	239	150	53	499	194	62	70	65	104	67	4	31	34	22	51	22	124	99	14	23	5	230	134	53	33	167	13	54	11	34	17	39	66	20	13	25	15	1081	29	14	84	72	151	86	24	29	45	56	426	68	138	44	23	28	18	31	81	6	22	14	210	0	237	8	214	338	69	15	0	109	8	46	3	27	19	109	36	164	2	45	45	5	14	4	16	3	461	189	28	54	118	120	49	154	160	6	5	46	168	474	20	47
S1A5075	5176	272	841	729	241	653	217	5	356	2617	593	118	121	3998	97	821	710	118	157	432	54	667	688	654	81	1022	226	247	77	466	114	282	76	26	96	2007	1337	359	531	110	175	129	485	88	49	8	977	745	685	326	156	191	342	40	172	199	81	110	65	71	24	13	85	18	508	589	88	147	697	582	421	37	271	212	168	301	82	343	157	214	53	125	208	124	142	45	403	232	28	61	12	385	247	163	197	650	171	249	388	156	57	518	57	35	65	144	61	19	5	63	57	37	50	22	66	54	20	20	12	195	123	39	76	110	30	107	48	83	23	22	89	20	15	10	18	357	34	27	112	49	176	148	33	33	54	75	403	31	150	65	23	10	16	8	41	26	10	7	179	57	544	2	160	88	29	8	16	58	45	49	5	20	96	66	37	51	15	60	146	16	81	0	14	3	609	347	36	71	168	35	64	88	55	10	17	30	38	720	18	31
S1B07	12881	192	1744	1588	658	540	734	72	61	7021	486	244	435	10961	502	613	702	91	246	45	206	2321	1855	1290	194	17	126	47	75	513	167	244	40	47	137	6445	4379	722	25	259	468	41	195	257	207	23	3244	2161	1377	741	568	131	327	34	319	47	239	315	133	95	60	32	38	82	1724	98	61	242	140	203	131	39	52	437	109	333	192	31	71	16	88	4	42	148	79	197	83	124	84	16	73	680	115	490	606	353	542	298	141	78	105	59	153	0	215	28	24	31	0	86	29	158	125	32	46	53	28	88	19	21	207	61	0	62	9	13	12	27	39	30	75	70	17	29	48	602	17	40	10	31	13	154	8	45	24	16	7	95	31	39	85	3	0	19	15	19	9	17	48	121	84	6	94	200	177	6	75	68	14	13	4	9	13	202	43	76	14	74	11	2	21	32	9	25	179	11	38	197	24	183	69	22	0	5	21	80	5	205	17	95
S1B2230	5620	500	933	518	313	544	346	60	27	4117	1237	279	309	5095	1532	275	359	433	317	454	145	1507	936	719	1507	837	153	709	361	582	298	101	142	183	369	2937	2016	239	386	445	354	432	313	294	128	229	1540	1051	690	393	242	420	166	80	189	262	76	130	362	72	21	28	24	45	715	1775	1223	862	51	203	324	183	401	61	139	188	242	177	272	169	198	533	363	118	105	66	128	68	51	66	26	304	883	211	316	28	244	426	28	501	91	154	17	174	170	156	100	27	62	143	112	38	57	139	61	31	53	31	93	327	63	202	871	109	132	120	145	177	76	68	25	18	28	25	27	22	459	198	382	375	100	65	274	9	91	87	36	629	14	73	121	62	137	84	5	21	12	25	117	28	95	126	20	26	2	22	81	58	40	48	56	55	1271	73	68	56	246	51	195	13	93	10	7	15	995	449	766	20	98	102	100	15	104	84	50	8	34	80	139	0
S1B3040	6613	867	918	217	352	289	371	846	4	4117	632	72	269	5917	154	53	36	200	148	77	291	1326	1007	766	2185	274	381	221	301	97	116	100	8	587	55	3350	2455	15	157	626	219	348	12	76	143	706	1790	1094	688	395	318	18	104	213	169	82	111	171	54	549	143	26	6	22	914	960	942	1506	6	146	184	566	76	2	229	151	125	42	187	91	61	84	28	85	86	76	28	47	30	14	44	302	302	258	301	11	264	54	17	98	84	4	20	243	108	123	288	17	135	94	17	69	55	39	8	27	37	27	19	261	15	285	172	139	66	28	69	154	5	69	19	11	65	15	24	5	1019	213	248	224	5	3	32	27	11	34	0	25	43	40	105	65	19	117	5	123	41	50	46	2	3	196	0	9	419	41	9	26	12	17	10	20	722	23	6	16	139	33	6	0	65	11	0	14	27	125	967	60	0	25	15	11	17	72	0	3	252	0	566	0
S1B6575	4012	895	537	698	309	506	239	168	14	3823	1096	178	197	3533	156	128	139	252	169	213	289	1011	631	469	2558	502	577	218	372	196	412	79	40	513	113	2079	1685	90	341	510	175	561	68	219	95	1027	1003	620	453	259	189	119	158	109	76	181	101	95	74	220	93	39	15	20	476	1394	1747	1149	24	107	329	996	157	35	200	96	140	365	227	256	465	207	90	96	97	36	73	29	34	23	9	305	612	189	190	23	165	85	19	180	100	55	13	433	108	217	219	12	228	104	50	54	53	42	31	24	65	41	395	266	67	438	268	76	96	52	106	144	34	111	27	21	19	34	10	27	322	393	560	236	28	22	123	40	23	67	12	26	13	68	125	45	85	108	102	105	41	66	41	24	19	660	15	14	2	121	28	53	17	28	36	18	1364	5	15	32	104	29	51	9	68	2	3	5	161	454	1001	43	20	32	58	13	56	60	18	13	324	27	550	9
S2A1727	3291	536	881	480	217	514	175	23	14	3465	961	319	171	2749	150	105	152	492	166	688	186	973	700	583	1139	1596	140	1343	346	370	252	100	27	45	231	1672	1418	163	630	693	190	504	323	172	114	181	859	518	420	269	176	170	390	167	66	109	41	70	70	132	18	9	34	14	405	1558	1212	1233	10	150	446	151	505	57	284	112	338	253	151	138	71	501	152	52	75	39	167	111	85	67	13	302	363	135	160	37	149	561	14	221	162	116	13	35	91	100	220	8	118	107	115	40	23	61	62	6	21	27	9	190	62	129	48	161	360	49	206	84	38	92	38	8	54	51	17	10	280	155	136	289	85	67	48	0	39	47	14	5	130	60	53	127	78	68	7	2	18	21	31	34	5	203	108	7	0	26	15	58	42	46	100	57	1290	82	231	47	76	61	59	3	20	2	6	0	739	699	403	53	45	17	99	24	11	97	12	0	216	14	42	0
S2A3545	7310	312	1007	249	442	586	432	9	16	4741	294	180	228	7098	588	143	146	220	223	384	282	1692	1103	908	562	344	56	246	201	105	182	159	27	76	52	4016	2836	122	510	471	202	133	146	374	156	41	1824	1318	877	433	326	223	100	74	200	154	147	238	70	99	10	17	14	43	959	623	906	907	32	264	219	118	524	346	353	157	258	264	244	99	168	189	193	111	111	163	29	37	57	37	47	363	502	319	340	51	299	197	9	215	71	42	154	44	128	79	82	32	107	155	110	58	76	29	12	20	27	30	49	295	33	96	217	65	63	38	59	55	46	55	59	113	22	35	32	153	101	145	112	221	88	43	96	2	58	44	5	35	10	27	77	34	73	52	28	9	24	28	98	44	22	188	22	19	15	74	53	70	27	29	9	48	506	34	61	61	126	40	29	3	13	10	7	5	369	100	181	85	17	12	123	31	46	54	9	48	40	19	123	57
S2A5060	8054	914	1296	333	546	646	440	36	13	6927	683	255	433	7548	842	142	80	527	326	301	250	1763	1222	983	1330	600	119	659	333	282	226	182	22	210	141	4307	3095	137	416	782	259	273	195	198	192	153	2218	1336	836	522	372	214	195	105	213	169	153	209	89	230	29	30	25	36	1025	1129	1314	1679	14	274	336	337	788	155	275	186	355	174	251	187	144	300	108	146	132	89	37	59	43	50	35	378	900	348	399	55	336	374	12	282	94	52	54	133	145	101	195	21	214	208	105	103	64	82	4	17	54	35	57	344	39	87	352	97	218	70	208	85	78	55	53	32	55	32	36	56	193	266	246	235	64	49	193	11	38	82	2	9	5	53	71	47	67	75	27	13	58	42	64	32	6	132	19	17	11	60	68	67	31	32	38	103	1276	73	114	54	192	58	23	12	41	0	0	7	269	282	780	65	10	24	98	16	75	78	31	6	47	9	206	28
S2A515	3281	612	675	603	202	457	175	20	130	2836	664	200	123	2954	171	240	235	523	179	731	162	721	634	347	906	636	60	1061	234	247	188	82	12	38	253	1628	1427	110	310	146	104	177	234	97	171	49	789	550	417	215	134	275	200	55	76	288	58	70	66	120	26	7	16	17	341	763	844	1706	134	180	259	136	286	89	84	135	223	163	133	72	162	309	211	76	37	38	83	96	36	32	11	261	662	207	134	124	152	579	20	159	81	148	7	41	74	72	121	40	129	70	92	44	22	84	66	10	39	36	14	76	68	94	3	162	174	140	156	34	61	140	29	21	64	23	10	63	280	212	157	241	161	87	170	18	50	51	31	9	60	30	53	94	32	80	14	4	9	18	15	85	53	81	56	23	5	76	186	40	54	67	28	28	794	131	319	31	100	31	171	8	31	3	19	3	1010	295	57	43	50	62	112	32	4	71	29	2	4	119	12	40
S2B07	5260	1475	669	264	261	577	228	32	1532	3045	934	423	181	4567	412	789	388	19	154	217	57	952	611	429	59	97	245	345	33	143	167	137	19	15	43	2205	1630	86	427	71	186	83	485	127	9	8	985	860	1061	289	209	14	360	68	368	118	85	100	29	30	90	6	43	19	571	250	104	169	1040	244	289	28	263	410	104	493	71	162	3	158	47	30	170	150	200	70	185	366	20	95	27	242	118	136	234	30	260	338	238	118	9	288	14	0	120	5	227	16	0	46	16	55	34	73	149	165	0	45	3	120	216	16	18	205	33	13	82	3	77	34	55	25	22	14	26	160	125	0	7	75	672	27	39	337	40	0	94	39	157	29	14	10	16	0	43	78	33	5	65	2	444	5	180	218	32	5	2	26	68	59	0	44	4	150	7	11	0	0	88	19	7	7	30	4	451	290	7	238	214	136	125	16	21	2	67	173	4	506	17	294
S2B1522	4448	2306	756	348	218	457	285	18	533	2804	490	223	167	3772	3344	461	361	677	162	203	161	1033	520	382	719	1400	128	923	299	213	127	240	255	20	331	1758	1362	272	967	383	149	258	111	76	39	26	855	665	425	244	139	95	267	84	144	70	130	90	39	51	4	5	32	17	369	1293	455	216	33	509	789	37	339	117	197	189	195	399	86	307	166	313	180	118	119	70	85	77	117	82	27	182	573	128	173	25	136	222	20	128	71	414	12	53	104	108	178	31	53	60	66	51	34	99	108	24	61	15	10	120	163	132	33	67	87	100	112	44	20	155	23	6	14	41	7	23	230	8	149	220	110	79	179	18	88	61	51	184	55	194	77	17	111	87	0	3	0	80	197	8	26	109	56	16	10	18	602	8	49	59	50	55	610	52	416	61	135	76	96	16	5	9	9	7	576	700	35	54	163	50	128	16	75	30	16	56	73	28	5	17
S2B3040	4608	3506	741	476	320	867	284	51	104	3981	405	189	244	6252	12534	113	232	649	110	98	205	1235	710	624	1515	781	237	667	260	226	149	325	222	105	149	2974	1926	85	653	567	385	226	57	86	106	38	1328	746	598	305	234	62	192	204	90	76	118	105	57	238	40	31	31	19	649	865	1583	376	13	392	263	331	141	50	106	157	106	172	173	344	186	163	161	65	60	75	73	64	51	47	28	204	487	281	303	33	285	135	26	71	68	139	13	31	133	177	280	23	323	64	87	46	55	50	41	44	75	34	27	260	43	202	82	92	429	35	113	26	2	305	30	16	4	30	32	26	239	62	279	147	32	76	305	38	38	59	10	673	36	75	111	20	80	65	8	7	26	72	335	27	17	817	54	18	12	55	92	7	56	22	58	36	908	37	78	29	61	35	26	7	11	10	5	7	89	518	126	111	39	22	78	12	39	19	11	20	216	18	103	32
S2B5565	5081	320	739	387	254	371	261	13	14	3624	385	255	201	4583	418	96	84	327	79	30	126	876	814	857	1532	918	85	548	190	163	183	70	45	83	90	2650	1814	86	583	401	135	404	140	63	91	57	1241	754	569	253	234	34	211	22	144	97	99	117	75	186	13	2	14	35	609	747	791	427	8	154	165	132	320	21	32	111	217	281	186	151	132	107	92	113	19	81	76	51	13	67	40	141	339	187	219	0	208	190	11	73	88	110	7	73	63	67	151	19	160	95	67	61	32	63	30	15	53	29	28	290	65	203	210	135	134	38	95	28	56	111	13	4	34	22	26	3	165	190	134	129	41	49	52	28	29	35	5	12	56	38	34	43	69	28	32	11	19	41	44	11	0	309	19	0	0	30	18	32	36	31	126	39	996	35	109	43	54	54	15	0	3	6	0	4	230	469	216	28	24	38	62	10	47	12	4	0	205	0	134	0
S3A07	8577	66	1122	99	463	529	399	7	214	4593	152	207	301	7578	1728	106	163	74	90	68	6	1341	1011	1012	108	327	75	169	19	55	106	79	160	34	260	4588	2799	54	613	138	175	8	57	26	52	3	2145	1450	789	408	336	26	4	8	251	22	237	170	73	32	10	27	16	65	1079	274	202	80	52	1550	106	4	96	30	43	202	137	133	27	521	72	42	98	104	81	91	30	31	12	49	42	100	239	266	350	19	346	90	73	61	6	592	0	21	137	55	13	6	0	19	27	68	74	32	28	15	25	42	20	36	71	68	21	25	12	8	150	0	37	64	26	9	13	27	30	39	145	0	176	6	54	76	29	3	74	14	52	14	50	34	7	0	23	7	3	0	4	12	58	0	50	24	6	34	12	0	29	0	11	17	3	25	37	4	9	0	6	27	70	9	4	13	11	6	15	190	2	15	176	0	65	8	29	0	7	24	18	53	0	71
S3A1522	6143	6	843	50	362	416	316	9	17	3443	125	156	270	5702	284	87	9	186	58	58	265	1134	1006	751	1642	1204	3338	331	169	63	530	70	24	291	53	3663	2349	12	608	301	231	264	4	74	159	168	1629	1001	748	357	337	2	42	7	139	16	151	140	38	100	649	27	6	33	757	426	708	241	3	1807	595	324	26	2	158	122	78	34	153	258	33	142	3	115	23	86	9	30	13	0	35	87	24	292	301	0	221	64	9	50	199	57	31	35	93	684	74	112	159	45	21	92	59	29	12	20	80	37	22	41	5	300	115	70	4	23	24	10	3	47	5	0	15	11	14	0	5960	0	394	0	5	33	7	10	7	56	0	28	143	32	51	3	42	34	6	217	0	43	92	0	0	587	13	0	0	36	3	116	37	44	17	66	703	0	0	0	57	83	4	12	7	1419	0	5	0	241	0	4	9	3	0	0	0	38	0	13	1490	0	595	0
S3A3040	3958	41	495	55	269	676	230	20	103	2266	202	302	168	3812	1119	50	18	77	45	56	427	791	580	409	268	664	1632	295	214	25	243	43	151	443	87	2122	1547	17	567	226	146	79	12	31	90	93	1053	677	464	246	207	2	32	8	130	38	136	96	26	105	660	18	26	27	471	220	819	116	18	1576	413	440	38	38	141	80	66	54	116	591	56	126	30	58	67	30	18	35	21	17	20	179	100	189	191	13	121	58	34	24	286	265	11	51	78	507	77	139	274	34	19	52	33	25	29	14	82	19	37	51	55	315	25	31	43	95	34	23	7	16	25	37	7	5	12	15	89	0	250	0	35	44	22	52	28	106	25	36	94	33	34	0	49	44	39	134	7	24	191	0	10	720	6	16	5	35	23	83	32	10	0	37	1130	9	0	0	73	27	21	9	5	4	7	0	13	291	0	16	52	0	23	12	5	61	3	26	789	16	407	24
S3A6070	3158	0	709	22	290	490	261	18	0	2009	11	786	168	2494	64	25	4	3	41	0	454	924	774	713	75	26	1374	41	69	0	585	50	4	279	40	3829	2195	0	30	83	58	0	0	11	138	5	1935	401	867	448	366	0	112	0	77	16	52	62	29	70	823	0	0	7	877	24	235	82	0	97	2767	362	0	0	216	120	41	3	36	271	0	86	4	71	0	64	2	14	0	0	29	347	79	293	246	0	132	35	18	0	324	0	18	43	152	331	56	41	205	34	5	83	69	30	0	17	5	34	5	7	0	181	0	0	42	29	0	3	0	2	19	5	5	9	22	0	116	0	48	0	0	0	2	13	3	46	0	16	12	0	4	0	6	9	4	0	7	27	37	0	0	157	8	0	66	39	0	65	6	10	0	0	972	0	2	0	29	35	0	5	0	18	0	14	0	26	0	0	0	0	0	0	0	35	0	10	483	0	577	3
S3B2030	6518	1037	1034	546	372	445	378	52	10	5628	1116	104	356	6104	181	68	59	560	273	125	170	1175	1280	711	1947	701	168	1202	390	181	251	132	27	229	155	3241	2475	102	454	455	204	285	167	233	141	121	1677	1014	824	410	305	113	204	51	186	194	97	142	54	334	17	23	16	35	867	1784	1936	1354	6	193	371	702	686	17	163	191	294	220	233	158	48	395	111	126	70	108	98	88	15	51	30	387	695	226	271	36	301	520	7	198	83	55	16	294	138	75	300	22	110	94	87	84	48	89	11	9	87	39	39	238	63	424	267	145	192	103	168	107	52	157	62	14	101	38	24	0	380	224	144	268	13	10	123	0	28	57	0	13	23	56	161	109	51	58	97	45	17	80	15	34	6	110	36	7	2	43	51	43	11	30	44	69	1525	98	88	47	98	56	29	11	13	10	4	0	237	398	524	85	5	16	108	33	31	68	13	5	21	0	173	0
S3B3545	6792	425	985	407	377	410	402	13	9	6631	647	135	436	6055	201	75	34	477	135	53	169	1818	1021	793	1700	504	50	815	272	135	194	124	62	178	134	3751	2384	103	302	390	183	264	81	188	139	66	1787	1216	787	392	303	108	211	37	170	88	517	158	71	240	42	21	16	45	936	1402	955	614	6	212	286	983	531	34	135	98	235	183	120	197	65	244	26	152	54	70	55	65	5	37	40	335	600	313	507	13	228	385	8	167	71	32	10	79	129	81	254	26	72	100	126	100	80	22	0	10	102	45	53	218	74	751	312	125	115	63	113	185	26	105	31	4	78	24	39	4	222	231	157	217	20	9	103	5	11	47	0	9	26	47	123	57	53	32	30	11	0	52	22	29	2	153	35	5	0	21	32	43	35	22	26	62	1325	86	45	32	69	61	8	0	19	13	2	7	110	401	700	92	3	13	76	11	27	66	10	2	24	7	270	0
S3B515	3909	946	595	449	234	314	232	21	33	3838	476	213	226	3898	500	85	50	319	124	52	165	872	604	452	775	417	85	590	187	233	139	60	28	98	99	2092	1605	124	253	223	157	318	74	131	31	59	1037	662	470	229	165	100	176	98	87	57	86	69	42	217	16	2	12	23	482	878	688	1022	14	132	236	478	271	42	84	89	180	111	175	43	29	223	24	49	72	33	29	12	3	23	20	218	461	187	197	6	179	263	12	98	85	53	11	199	57	38	183	21	67	43	80	47	42	65	4	21	55	35	13	110	43	189	103	101	142	70	137	67	67	89	23	2	106	20	27	10	150	121	88	186	24	0	107	0	33	48	12	14	34	36	79	44	48	57	7	0	16	33	733	45	18	56	15	13	0	13	37	33	8	37	20	40	783	60	38	25	97	37	16	8	23	10	3	2	256	150	262	32	10	19	95	19	32	61	3	0	87	9	65	11
S3B6070	19735	2649	2762	885	1031	1158	862	109	16	13107	1143	513	1247	17805	121671	212	4181	918	572	86	706	3923	2881	1765	3913	1398	639	1327	1228	252	615	257	266	783	235	8588	6711	340	926	1101	565	1164	90	221	391	764	4219	3266	2036	1208	1054	227	287	726	549	190	350	504	203	477	286	59	19	119	2001	2955	3392	889	0	852	718	2815	517	116	403	352	643	398	481	262	149	389	129	307	211	191	113	50	64	94	90	551	1182	790	927	30	934	205	48	357	416	71	16	600	366	326	850	54	643	226	195	207	192	82	43	41	219	130	117	927	100	2181	1861	233	403	243	222	1784	1144	197	27	59	219	60	82	7	409	887	691	489	57	57	395	108	39	230	2	289	93	145	326	81	259	113	99	86	22	186	5300	41	4	508	55	12	10	98	175	111	62	68	305	109	2296	68	30	35	211	114	3	26	74	32	3	16	51	705	1724	130	6	118	161	22	217	103	26	38	1381	16	1076	10
S4B07	6118	365	859	5272	292	416	305	213	592	3637	339	102	236	4833	366	1194	666	35	192	60	306	1342	725	583	72	34	548	125	283	1069	196	256	86	22	79	2596	1768	2859	30	484	453	57	347	512	140	41	1082	918	876	335	243	155	814	140	190	323	129	129	12	67	19	8	44	18	567	184	26	168	1701	232	252	32	101	918	258	324	75	245	72	39	255	8	130	83	269	178	36	318	149	29	21	2758	98	145	225	286	237	345	251	372	149	75	260	0	211	32	114	55	7	218	52	92	53	38	74	448	13	19	9	529	600	12	0	317	17	26	0	16	237	46	189	109	62	20	25	789	41	17	3	93	164	341	12	387	17	76	154	21	32	9	63	7	54	44	37	29	64	0	105	116	919	17	227	157	174	13	39	60	29	71	3	20	2	1074	15	208	8	53	8	10	19	0	32	7	735	2	55	672	25	495	93	136	28	17	51	12	6	458	25	266
S4B1522	3808	392	538	420	196	473	143	28	237	2092	593	204	111	2656	172	1005	252	8	63	740	56	579	526	326	66	98	261	14	86	557	149	138	19	17	41	1427	1218	782	92	50	238	236	299	116	69	26	666	533	528	207	142	531	697	54	145	140	64	82	88	62	47	13	44	23	360	311	82	114	1876	327	94	50	284	200	157	261	47	242	59	34	57	75	150	68	113	72	173	229	13	42	21	487	91	119	165	158	120	393	229	172	40	129	82	0	130	248	15	12	6	87	25	32	17	92	75	39	26	22	5	466	123	16	27	335	30	111	14	30	47	45	83	50	43	19	10	267	214	242	50	52	235	128	26	43	54	76	165	20	91	2	17	167	14	10	3	19	67	8	160	133	693	0	82	175	29	50	14	12	84	94	14	46	28	284	89	27	3	68	151	8	40	3	23	61	2546	66	20	72	117	95	105	103	6	27	73	12	57	340	5	39
S4B3040	5933	411	1220	465	331	600	298	17	80	3339	781	287	221	5051	231	1090	299	215	95	1130	82	1122	927	685	159	741	83	345	137	730	151	153	76	40	130	2946	2169	565	890	99	258	337	604	102	68	47	1416	1027	847	340	234	681	801	38	137	272	133	99	70	94	2	42	54	18	792	1051	371	170	188	298	268	112	248	176	275	409	254	360	286	320	223	188	172	121	98	68	382	192	124	122	27	372	727	270	299	251	271	613	67	370	104	136	35	96	103	185	16	22	0	104	84	55	62	117	142	32	83	31	11	113	215	68	71	130	67	151	170	21	76	40	125	11	24	27	24	91	158	190	334	123	369	219	123	35	130	100	123	34	177	28	20	163	63	27	9	34	11	12	92	46	382	26	91	42	23	58	63	14	67	139	28	58	332	104	161	36	96	50	479	8	63	6	20	8	1701	325	79	50	113	75	182	63	33	94	67	24	91	605	9	27
S4B5565	5404	203	764	881	253	630	251	26	101	3234	691	173	219	4274	498	449	363	357	176	896	81	992	790	643	1074	1031	199	527	293	732	197	179	121	61	144	2487	1790	689	788	164	275	230	355	221	112	105	1256	897	624	259	153	458	538	106	141	298	106	121	105	82	6	16	29	14	638	1009	264	310	335	433	280	77	572	216	152	258	167	309	186	358	232	281	305	193	137	64	175	223	156	170	22	635	711	183	243	129	188	424	62	431	128	139	49	106	145	117	22	20	38	121	82	43	51	93	89	117	59	23	8	225	200	28	221	116	81	96	122	33	87	39	49	20	16	42	21	255	182	112	255	188	249	142	151	49	90	98	64	18	48	46	60	106	86	39	326	2	6	12	62	58	221	117	117	64	62	41	109	31	66	89	65	46	558	174	120	52	193	77	238	9	28	4	31	9	819	249	158	84	54	134	244	57	28	105	42	8	92	278	18	44
S5A07	13519	75	1493	2952	762	647	762	114	50	6918	77	141	484	12030	408	170	194	13	453	26	310	2405	1677	1578	216	41	100	38	23	411	40	314	65	38	63	7084	4118	116	12	294	344	30	83	190	217	10	3280	2270	1499	644	510	22	46	34	342	42	228	222	572	55	18	10	21	105	1706	222	0	185	728	233	44	25	15	166	125	273	133	34	128	0	71	0	5	215	20	201	0	11	463	0	76	1026	85	455	587	728	596	205	36	57	51	4	193	0	167	0	195	3	0	85	32	126	148	21	187	133	22	83	34	110	121	31	6	69	0	2	12	0	64	22	14	115	98	24	54	412	3	5	15	21	7	33	2	13	0	43	105	22	0	0	18	7	8	23	20	2	14	12	25	0	179	45	10	79	162	0	7	194	0	9	2	2	0	116	4	53	0	0	13	0	0	18	2	2	66	0	34	179	124	103	0	53	0	0	0	23	14	133	55	150
S5A1522	9308	107	994	4025	576	428	420	60	13	4600	386	316	314	8380	322	288	353	14	192	162	63	1394	1002	1021	189	2	547	62	92	735	60	288	45	20	86	5269	2690	279	38	288	284	3	188	136	146	25	2306	1516	1241	531	330	55	247	4	264	100	130	229	107	107	53	25	45	77	1104	370	0	258	984	193	78	18	110	101	262	187	181	44	58	3	57	6	35	102	34	144	22	68	44	0	47	1202	54	316	392	906	366	91	71	283	91	10	76	4	118	19	98	25	5	59	24	83	123	6	7	69	29	40	12	243	168	12	2	79	18	8	5	9	134	22	76	39	38	16	50	224	2	6	44	23	36	156	3	158	5	95	56	0	4	10	15	11	13	41	11	17	15	11	129	8	228	42	74	77	226	10	15	16	3	4	0	2	4	246	10	106	0	26	8	2	0	8	10	4	167	5	19	68	44	105	24	140	54	12	3	8	14	154	18	0
S5A3040	11275	296	1569	841	583	1685	562	67	189	5652	610	277	372	9484	249	480	610	26	199	362	101	1637	1249	1116	154	266	619	43	65	669	162	240	17	35	136	5462	3152	528	488	114	360	214	446	106	176	40	2563	1729	1327	990	404	126	576	42	336	209	195	279	77	56	145	14	49	69	1336	447	81	311	1464	373	316	22	314	268	262	412	190	332	49	104	45	76	201	189	152	176	195	184	7	85	70	412	242	319	441	387	365	258	213	138	106	285	77	24	155	60	100	23	2	62	37	58	92	18	21	36	52	43	21	511	162	26	9	222	31	69	34	25	136	24	84	37	36	28	33	483	79	40	74	96	173	115	18	266	81	93	161	18	20	15	17	6	25	34	47	22	5	12	182	42	461	13	173	338	54	7	5	44	119	74	19	75	40	179	55	57	4	51	48	11	5	18	72	111	810	47	70	95	81	99	139	160	62	11	21	11	162	570	18	52
S5A5565	3282	62	588	61	212	1330	161	0	137	2192	152	166	137	2938	101	354	214	123	43	25	6	702	528	501	81	800	330	269	70	70	103	84	117	15	43	2049	1453	204	767	97	100	330	183	7	108	64	1006	584	470	247	210	51	170	148	78	41	40	74	27	58	13	48	31	9	557	443	175	86	105	956	106	0	51	27	71	124	78	97	34	194	35	119	52	59	63	31	10	27	13	78	9	81	255	140	165	231	162	113	49	20	2	183	0	38	67	119	9	26	4	17	20	35	35	20	32	17	114	29	2	101	82	53	344	30	36	31	56	7	332	23	0	6	3	14	13	15	29	24	285	65	9	39	112	10	58	56	44	0	45	45	10	6	80	13	5	3	54	10	142	0	6	72	8	5	4	2	206	44	59	21	83	52	457	0	96	3	22	33	32	8	13	9	9	0	1270	178	32	17	46	5	64	23	101	16	4	12	285	22	28	0
S5B07	8852	187	1220	3418	513	484	435	95	182	4708	267	326	348	7515	344	571	451	16	196	179	178	1574	1167	991	140	18	427	77	112	876	119	262	90	20	61	4317	2825	1399	41	277	420	25	272	267	159	31	2061	1439	1141	637	384	77	563	21	193	194	159	172	46	67	44	14	51	49	982	176	5	184	909	266	217	45	206	483	264	280	120	107	79	5	127	3	91	155	129	150	34	181	131	11	37	1463	106	299	476	450	317	296	73	217	142	45	99	0	203	0	74	34	6	106	30	101	63	12	5	246	24	44	12	197	423	11	0	166	21	27	3	12	164	9	85	111	18	41	32	395	2	22	3	50	63	225	87	146	9	94	43	9	4	11	28	9	30	18	23	24	12	7	54	110	341	35	137	134	184	9	4	57	20	39	0	6	0	417	9	191	0	25	0	10	0	13	18	20	261	9	46	297	0	250	22	92	17	11	15	9	33	422	36	190
S5B1522	6159	342	855	1696	345	508	216	33	111	3429	555	204	208	4654	555	330	495	125	87	542	97	1150	701	599	90	316	392	135	119	411	111	126	44	21	80	2779	1834	1058	413	131	393	151	240	120	90	34	1370	816	859	539	220	360	374	64	150	197	53	118	114	72	90	12	33	31	690	448	47	126	1302	229	112	36	448	267	347	262	102	103	62	52	147	57	170	82	141	124	153	186	40	56	18	1068	222	162	254	375	241	189	127	157	94	148	102	30	86	66	66	31	0	100	35	76	48	40	30	96	22	29	8	308	226	17	14	163	36	83	40	31	129	68	52	43	22	36	16	437	56	83	82	72	132	106	109	31	38	26	129	22	19	42	16	12	22	36	15	37	17	2	223	65	396	14	79	114	94	67	19	14	36	54	15	27	74	311	147	112	39	64	39	9	3	3	41	35	621	71	62	133	45	135	99	19	36	26	20	11	528	315	0	33
S5B3040	5174	1724	1376	2214	301	1248	363	850	178	4127	1645	451	282	4525	3828	780	493	622	191	595	215	1483	768	921	602	1208	519	1051	393	754	247	294	293	40	137	2674	1883	1417	1116	285	465	1222	385	227	114	79	1347	869	844	507	268	394	558	219	131	257	167	119	816	98	54	66	73	27	624	1493	700	376	1007	416	766	96	489	478	800	310	180	240	184	513	185	434	199	108	188	148	231	150	155	175	36	1224	513	187	295	1038	291	315	96	347	191	316	155	77	115	226	60	51	67	136	230	82	53	84	106	166	107	35	14	320	386	233	179	258	80	124	174	40	219	261	114	75	41	65	24	427	147	106	188	243	166	313	173	58	115	106	110	85	111	196	69	37	100	120	30	35	37	18	311	118	317	238	198	112	146	33	156	67	91	83	47	72	720	458	217	169	104	79	120	8	10	8	38	29	801	629	116	161	130	153	182	49	55	47	47	16	4193	313	24	68
S5B5060	5190	566	891	383	248	495	294	401	20	3794	1797	364	505	4478	1818	92	152	376	93	82	93	1777	685	730	507	750	1215	804	374	184	225	128	249	222	72	2422	1720	403	552	274	395	988	79	57	173	1166	1139	797	588	376	237	78	125	172	133	103	138	101	368	62	151	167	11	32	581	1312	1907	127	192	470	634	93	36	65	262	110	216	119	167	470	115	244	21	67	138	76	87	176	44	51	30	244	368	170	326	660	215	161	32	87	124	74	29	533	120	234	48	47	37	79	110	51	46	74	27	49	228	31	11	505	103	214	1423	96	76	37	131	13	608	112	30	14	21	43	20	82	80	341	656	209	130	81	148	16	36	409	9	75	40	131	92	54	125	222	7	152	5	58	160	22	44	236	38	17	28	3	131	58	40	46	258	73	1461	60	49	21	192	31	3	28	26	7	5	5	138	236	527	24	6	170	46	36	159	48	9	3	4371	31	763	16
S6A07	6312	417	682	238	402	354	510	543	12	5462	987	208	262	5705	140	2113	210	1143	784	77	467	1025	894	973	57	0	31	59	231	71	398	397	257	46	56	3399	2295	1409	34	248	434	14	218	175	77	17	1586	1019	520	312	234	379	230	583	155	256	255	113	44	54	89	50	67	62	706	288	249	775	81	283	176	344	262	545	185	125	118	10	91	0	527	0	26	143	144	122	24	89	87	28	35	615	133	620	267	246	256	258	598	21	300	30	762	175	120	19	7	800	13	17	110	51	74	29	61	6	13	22	11	5	617	8	10	83	296	70	15	37	36	334	142	201	18	60	17	1350	48	688	17	56	5	209	7	269	99	7	81	151	20	190	30	65	32	9	9	3	104	16	0	2870	17	0	456	88	157	82	127	35	11	119	54	53	0	27	75	7	7	0	19	497	64	18	11	41	60	0	33	0	74	22	8	0	68	61	24	38	0	11	0	205
S6A1522	4322	424	1045	216	447	696	224	135	7	3046	1074	426	167	3876	94	2203	61	1019	540	113	215	771	867	605	64	0	28	119	407	256	222	316	987	27	57	2245	1804	353	195	66	184	63	203	215	56	47	1092	737	479	259	179	522	29	161	119	216	368	77	47	49	45	212	70	48	595	233	59	1119	156	281	338	842	490	86	144	164	64	44	252	12	430	77	32	98	163	149	145	22	2	21	16	215	545	632	203	24	180	74	395	7	348	134	379	376	69	56	2	771	83	27	121	53	48	49	60	10	8	13	4	24	187	65	181	505	85	244	120	134	0	170	143	39	12	12	9	425	361	562	202	9	8	27	21	354	161	520	70	29	15	7	0	128	14	6	10	46	97	32	0	1173	7	4	191	142	26	119	37	11	24	14	40	9	40	33	370	57	15	126	110	436	155	4	47	52	568	17	41	0	81	0	14	0	11	45	41	0	0	19	0	20
S6A3040	8179	277	1229	123	574	514	405	82	8	4845	501	149	315	7407	194	921	1068	109	346	40	208	1313	1508	985	113	30	141	212	977	252	104	243	77	47	49	4288	3045	104	356	138	222	65	68	380	176	88	2216	1407	951	467	484	809	29	394	193	190	108	193	100	72	114	76	51	36	1070	307	1450	262	255	183	234	137	55	42	117	229	141	166	195	83	65	88	355	131	144	293	17	23	10	86	37	508	926	571	440	19	361	34	256	100	167	407	123	101	105	123	68	253	63	46	87	101	90	94	11	12	42	66	8	58	224	39	189	229	70	306	158	122	0	16	133	19	4	12	25	13	247	74	119	18	12	3	42	96	74	39	15	7	0	13	3	43	21	15	3	13	12	40	25	38	0	460	0	26	0	190	0	0	69	46	10	48	472	8	261	36	82	166	61	9	56	23	13	59	1106	271	0	0	34	11	3	32	0	12	70	0	0	2	0	15
S6B07	11648	487	1621	230	861	495	858	365	82	7660	405	243	517	10601	247	2134	153	393	860	4	248	2411	1694	1708	182	10	0	104	217	157	380	174	253	93	73	6541	4515	1524	8	310	564	6	427	102	146	19	2780	1749	1505	869	455	102	288	746	261	43	276	211	51	40	111	39	7	72	1406	204	607	451	0	327	136	238	318	1020	47	220	117	0	117	0	202	0	7	207	118	156	9	7	330	5	45	558	136	405	528	329	593	361	1084	2	250	27	657	76	167	3	8	54	17	43	31	130	94	60	64	36	26	96	30	11	856	17	0	15	454	9	28	6	28	112	81	855	30	133	40	751	0	403	0	78	0	129	0	87	84	4	20	248	9	64	0	20	0	0	56	17	78	14	0	1405	24	0	1128	82	43	0	235	122	8	114	8	0	0	0	10	4	0	2	0	32	88	8	23	55	0	5	86	0	183	0	0	0	40	20	26	175	0	0	0	128
S6B1522	7143	574	1232	191	441	433	406	344	14	5307	693	496	304	6532	159	3029	91	167	850	410	281	1439	1155	985	111	0	18	38	689	166	327	163	658	43	72	3636	2883	620	9	117	250	37	166	201	68	38	1763	1231	884	486	302	424	133	45	160	295	223	162	50	81	29	257	25	35	898	434	9	1490	14	292	333	243	357	119	43	281	83	30	128	10	345	3	0	172	90	88	73	18	21	29	43	345	276	861	331	48	270	311	592	7	261	73	531	346	103	40	0	291	13	41	81	86	83	30	89	13	6	34	22	9	166	56	54	110	432	109	32	62	30	55	128	91	13	42	29	680	120	793	38	0	10	168	7	325	190	29	35	78	9	36	0	44	40	48	21	27	86	9	0	1825	14	0	713	71	65	80	35	10	31	0	89	11	4	7	227	63	9	56	25	355	114	6	22	36	700	7	79	23	38	9	16	0	71	23	37	3	0	11	0	0
S6B3040	6424	274	1102	189	406	622	375	161	0	4037	574	434	259	5542	123	1771	315	553	353	92	325	1136	1134	722	146	28	181	156	471	264	206	115	79	31	59	3008	2265	551	101	73	540	29	58	237	96	55	1546	1014	843	359	287	362	69	377	186	224	154	108	37	50	77	172	8	32	753	325	91	1159	105	220	239	410	145	135	373	179	121	89	186	40	183	126	33	147	203	113	56	9	6	11	42	219	536	567	295	76	261	83	490	101	172	103	381	197	107	43	4	150	59	37	73	104	49	71	38	27	107	34	18	9	208	37	210	195	140	106	224	196	22	43	134	80	68	10	22	180	153	342	41	6	0	35	36	187	139	19	63	50	20	21	2	48	34	22	6	25	108	29	4	652	11	20	23	71	51	149	77	0	65	6	35	36	162	291	182	8	64	64	108	206	134	18	32	7	509	231	46	19	181	4	0	3	10	25	57	2	2	11	14	3
S7A07	5638	937	765	250	372	530	566	489	519	4369	111	724	218	5296	106	1047	238	139	400	65	322	1533	786	574	80	107	37	115	284	76	313	108	229	7	64	3028	1957	930	46	302	1042	8	197	310	149	20	1382	993	902	323	263	413	662	227	232	46	185	155	31	40	336	47	72	37	631	351	65	179	108	206	292	34	163	478	103	180	156	0	186	2	222	0	27	121	90	87	120	145	406	8	25	168	260	287	263	1360	273	428	791	403	562	22	283	39	205	0	11	78	13	71	321	37	51	8	28	9	8	84	11	44	563	33	53	96	253	18	13	10	39	31	68	161	11	48	15	1920	18	173	5	56	8	75	34	83	204	9	15	86	38	58	38	30	21	24	46	35	11	23	3	15	30	55	43	250	224	31	81	3	0	0	57	6	0	308	2	90	21	5	0	323	16	4	452	67	0	0	173	88	164	4	19	0	5	22	12	44	0	150	108	1393
S7A1522	3569	618	1190	60	527	645	183	419	40	2939	729	423	149	3423	105	2593	1011	348	573	266	404	587	740	477	135	0	147	71	737	126	196	82	7	12	46	1794	1644	184	297	54	221	132	99	373	90	49	998	644	504	183	134	824	67	564	116	199	66	93	157	123	156	293	81	16	383	274	405	874	582	310	342	320	330	43	337	194	89	161	269	8	286	52	46	115	171	164	177	166	3	52	18	249	697	379	189	110	132	55	283	18	329	89	450	311	42	149	0	311	39	35	166	38	41	102	125	8	109	16	5	80	333	186	79	523	115	263	196	193	14	129	236	124	105	5	9	75	429	533	146	9	28	13	33	105	305	44	64	35	11	71	16	127	27	21	2	69	213	41	16	48	4	11	0	349	54	260	0	20	106	54	49	71	16	32	63	222	80	456	107	241	86	4	70	73	719	64	109	3	0	12	21	21	35	33	102	0	0	0	0	6
S7A3040	5605	1223	1544	132	489	1110	313	202	10	3620	1318	177	263	5133	201	1534	718	169	608	416	342	1012	1285	666	113	60	22	201	2404	312	169	94	32	205	84	2938	2681	280	468	96	157	117	94	318	85	117	1486	957	659	293	193	746	104	1022	138	275	234	169	254	100	493	368	62	34	806	562	1412	582	94	258	595	197	219	107	934	215	323	225	275	103	221	186	365	83	210	133	80	111	9	130	28	655	1046	914	238	133	236	82	321	144	275	337	127	212	54	406	8	493	129	68	154	52	61	378	57	11	86	27	5	178	466	135	55	470	397	396	255	182	29	419	203	69	51	21	36	23	525	198	163	9	48	4	124	95	142	36	17	38	14	7	42	111	19	20	17	73	125	76	129	21	0	127	0	157	13	482	28	72	118	46	40	67	215	48	181	202	145	365	112	58	89	9	64	16	2119	170	16	0	18	54	32	18	9	23	114	5	0	6	0	24
S7A5060	1645	449	308	238	146	190	90	23	9	1323	409	49	54	1385	48	240	14	41	123	76	173	270	633	193	289	36	0	42	441	85	62	10	14	197	29	936	739	37	170	23	44	46	67	46	60	21	506	239	174	87	53	100	24	378	31	106	37	33	36	26	43	11	27	5	217	223	1187	194	12	42	154	66	25	17	108	44	76	31	131	93	97	91	173	56	52	28	53	24	11	64	12	139	532	352	61	5	59	22	11	157	79	96	37	17	45	28	86	59	44	14	27	12	16	31	8	6	0	8	0	17	138	0	0	198	102	167	69	19	6	10	7	4	0	0	0	32	167	37	31	12	17	3	15	4	32	23	0	2	8	14	26	6	6	13	0	15	2	29	5	25	0	251	0	6	5	25	0	96	40	12	10	23	702	28	5	19	110	15	33	19	18	2	8	2	556	181	0	0	0	8	15	9	0	0	9	3	4	2	0	14
S7B07	5563	363	598	201	270	372	405	380	163	3622	107	139	187	5030	119	818	169	80	421	55	492	1196	664	665	70	18	35	18	305	104	147	67	449	20	14	2148	1680	569	11	381	541	0	184	155	120	0	1000	877	731	297	210	518	300	160	175	83	138	130	19	27	53	32	28	18	476	317	86	70	47	176	96	29	157	394	114	147	79	2	216	0	128	0	11	107	25	79	18	94	269	12	18	204	103	168	237	739	232	187	320	158	353	0	218	58	131	0	2	23	16	57	56	50	52	0	17	9	4	39	10	0	365	16	3	85	111	8	3	2	8	37	31	104	28	76	15	976	0	290	0	78	0	33	0	18	148	0	0	52	0	96	13	15	9	0	8	32	7	36	0	11	3	76	215	26	165	15	74	20	0	5	12	0	0	322	0	83	13	0	0	170	3	0	195	37	0	0	96	41	147	2	11	0	23	35	6	68	0	63	58	381
S7B1522	4755	631	1069	107	320	476	343	664	192	4097	328	448	224	4383	77	2363	398	229	587	706	473	1177	805	586	138	12	106	75	572	187	185	159	227	4	39	2260	1912	508	101	340	423	32	85	257	190	33	1116	842	740	310	223	815	243	199	147	302	131	114	114	55	68	237	38	29	602	354	296	444	315	243	309	93	179	319	215	258	83	110	396	9	124	14	98	108	101	109	107	318	149	15	9	224	140	339	222	600	207	217	486	61	348	89	535	174	133	33	9	300	38	40	75	44	40	33	60	11	19	20	7	10	396	1437	99	494	186	194	62	51	11	119	104	233	23	60	18	1030	219	726	56	55	19	118	200	53	288	12	57	62	10	92	6	21	23	22	370	67	72	39	2	186	4	48	64	51	135	276	42	18	75	0	80	52	23	162	80	278	44	77	24	187	86	5	150	106	443	11	95	38	74	9	35	18	74	37	54	43	0	42	59	266
S7B3040	9795	608	1684	130	705	838	548	434	70	5257	601	460	314	8769	219	2802	499	140	476	884	335	1618	1741	1153	200	3	72	93	898	251	184	161	65	30	75	5253	3503	299	271	160	280	66	115	387	178	35	2362	1614	1214	433	437	779	126	820	265	224	169	248	214	67	83	295	69	62	1307	311	1035	745	587	216	382	196	148	83	90	351	261	139	320	29	118	16	199	133	42	198	19	49	96	57	61	348	889	767	420	323	516	137	348	105	229	102	201	291	167	125	4	221	50	49	64	92	82	139	81	35	7	70	35	165	249	80	155	543	155	334	179	33	10	46	270	71	14	24	51	197	471	581	91	17	15	44	11	66	252	8	83	25	5	8	8	36	25	8	6	55	66	38	23	70	0	36	33	74	99	408	20	13	73	10	39	69	82	66	65	299	72	94	98	116	119	27	74	39	1671	47	46	11	22	41	12	13	21	3	143	12	0	15	25	142
S7B5060	7870	624	1009	104	497	490	510	155	13	4500	603	205	218	7161	159	968	179	119	228	421	204	1158	1398	898	564	22	58	138	549	245	181	113	46	208	77	4202	2646	133	344	115	275	49	126	161	147	12	2130	1352	906	368	304	303	54	617	202	199	208	203	108	57	43	131	38	26	1080	330	1332	482	225	206	183	126	99	72	120	230	223	81	178	109	159	46	321	185	76	114	53	46	13	88	25	314	1219	736	343	73	313	111	185	216	178	131	134	103	88	82	54	155	41	67	32	86	61	60	49	9	28	54	6	31	222	24	63	348	61	199	103	40	13	29	86	38	21	17	29	135	377	220	41	24	6	26	48	25	100	26	50	37	10	31	30	41	20	3	9	17	34	43	9	40	0	253	17	29	28	117	7	125	74	10	30	41	527	38	21	120	87	140	106	33	71	13	32	30	910	72	6	8	20	23	13	9	5	0	37	15	0	5	0	26
zr2502_11_R1	438	106	87	24	72	33	22	64	69	37	36	65	13	0	0	54	13	0	20	20	4	0	0	0	0	38	33	36	0	0	22	0	7	15	35	0	0	0	0	0	0	115	0	8	0	11	0	0	0	0	23	5	39	59	0	0	72	0	15	0	13	0	0	0	0	0	0	0	78	0	0	12	0	0	0	0	0	0	0	6	0	43	14	6	0	0	0	0	36	7	0	0	18	0	24	33	0	0	0	0	0	0	0	0	0	14	0	0	0	0	0	0	0	0	0	0	17	0	0	0	0	0	0	0	0	0	0	0	0	7	0	0	0	0	0	12	0	0	0	0	0	0	0	0	0	0	22	0	14	0	0	0	0	0	0	19	0	0	0	56	0	0	0	0	10	6	0	0	0	0	0	0	19	0	19	0	0	6	0	0	0	0	0	0	0	0	0	0	0	0	16	17	0	0	0	0	68	0	30	60
zr2502_12_R1	1450	38	30	145	101	0	72	12	29	0	31	46	15	0	0	0	0	49	32	61	20	110	0	0	0	88	57	34	0	50	0	0	0	0	38	0	0	23	0	68	0	0	11	33	60	87	0	0	33	0	0	0	29	69	0	0	0	0	37	0	0	13	0	0	0	0	72	0	0	0	10	0	0	0	6	58	0	30	0	16	0	8	0	0	15	0	0	0	0	24	0	0	0	0	0	0	0	0	0	0	0	0	36	17	0	0	0	44	12	20	0	12	0	0	0	0	3	0	0	0	0	0	30	0	0	0	0	0	0	0	0	19	0	0	0	61	0	115	27	0	55	0	27	73	0	0	7	0	0	0	0	0	0	0	0	0	27	0	48	0	30	0	0	0	0	0	0	0	0	0	18	0	72	102	0	7	19	0	0	0	0	0	0	0	0	0	0	0	0	0	7	0	18	0	0	4	121	0	0	25
zr2502_13_R1	784	22	0	0	0	0	35	7	0	0	0	0	42	48	0	0	294	37	0	70	0	0	0	0	0	64	0	0	0	42	7	0	20	0	31	0	0	19	0	0	0	0	15	0	0	0	11	0	0	0	18	0	0	0	0	0	48	0	0	0	0	60	0	0	0	0	54	0	0	0	0	44	0	0	133	0	0	0	6	0	14	0	0	0	39	0	0	0	0	8	0	0	0	0	0	13	0	36	0	32	15	0	36	36	0	0	5	0	13	0	0	0	0	0	0	34	29	0	0	0	95	0	22	0	0	0	0	0	0	0	22	0	8	0	0	0	0	0	0	0	0	0	0	42	0	0	0	14	0	0	0	0	0	8	0	0	0	0	0	0	28	0	0	0	0	0	22	0	0	0	8	0	0	140	0	0	0	0	0	0	0	59	0	0	15	0	0	0	0	0	0	0	0	0	0	0	37	0	0	0
zr2502_14_R1	33	27	0	31	109	179	0	28	8	0	0	32	0	0	7	53	44	0	66	0	19	25	0	33	354	0	89	32	23	0	58	30	41	0	0	0	197	0	0	0	41	0	109	5	0	0	0	0	130	24	225	21	0	0	0	0	0	29	0	0	0	0	10	0	47	58	0	11	28	66	10	0	0	0	8	0	0	0	32	0	0	32	0	0	0	0	0	73	28	0	0	24	0	0	0	0	0	0	0	0	28	3	0	18	10	0	0	0	15	0	9	0	0	0	13	87	0	46	0	0	0	0	0	0	130	0	0	0	0	15	29	0	0	11	15	0	0	0	0	0	0	0	0	13	28	29	32	0	0	43	0	0	0	0	16	4	0	4	18	78	0	0	34	0	11	0	0	44	0	7	0	0	22	0	0	0	0	0	0	0	0	0	0	0	0	0	0	0	0	0	0	0	19	0	16	0	0	163	27	0
zr2502_1_R1	205	33	58	0	39	49	0	72	57	63	58	62	0	0	0	32	59	25	0	7	0	0	0	0	13	18	81	0	33	0	44	22	22	14	16	0	0	0	0	0	0	109	0	3	0	0	0	0	0	42	0	0	23	20	32	0	38	0	0	0	9	0	29	0	0	35	0	0	54	12	0	20	19	0	0	0	0	0	0	0	0	28	0	22	0	35	11	0	0	0	0	0	0	0	26	53	0	0	24	0	0	24	0	23	0	0	0	0	24	0	41	0	0	19	15	0	0	0	0	0	0	11	0	0	0	0	0	0	9	0	0	0	0	0	0	0	0	0	0	0	0	0	0	0	0	0	0	0	0	0	0	0	14	0	0	23	0	0	0	83	0	31	0	0	17	0	0	3	8	0	0	0	19	0	0	0	0	0	0	0	0	0	0	0	0	0	0	7	0	90	0	13	6	0	0	0	22	0	21	29
zr2502_33_R1	443	56	490	56	147	10	17	15	14	34	11	0	0	1671	1845	23	0	0	0	0	0	0	808	5	0	26	0	25	0	81	0	0	0	13	0	996	0	0	0	7	0	42	0	0	0	0	0	0	0	0	0	5	0	32	0	0	0	0	0	0	0	0	0	0	0	0	26	45	19	0	0	0	0	0	0	45	0	0	0	0	7	0	34	0	0	0	0	0	0	0	14	0	18	0	0	31	0	0	0	7	0	0	0	0	0	8	0	51	0	0	0	0	39	0	29	0	0	0	18	0	0	0	7	26	0	0	0	14	24	0	0	0	0	0	0	0	0	15	0	91	19	0	0	0	0	0	0	0	0	0	0	0	0	0	0	0	0	0	0	10	3	0	0	0	0	12	0	0	0	0	0	0	0	0	32	0	0	0	30	2	0	0	20	0	0	0	0	6	12	0	0	0	0	0	0	0	0	0	25	63
zr2502_34_R1	4973	159	33	208	55	3	318	0	56	0	0	32	28	0	0	0	31	0	11	175	4	1474	0	0	0	248	11	16	51	7	23	10	0	0	17	0	21	26	39	66	61	46	23	24	97	46	0	0	53	0	0	0	28	0	0	0	62	0	60	21	0	19	0	25	0	0	63	0	15	0	0	0	0	18	0	55	0	73	0	24	0	0	0	0	0	3	0	0	0	46	0	0	0	0	0	0	0	0	0	0	0	16	0	47	0	7	0	0	38	0	0	14	0	11	0	0	0	0	0	0	39	0	154	0	0	0	72	0	0	0	0	8	11	17	0	23	0	264	14	0	0	45	44	0	0	0	15	7	0	11	0	26	0	0	0	0	23	0	0	0	198	0	0	17	0	6	20	0	0	0	13	15	49	0	0	0	61	0	0	0	16	0	56	0	0	0	0	0	0	0	0	0	0	0	6	19	198	0	0	52
zr2502_35_R1	557	168	324	48	121	24	26	39	43	15	19	8	0	1611	2434	26	0	4	0	17	8	13	27	23	0	23	0	0	0	0	0	0	0	8	0	1860	0	10	0	0	0	47	0	0	0	15	0	0	0	0	0	10	0	19	53	10	0	6	0	5	0	0	6	7	0	0	3	0	0	0	0	0	0	0	0	0	0	0	0	6	0	12	11	0	0	0	11	0	0	0	4	19	0	0	0	0	0	0	9	0	0	0	0	14	0	16	0	0	0	0	0	0	86	0	0	0	2	0	11	0	0	0	16	0	0	0	0	32	13	0	0	0	0	0	0	0	0	24	0	0	0	0	0	0	0	0	0	0	11	0	2	0	0	12	0	0	0	0	0	0	30	8	0	0	12	0	0	0	0	0	0	0	0	0	0	0	0	0	0	0	0	0	0	0	0	0	0	0	0	0	0	16	0	0	0	0	30	0	55	0
zr2502_36_R1	3266	85	0	28	0	0	214	0	11	4	0	0	4	19	0	0	35	4	0	134	0	7	12	0	0	193	0	0	0	0	0	124	0	0	0	0	0	0	9	0	0	0	0	0	0	0	0	11	0	0	0	0	0	0	0	0	0	0	0	0	0	15	0	0	0	0	0	0	0	0	0	0	0	0	0	0	0	47	0	12	0	0	0	0	0	0	0	0	0	5	0	0	0	0	0	0	0	0	0	0	0	0	0	18	0	0	14	0	0	0	0	0	0	0	0	0	0	0	0	0	0	0	99	0	0	0	43	0	0	0	0	0	0	0	0	0	0	10	0	0	31	32	0	0	0	0	3	0	0	0	0	14	0	0	0	0	0	0	0	6	125	0	0	3	0	0	8	0	0	0	0	0	0	0	0	0	49	0	0	0	0	0	0	19	0	0	0	0	0	21	0	0	0	0	0	0	144	0	0	0
zr2502_37_R1	286	0	959	0	31	0	11	58	10	354	0	0	0	1475	570	0	0	0	0	0	8	0	416	18	343	10	7	0	16	58	0	0	0	0	0	837	179	0	131	0	60	14	20	0	0	0	108	642	0	9	0	0	0	0	0	0	0	0	0	0	0	0	19	0	0	0	0	0	0	0	0	0	112	15	0	0	19	0	0	0	20	11	0	0	0	8	0	26	0	0	0	0	0	51	0	0	78	0	0	0	0	0	0	0	0	0	0	0	28	0	0	0	0	0	0	0	0	9	0	26	0	0	0	0	33	224	0	0	0	0	0	0	0	0	0	0	0	0	0	43	0	0	0	0	0	31	0	0	0	0	10	0	0	0	0	0	6	0	0	36	0	30	16	0	0	0	0	0	0	0	0	0	0	0	0	0	0	0	0	42	0	0	0	0	0	0	0	0	0	0	0	0	0	0	0	0	0	0	0	0
zr2502_38_R1	150	80	213	83	46	12	0	85	58	1679	54	13	9	194	220	28	0	29	38	0	12	0	2192	197	217	0	13	0	27	290	0	0	0	28	3	139	574	13	1125	95	144	95	0	0	81	36	139	789	72	23	0	0	0	0	93	9	0	0	16	56	11	0	0	0	19	0	0	50	89	15	80	0	245	38	0	0	297	0	0	9	48	10	38	7	0	0	18	0	44	0	4	0	0	0	0	59	55	0	0	0	0	14	63	0	22	12	0	0	18	0	0	0	0	0	0	0	0	0	0	0	0	0	0	0	22	133	0	43	0	0	0	0	0	0	0	0	39	48	0	168	32	0	0	0	0	0	18	0	0	0	0	0	0	0	0	0	0	9	32	0	0	62	152	0	0	0	0	0	0	0	11	0	0	0	0	51	0	0	48	0	0	0	0	0	0	29	109	39	0	0	0	30	0	23	0	0	0	23	18	0
zr2502_39_R1	78	30	981	21	0	17	0	0	0	308	22	0	19	1449	1142	22	0	0	30	0	0	0	463	896	41	0	0	0	0	59	0	114	21	0	0	1521	22	0	712	0	156	0	0	0	77	0	29	89	0	0	0	0	0	0	0	13	0	85	0	49	13	3	0	17	0	0	0	0	0	0	0	9	15	68	0	0	0	26	9	8	0	0	0	0	18	0	0	0	0	7	0	0	0	0	0	0	0	17	0	0	0	0	0	9	0	0	26	0	0	0	0	0	0	0	26	0	0	0	0	18	0	0	0	17	0	0	28	0	25	0	0	0	0	0	0	0	91	0	0	49	0	0	0	0	43	0	0	0	0	0	8	14	0	0	14	0	0	0	0	0	0	0	25	0	0	0	0	0	0	0	0	45	0	0	0	0	24	0	0	0	6	13	10	0	10	0	120	6	0	0	0	0	0	11	0	8	0	0	0	0
zr2502_3_R1	417	171	42	34	195	52	25	24	107	0	10	42	23	0	9	0	131	15	46	9	0	24	0	0	37	29	36	22	13	0	61	6	37	19	0	0	0	25	0	32	0	97	145	0	53	40	0	0	0	0	45	14	0	0	69	13	0	7	0	0	0	0	8	22	21	21	35	0	0	0	0	0	0	0	0	0	30	8	0	18	0	42	0	0	7	0	19	19	45	18	0	0	0	66	0	0	0	0	0	12	0	0	34	48	0	16	32	0	92	25	0	0	0	2	0	0	0	0	12	0	0	25	18	0	0	0	0	27	0	0	0	0	0	0	14	0	0	0	0	0	0	0	0	0	0	0	21	0	23	0	0	0	10	39	0	0	0	0	46	63	6	25	0	0	21	0	36	0	10	4	0	0	0	0	0	0	0	38	23	0	0	0	0	6	0	37	0	0	15	0	0	22	0	0	0	0	63	113	28	51
