SampleID	Collection_date	depth	ID	Environmental_medium	Geographic.Location	Study_zone	Ecological_type	season	Mangrove_system	Mangrove_type	Depths	sample_id_original	sample_id_clean	network_group	network_dataset	network_label	network_system	network_zone	depth_class_raw	depth_class	depth_raw
S1A015	2023-09-28	0-15	S1A	sediment	Mexico:Tabasco	Rio San Pedro	Fringe	flood	San Pedro River	Interior	Surface	S1A015	S1A015	Interior_relict	interior_impaired	Interior relicto vs Términos impaired	San Pedro River	Rio San Pedro	Surface	Surface	0-15
S1A1530	2023-09-28	16-30	S1A	sediment	Mexico:Tabasco	Rio San Pedro	Fringe	flood	San Pedro River	Interior	Mid	S1A1530	S1A1530	Interior_relict	interior_impaired	Interior relicto vs Términos impaired	San Pedro River	Rio San Pedro	Mid	Mid	16-30
S1A3050	2023-09-28	31-45	S1A	sediment	Mexico:Tabasco	Rio San Pedro	Fringe	flood	San Pedro River	Interior	Deep	S1A3050	S1A3050	Interior_relict	interior_impaired	Interior relicto vs Términos impaired	San Pedro River	Rio San Pedro	Deep	Deep	31-45
S1A5075	2023-09-28	50-70	S1A	sediment	Mexico:Tabasco	Rio San Pedro	Fringe	flood	San Pedro River	Interior	Deep	S1A5075	S1A5075	Interior_relict	interior_impaired	Interior relicto vs Términos impaired	San Pedro River	Rio San Pedro	Deep	Deep	50-70
S1B07	2023-09-28	0-15	S1B	sediment	Mexico:Tabasco	Rio San Pedro	Fringe	flood	San Pedro River	Interior	Surface	S1B07	S1B07	Interior_relict	interior_impaired	Interior relicto vs Términos impaired	San Pedro River	Rio San Pedro	Surface	Surface	0-15
S1B2230	2023-09-28	16-30	S1B	sediment	Mexico:Tabasco	Rio San Pedro	Fringe	flood	San Pedro River	Interior	Mid	S1B2230	S1B2230	Interior_relict	interior_impaired	Interior relicto vs Términos impaired	San Pedro River	Rio San Pedro	Mid	Mid	16-30
S1B3040	2023-09-28	31-45	S1B	sediment	Mexico:Tabasco	Rio San Pedro	Fringe	flood	San Pedro River	Interior	Deep	S1B3040	S1B3040	Interior_relict	interior_impaired	Interior relicto vs Términos impaired	San Pedro River	Rio San Pedro	Deep	Deep	31-45
S1B6575	2023-09-28	50-70	S1B	sediment	Mexico:Tabasco	Rio San Pedro	Fringe	flood	San Pedro River	Interior	Deep	S1B6575	S1B6575	Interior_relict	interior_impaired	Interior relicto vs Términos impaired	San Pedro River	Rio San Pedro	Deep	Deep	50-70
S2A1727	2023-09-28	16-30	S2A	sediment	Mexico:Tabasco	Rio San Pedro	Fringe	flood	San Pedro River	Interior	Mid	S2A1727	S2A1727	Interior_relict	interior_impaired	Interior relicto vs Términos impaired	San Pedro River	Rio San Pedro	Mid	Mid	16-30
S2A3545	2023-09-28	31-45	S2A	sediment	Mexico:Tabasco	Rio San Pedro	Fringe	flood	San Pedro River	Interior	Deep	S2A3545	S2A3545	Interior_relict	interior_impaired	Interior relicto vs Términos impaired	San Pedro River	Rio San Pedro	Deep	Deep	31-45
S2A5060	2023-09-28	50-70	S2A	sediment	Mexico:Tabasco	Rio San Pedro	Fringe	flood	San Pedro River	Interior	Deep	S2A5060	S2A5060	Interior_relict	interior_impaired	Interior relicto vs Términos impaired	San Pedro River	Rio San Pedro	Deep	Deep	50-70
S2A515	2023-09-28	0-15	S2A	sediment	Mexico:Tabasco	Rio San Pedro	Fringe	flood	San Pedro River	Interior	Surface	S2A515	S2A515	Interior_relict	interior_impaired	Interior relicto vs Términos impaired	San Pedro River	Rio San Pedro	Surface	Surface	0-15
S2B07	2023-09-28	0-15	S2B	sediment	Mexico:Tabasco	Rio San Pedro	Fringe	flood	San Pedro River	Interior	Surface	S2B07	S2B07	Interior_relict	interior_impaired	Interior relicto vs Términos impaired	San Pedro River	Rio San Pedro	Surface	Surface	0-15
S2B1522	2023-09-28	16-30	S2B	sediment	Mexico:Tabasco	Rio San Pedro	Fringe	flood	San Pedro River	Interior	Mid	S2B1522	S2B1522	Interior_relict	interior_impaired	Interior relicto vs Términos impaired	San Pedro River	Rio San Pedro	Mid	Mid	16-30
S2B3040	2023-09-28	31-45	S2B	sediment	Mexico:Tabasco	Rio San Pedro	Fringe	flood	San Pedro River	Interior	Deep	S2B3040	S2B3040	Interior_relict	interior_impaired	Interior relicto vs Términos impaired	San Pedro River	Rio San Pedro	Deep	Deep	31-45
S2B5565	2023-09-28	50-70	S2B	sediment	Mexico:Tabasco	Rio San Pedro	Fringe	flood	San Pedro River	Interior	Deep	S2B5565	S2B5565	Interior_relict	interior_impaired	Interior relicto vs Términos impaired	San Pedro River	Rio San Pedro	Deep	Deep	50-70
S3A07	2023-09-28	0-15	S3A	sediment	Mexico:Tabasco	Rio San Pedro	Fringe	flood	San Pedro River	Interior	Surface	S3A07	S3A07	Interior_relict	interior_impaired	Interior relicto vs Términos impaired	San Pedro River	Rio San Pedro	Surface	Surface	0-15
S3A1522	2023-09-28	16-30	S3A	sediment	Mexico:Tabasco	Rio San Pedro	Fringe	flood	San Pedro River	Interior	Mid	S3A1522	S3A1522	Interior_relict	interior_impaired	Interior relicto vs Términos impaired	San Pedro River	Rio San Pedro	Mid	Mid	16-30
S3A3040	2023-09-28	31-45	S3A	sediment	Mexico:Tabasco	Rio San Pedro	Fringe	flood	San Pedro River	Interior	Deep	S3A3040	S3A3040	Interior_relict	interior_impaired	Interior relicto vs Términos impaired	San Pedro River	Rio San Pedro	Deep	Deep	31-45
S3A6070	2023-09-28	50-70	S3A	sediment	Mexico:Tabasco	Rio San Pedro	Fringe	flood	San Pedro River	Interior	Deep	S3A6070	S3A6070	Interior_relict	interior_impaired	Interior relicto vs Términos impaired	San Pedro River	Rio San Pedro	Deep	Deep	50-70
S3B2030	2023-09-28	16-30	S3B	sediment	Mexico:Tabasco	Rio San Pedro	Fringe	flood	San Pedro River	Interior	Mid	S3B2030	S3B2030	Interior_relict	interior_impaired	Interior relicto vs Términos impaired	San Pedro River	Rio San Pedro	Mid	Mid	16-30
S3B3545	2023-09-28	31-45	S3B	sediment	Mexico:Tabasco	Rio San Pedro	Fringe	flood	San Pedro River	Interior	Deep	S3B3545	S3B3545	Interior_relict	interior_impaired	Interior relicto vs Términos impaired	San Pedro River	Rio San Pedro	Deep	Deep	31-45
S3B515	2023-09-28	0-15	S3B	sediment	Mexico:Tabasco	Rio San Pedro	Fringe	flood	San Pedro River	Interior	Surface	S3B515	S3B515	Interior_relict	interior_impaired	Interior relicto vs Términos impaired	San Pedro River	Rio San Pedro	Surface	Surface	0-15
S3B6070	2023-09-28	50-70	S3B	sediment	Mexico:Tabasco	Rio San Pedro	Fringe	flood	San Pedro River	Interior	Deep	S3B6070	S3B6070	Interior_relict	interior_impaired	Interior relicto vs Términos impaired	San Pedro River	Rio San Pedro	Deep	Deep	50-70
S4B07	2023-09-29	0-15	S4B	sediment	Mexico:Tabasco	Rio San Pedro	Fringe	flood	San Pedro River	Interior	Surface	S4B07	S4B07	Interior_relict	interior_impaired	Interior relicto vs Términos impaired	San Pedro River	Rio San Pedro	Surface	Surface	0-15
S4B1522	2023-09-29	16-30	S4B	sediment	Mexico:Tabasco	Rio San Pedro	Fringe	flood	San Pedro River	Interior	Mid	S4B1522	S4B1522	Interior_relict	interior_impaired	Interior relicto vs Términos impaired	San Pedro River	Rio San Pedro	Mid	Mid	16-30
S4B3040	2023-09-29	31-45	S4B	sediment	Mexico:Tabasco	Rio San Pedro	Fringe	flood	San Pedro River	Interior	Deep	S4B3040	S4B3040	Interior_relict	interior_impaired	Interior relicto vs Términos impaired	San Pedro River	Rio San Pedro	Deep	Deep	31-45
S4B5565	2023-09-29	50-70	S4B	sediment	Mexico:Tabasco	Rio San Pedro	Fringe	flood	San Pedro River	Interior	Deep	S4B5565	S4B5565	Interior_relict	interior_impaired	Interior relicto vs Términos impaired	San Pedro River	Rio San Pedro	Deep	Deep	50-70
S5A07	2023-09-29	0-15	S5A	sediment	Mexico:Tabasco	Rio San Pedro	Fringe	flood	San Pedro River	Interior	Surface	S5A07	S5A07	Interior_relict	interior_impaired	Interior relicto vs Términos impaired	San Pedro River	Rio San Pedro	Surface	Surface	0-15
S5A1522	2023-09-29	16-30	S5A	sediment	Mexico:Tabasco	Rio San Pedro	Fringe	flood	San Pedro River	Interior	Mid	S5A1522	S5A1522	Interior_relict	interior_impaired	Interior relicto vs Términos impaired	San Pedro River	Rio San Pedro	Mid	Mid	16-30
S5A3040	2023-09-29	31-45	S5A	sediment	Mexico:Tabasco	Rio San Pedro	Fringe	flood	San Pedro River	Interior	Deep	S5A3040	S5A3040	Interior_relict	interior_impaired	Interior relicto vs Términos impaired	San Pedro River	Rio San Pedro	Deep	Deep	31-45
S5A5565	2023-09-29	50-70	S5A	sediment	Mexico:Tabasco	Rio San Pedro	Fringe	flood	San Pedro River	Interior	Deep	S5A5565	S5A5565	Interior_relict	interior_impaired	Interior relicto vs Términos impaired	San Pedro River	Rio San Pedro	Deep	Deep	50-70
S5B07	2023-09-29	0-15	S5B	sediment	Mexico:Tabasco	Rio San Pedro	Fringe	flood	San Pedro River	Interior	Surface	S5B07	S5B07	Interior_relict	interior_impaired	Interior relicto vs Términos impaired	San Pedro River	Rio San Pedro	Surface	Surface	0-15
S5B1522	2023-09-29	16-30	S5B	sediment	Mexico:Tabasco	Rio San Pedro	Fringe	flood	San Pedro River	Interior	Mid	S5B1522	S5B1522	Interior_relict	interior_impaired	Interior relicto vs Términos impaired	San Pedro River	Rio San Pedro	Mid	Mid	16-30
S5B3040	2023-09-29	31-45	S5B	sediment	Mexico:Tabasco	Rio San Pedro	Fringe	flood	San Pedro River	Interior	Deep	S5B3040	S5B3040	Interior_relict	interior_impaired	Interior relicto vs Términos impaired	San Pedro River	Rio San Pedro	Deep	Deep	31-45
S5B5060	2023-09-29	50-70	S5B	sediment	Mexico:Tabasco	Rio San Pedro	Fringe	flood	San Pedro River	Interior	Deep	S5B5060	S5B5060	Interior_relict	interior_impaired	Interior relicto vs Términos impaired	San Pedro River	Rio San Pedro	Deep	Deep	50-70
S6A07	2023-09-30	0-15	S6A	sediment	Mexico:Tabasco	Laguna Cacahuate	Fringe	flood	Fossil Lagoon	Interior	Surface	S6A07	S6A07	Interior_relict	interior_impaired	Interior relicto vs Términos impaired	Fossil Lagoon	Laguna Cacahuate	Surface	Surface	0-15
S6A1522	2023-09-30	16-30	S6A	sediment	Mexico:Tabasco	Laguna Cacahuate	Fringe	flood	Fossil Lagoon	Interior	Mid	S6A1522	S6A1522	Interior_relict	interior_impaired	Interior relicto vs Términos impaired	Fossil Lagoon	Laguna Cacahuate	Mid	Mid	16-30
S6A3040	2023-09-30	31-45	S6A	sediment	Mexico:Tabasco	Laguna Cacahuate	Fringe	flood	Fossil Lagoon	Interior	Deep	S6A3040	S6A3040	Interior_relict	interior_impaired	Interior relicto vs Términos impaired	Fossil Lagoon	Laguna Cacahuate	Deep	Deep	31-45
S6B07	2023-09-30	0-15	S6B	sediment	Mexico:Tabasco	Laguna Cacahuate	Fringe	flood	Fossil Lagoon	Interior	Surface	S6B07	S6B07	Interior_relict	interior_impaired	Interior relicto vs Términos impaired	Fossil Lagoon	Laguna Cacahuate	Surface	Surface	0-15
S6B1522	2023-09-30	16-30	S6B	sediment	Mexico:Tabasco	Laguna Cacahuate	Fringe	flood	Fossil Lagoon	Interior	Mid	S6B1522	S6B1522	Interior_relict	interior_impaired	Interior relicto vs Términos impaired	Fossil Lagoon	Laguna Cacahuate	Mid	Mid	16-30
S6B3040	2023-09-30	31-45	S6B	sediment	Mexico:Tabasco	Laguna Cacahuate	Fringe	flood	Fossil Lagoon	Interior	Deep	S6B3040	S6B3040	Interior_relict	interior_impaired	Interior relicto vs Términos impaired	Fossil Lagoon	Laguna Cacahuate	Deep	Deep	31-45
S7A07	2023-09-30	0-15	S7A	sediment	Mexico:Tabasco	Laguna Cacahuate	Fringe	flood	Fossil Lagoon	Interior	Surface	S7A07	S7A07	Interior_relict	interior_impaired	Interior relicto vs Términos impaired	Fossil Lagoon	Laguna Cacahuate	Surface	Surface	0-15
S7A1522	2023-09-30	16-30	S7A	sediment	Mexico:Tabasco	Laguna Cacahuate	Fringe	flood	Fossil Lagoon	Interior	Mid	S7A1522	S7A1522	Interior_relict	interior_impaired	Interior relicto vs Términos impaired	Fossil Lagoon	Laguna Cacahuate	Mid	Mid	16-30
S7A3040	2023-09-30	31-45	S7A	sediment	Mexico:Tabasco	Laguna Cacahuate	Fringe	flood	Fossil Lagoon	Interior	Deep	S7A3040	S7A3040	Interior_relict	interior_impaired	Interior relicto vs Términos impaired	Fossil Lagoon	Laguna Cacahuate	Deep	Deep	31-45
S7A5060	2023-09-30	50-70	S7A	sediment	Mexico:Tabasco	Laguna Cacahuate	Fringe	flood	Fossil Lagoon	Interior	Deep	S7A5060	S7A5060	Interior_relict	interior_impaired	Interior relicto vs Términos impaired	Fossil Lagoon	Laguna Cacahuate	Deep	Deep	50-70
S7B07	2023-09-30	0-15	S7B	sediment	Mexico:Tabasco	Laguna Cacahuate	Fringe	flood	Fossil Lagoon	Interior	Surface	S7B07	S7B07	Interior_relict	interior_impaired	Interior relicto vs Términos impaired	Fossil Lagoon	Laguna Cacahuate	Surface	Surface	0-15
S7B1522	2023-09-30	16-30	S7B	sediment	Mexico:Tabasco	Laguna Cacahuate	Fringe	flood	Fossil Lagoon	Interior	Mid	S7B1522	S7B1522	Interior_relict	interior_impaired	Interior relicto vs Términos impaired	Fossil Lagoon	Laguna Cacahuate	Mid	Mid	16-30
S7B3040	2023-09-30	31-45	S7B	sediment	Mexico:Tabasco	Laguna Cacahuate	Fringe	flood	Fossil Lagoon	Interior	Deep	S7B3040	S7B3040	Interior_relict	interior_impaired	Interior relicto vs Términos impaired	Fossil Lagoon	Laguna Cacahuate	Deep	Deep	31-45
S7B5060	2023-09-30	50-70	S7B	sediment	Mexico:Tabasco	Laguna Cacahuate	Fringe	flood	Fossil Lagoon	Interior	Deep	S7B5060	S7B5060	Interior_relict	interior_impaired	Interior relicto vs Términos impaired	Fossil Lagoon	Laguna Cacahuate	Deep	Deep	50-70
zr2502_24_R1.fastq.gz	17/01/2018	5	IA	sediment	Mexico:Campeche	Estero_pargo	Impaired	flood	Impaired Términos Lagoon	Coastal	Surface	zr2502_24_R1.fastq.gz	zr2502_24_R1	Coastal_impaired	interior_impaired	Interior relicto vs Términos impaired	Impaired Términos Lagoon	Estero_pargo	Surface	Surface	5
zr2502_25_R1.fastq.gz	17/01/2018	20	IA	sediment	Mexico:Campeche	Estero_pargo	Impaired	flood	Impaired Términos Lagoon	Coastal	Mid	zr2502_25_R1.fastq.gz	zr2502_25_R1	Coastal_impaired	interior_impaired	Interior relicto vs Términos impaired	Impaired Términos Lagoon	Estero_pargo	Mid	Mid	20
zr2502_26_R1.fastq.gz	17/01/2018	40	IA	sediment	Mexico:Campeche	Estero_pargo	Impaired	flood	Impaired Términos Lagoon	Coastal	Deep	zr2502_26_R1.fastq.gz	zr2502_26_R1	Coastal_impaired	interior_impaired	Interior relicto vs Términos impaired	Impaired Términos Lagoon	Estero_pargo	Deep	Deep	40
zr2502_27_R1.fastq.gz	17/01/2018	5	IB	sediment	Mexico:Campeche	Estero_pargo	Impaired	flood	Impaired Términos Lagoon	Coastal	Surface	zr2502_27_R1.fastq.gz	zr2502_27_R1	Coastal_impaired	interior_impaired	Interior relicto vs Términos impaired	Impaired Términos Lagoon	Estero_pargo	Surface	Surface	5
zr2502_28_R1.fastq.gz	17/01/2018	20	IB	sediment	Mexico:Campeche	Estero_pargo	Impaired	flood	Impaired Términos Lagoon	Coastal	Mid	zr2502_28_R1.fastq.gz	zr2502_28_R1	Coastal_impaired	interior_impaired	Interior relicto vs Términos impaired	Impaired Términos Lagoon	Estero_pargo	Mid	Mid	20
zr2502_29_R1.fastq.gz	17/01/2018	40	IB	sediment	Mexico:Campeche	Estero_pargo	Impaired	flood	Impaired Términos Lagoon	Coastal	Deep	zr2502_29_R1.fastq.gz	zr2502_29_R1	Coastal_impaired	interior_impaired	Interior relicto vs Términos impaired	Impaired Términos Lagoon	Estero_pargo	Deep	Deep	40
zr2502_30_R1.fastq.gz	17/01/2018	5	IC	sediment	Mexico:Campeche	Estero_pargo	Impaired	flood	Impaired Términos Lagoon	Coastal	Surface	zr2502_30_R1.fastq.gz	zr2502_30_R1	Coastal_impaired	interior_impaired	Interior relicto vs Términos impaired	Impaired Términos Lagoon	Estero_pargo	Surface	Surface	5
zr2502_31_R1.fastq.gz	17/01/2018	20	IC	sediment	Mexico:Campeche	Estero_pargo	Impaired	flood	Impaired Términos Lagoon	Coastal	Mid	zr2502_31_R1.fastq.gz	zr2502_31_R1	Coastal_impaired	interior_impaired	Interior relicto vs Términos impaired	Impaired Términos Lagoon	Estero_pargo	Mid	Mid	20
zr2502_32_R1.fastq.gz	17/01/2018	40	IC	sediment	Mexico:Campeche	Estero_pargo	Impaired	flood	Impaired Términos Lagoon	Coastal	Deep	zr2502_32_R1.fastq.gz	zr2502_32_R1	Coastal_impaired	interior_impaired	Interior relicto vs Términos impaired	Impaired Términos Lagoon	Estero_pargo	Deep	Deep	40
