sample_id	EU652571.1.1503	HE804013.1.1479	AM745219.1.1602	KT907947.1.912	GU180188.1.1514	JQ580309.1.1482	MG601401.1.1536	KT167015.1.1381	JQ580221.1.1496	FJ905762.1.1411	KF268910.1.1377	EU488198.1.1432	FJ545472.1.1559	CP013099.3645030.3646539	KX172552.1.1464	AB858577.1.1407	AB806704.1.1485	JX240886.1.1472	KJ817533.1.1498	DQ811808.1.1527	FN553631.1.1499	GU302442.1.1531	GQ249585.1.1531	EU652611.1.1524	CP016268.790030.791574	JF747656.1.1535	FJ748775.1.1510	EF061955.1.1529	HQ727627.1.1522	KX097089.1.1528	FN553506.1.1517	AM039960.1.1519	JF268389.1.1458	DQ811831.1.1528	AB694385.1.1409	KC009895.1.1442	EF125387.1.1524	DQ431904.1.1420	JQ824907.1.1522	FJ900318.1.1494	JF344561.1.1519	KP728222.1.1525	AF126545.1.1465	KJ817730.1.1525	AY216453.1.1421	DQ363780.1.954	KM108644.1.1515	LC004293.1.1337	EF999356.1.1505	LN569797.1.1343	JX504409.1.1551	JQ580158.1.1515	AB622941.1.1314	HQ697852.1.1461	HE604685.1.1406	AB806700.1.1497	EU488012.1.1496	JQ580306.1.1521	FJ484793.1.1352	AM935174.1.1396	MH071306.1.1400	FJ516992.1.1523	EU283571.1.1333	KY609501.1.1523	KX172242.1.1463	KC009877.1.1515	KR825104.1.1480	JF421166.1.1503	JN038229.1.1464	FJ479355.1.1447	HQ014650.1.1499	HM437993.1.1513	HF922320.1.1505	LN572475.1.1329	JN518931.1.1452	EU491603.1.1422	MG601395.1.1528	EU245402.1.1490	KF616626.1.1420	FJ748816.1.1514	DQ811819.1.1523	KC470953.1.1371	JF344346.1.1503	KU578771.1.1356	AY584740.1.1231	EU287222.1.1531	JX391720.1.1474	GU982895.1.1212	AB300128.1.1329	KJ817744.1.1481	FJ516918.1.1484	FJ685743.1.1209	EU592419.1.1485	FJ203584.1.1459	KC009862.1.1289	JF344128.1.1458	DQ522941.1.1376	GU584665.1.1413	FM242440.1.1461	FN396636.1.1437	KJ817529.1.1517	HQ691983.1.1504	AY454607.1.1049	GQ263303.1.1425	JQ989616.1.1540	EU491860.1.1478	JN498221.1.1394	JX240956.1.1475	KX172698.1.1484	EU491875.1.1464	GQ337314.1.1475	JQ245921.1.944	MGML01000116.8420.9921	EU245945.1.1484	JX870311.1.915	JN977195.1.1550	KR559960.1.1479	JN488175.1.1372	JX227448.1.1506	KC009968.1.1238	DQ811807.1.1529	JX221977.1.1390	FJ517002.1.1521	KF596668.1.1487	JQ716338.1.1491	HQ118614.1.1521	KX097186.1.1519	KC010004.1.1496	FJ712438.1.1480	EU488328.1.1485	GQ356834.1.936	JQ716269.1.1517	JX241033.1.1526	EF157274.1.1422	KY228984.1.1390	FJ900559.1.1484	KX097734.1.1525	GU369933.1.1368	JN977251.1.1528	KR824977.1.1462	GQ246386.1.1492	DQ811936.1.1499	JF495328.1.1537	JF344544.1.1460	GQ850571.1.1477	EF602488.1.1422	GU230392.1.1515	JN477996.1.1425	DQ811880.1.1473	DQ431896.1.1372	DQ811792.1.1512	JN977382.1.1548	DQ831554.1.1518	KT952676.1.1499	KT223232.1.1433	JN457484.1.1393	JN537239.1.1468	DQ811817.1.1511	JN387531.1.1345	GQ246392.1.1520	AF254399.1.1489	AB448791.1.904	FJ748781.1.1509	KC471044.1.1422	KX172521.1.1480	HM243983.1.1497	HQ588383.1.1408	KU324299.1.1492	AM882598.1.1523	DQ811804.1.1523	HQ397466.1.1499	AB694414.1.1369	KC009869.1.1401	KM019077.1.1499	JF344695.1.1458	KY441460.1.1524	FJ542954.1.1450	JN387529.1.1354	GQ994182.1.911	JN886895.1.1515	JX441507.1.1521	EU734985.1.1485	KR824952.1.1522	KT907904.1.907	JX870284.1.918	KM071677.1.1399	KM356600.1.1484	JX870242.1.918	JX241004.1.1520	KX213873.1.1405	JF344372.1.1525	LN566308.1.1399	EU487995.1.1518	EF125448.1.1512	JF421187.1.1490	JF747686.1.1533	JX206507.1.1461	AB858645.1.1364	JF344583.1.1522	JN830953.1.1424
S1A015	5951	170	254	226	204	12	121	453	233	8	1060	50	11	81	44	210	3776	1650	465	115	10	15	67	178	28	991	592	663	1202	296	389	2013	166	657	186	182	163	2	65	81	66	51	74	513	1837	3	85	418	222	2	118	350	225	168	118	116	17	72	69	71	55	21	600	300	690	418	194	118	17	11	235	21	172	569	89	6	19	32	509	1027	0	24	209	195	1326	654	86	257	52	70	0	33	0	104	24	581	15	43	2	42	8	40	31	12	13	24	5112	83	0	211	489	381	20	196	133	20	0	0	34	0	40	45	9	3	6	21	18	16	28	14	182	11	54	211	0	148	254	234	0	45	0	19	6	32	42	266	38	53	0	0	2	25	326	10	17	80	51	15	292	9	493	6	2	103	0	131	100	41	481	3	7	3	23	2	2	321	28	40	4	17	19	354	14	24	70	0	9	0	0	24	8	0	81	153	4	0	61	25	22	687
S1A1530	5135	805	231	219	181	34	1165	529	375	320	101	65	80	395	492	161	3151	1590	732	88	135	301	87	563	59	977	541	584	605	879	370	1859	191	543	165	185	85	19	92	100	41	78	47	710	425	195	368	904	207	38	86	242	487	110	61	134	29	81	370	65	65	57	599	537	1235	103	262	218	130	286	342	55	88	71	64	62	101	26	1819	880	45	375	523	183	503	916	406	126	54	372	114	52	95	149	15	68	43	56	63	44	62	11	15	6	4	24	4306	1040	0	287	320	516	417	26	116	14	255	26	45	31	137	258	22	50	10	76	17	60	9	47	1585	68	194	384	76	48	97	86	23	104	111	22	7	58	27	25	44	15	169	29	12	40	899	269	32	211	12	23	135	43	480	193	78	12	12	158	630	48	762	57	2	106	369	3	6	36	29	614	61	78	89	569	195	163	243	0	4	27	121	231	22	97	37	30	4	2	65	8	8	109
S1A3050	3439	467	125	148	107	84	789	307	216	236	148	169	145	188	239	122	2153	962	1093	44	284	65	45	170	22	814	338	449	804	218	230	1819	77	1081	188	210	99	53	56	31	45	81	49	482	423	761	449	845	132	29	146	222	99	86	77	57	13	107	124	44	76	14	398	408	889	93	222	186	131	140	184	18	53	37	74	79	21	25	1755	807	36	398	1073	133	230	624	252	84	84	440	138	25	113	92	18	47	52	49	24	85	68	13	14	10	25	11	2871	463	19	167	303	150	499	25	70	67	150	14	18	39	86	96	31	93	9	26	21	13	12	20	461	48	153	210	189	37	46	194	27	76	72	12	20	14	14	47	13	2	19	14	33	38	258	251	5	62	9	39	54	22	158	163	243	17	34	122	92	29	273	72	0	365	151	2	0	164	257	57	14	40	15	581	480	214	232	7	0	17	131	43	4	57	63	30	10	0	97	2	21	69
S1A5075	5176	593	217	198	121	118	986	589	147	247	110	250	432	342	388	80	2617	1337	653	81	430	247	77	249	37	685	508	527	729	272	319	697	163	357	175	157	115	39	24	57	45	96	84	574	385	1022	421	466	197	34	191	168	172	103	81	87	73	65	144	140	50	45	654	226	650	54	182	301	188	200	343	157	57	48	71	143	27	34	2810	667	88	359	582	156	195	251	419	88	112	398	126	8	177	124	26	53	63	103	33	26	31	28	24	4	38	11	3998	1182	28	110	282	156	518	24	65	19	106	17	26	22	148	100	30	72	13	44	36	35	14	31	609	37	271	179	347	40	53	57	8	142	160	9	20	14	20	23	15	0	96	27	76	26	480	147	6	62	9	21	84	18	978	127	128	23	83	73	108	36	480	134	17	70	176	28	7	51	47	101	81	41	28	156	82	160	197	47	16	47	184	37	8	65	25	41	0	14	47	13	17	29
S1B07	12881	486	734	644	435	91	467	98	242	115	259	99	45	327	141	299	7021	4379	540	194	62	47	75	298	158	1377	1724	1497	1588	192	904	140	490	602	468	246	487	61	60	225	197	137	152	1264	680	17	131	513	606	17	131	109	319	283	239	49	94	133	25	114	99	79	1290	126	353	206	299	333	59	55	31	71	105	21	95	10	80	74	807	2321	61	722	203	568	21	348	202	257	10	170	10	23	84	148	47	36	30	12	8	59	95	77	53	49	14	50	10961	158	21	62	244	78	59	83	215	31	70	53	80	30	154	20	100	72	32	40	40	54	54	62	179	39	52	48	11	34	88	153	18	79	12	19	70	8	28	64	17	51	13	40	0	46	15	24	21	18	29	75	2	17	29	35	7	39	27	120	81	20	86	58	110	29	13	10	6	76	170	71	21	18	25	78	11	94	12	0	75	81	35	14	11	11	34	16	14	0	60	12	18	177
S1B2230	5620	1237	346	270	309	433	2317	1775	862	883	445	615	454	166	28	143	4117	2016	544	1507	759	709	361	426	38	690	715	731	518	500	426	51	211	22	354	317	141	202	21	105	66	369	97	649	304	837	324	582	316	459	420	139	189	135	76	227	188	362	69	59	26	60	719	153	28	145	195	188	140	242	177	272	91	35	72	449	94	40	2514	1507	1223	239	203	242	327	66	379	294	382	102	127	229	144	118	183	143	89	184	274	162	629	60	108	171	15	31	5095	196	297	109	101	501	154	32	170	27	133	512	53	68	65	60	94	33	28	27	42	34	24	17	995	183	401	117	449	80	198	17	16	105	26	133	18	28	53	11	28	16	1271	198	871	74	6	90	88	11	11	91	65	48	336	65	101	76	177	13	19	47	115	338	31	53	100	201	228	56	14	23	93	48	0	95	63	20	228	133	81	62	74	50	30	19	13	29	23	329	5	190	315	2
S1B3040	6613	632	371	335	269	200	1170	960	1506	302	626	514	77	104	17	126	4117	2455	289	2185	109	221	301	54	69	688	914	697	217	867	535	6	258	5	219	148	143	285	143	112	76	55	79	622	302	274	184	97	301	1019	18	229	169	141	111	43	66	54	0	65	38	54	766	381	11	291	72	151	11	111	42	187	84	23	549	193	26	34	1120	1326	942	15	146	318	261	15	124	76	248	8	33	706	6	85	587	23	23	85	32	33	25	30	69	92	31	24	5917	10	161	139	100	98	4	4	108	17	167	39	33	69	3	0	94	0	26	44	46	47	30	8	27	566	76	46	125	213	61	20	16	86	5	145	11	17	37	8	65	24	722	213	172	62	0	52	159	5	0	79	2	18	8	6	26	5	154	0	20	3	26	122	10	10	5	65	97	16	9	5	65	17	4	0	249	0	171	48	9	48	0	10	7	0	5	17	0	76	0	32	29	419
S1B6575	4012	1096	239	199	197	252	2171	1394	1149	612	510	534	213	158	19	103	3823	1685	506	2558	275	218	372	85	54	453	476	514	698	895	389	24	189	27	175	169	106	438	93	71	36	113	49	379	305	502	329	196	190	322	119	200	76	109	101	65	104	74	9	42	33	31	469	577	23	289	209	96	30	119	365	227	100	212	220	254	58	31	1064	1011	1747	90	107	189	266	48	202	219	560	22	69	1027	27	96	513	82	104	98	123	93	26	73	66	116	5	17	3533	65	236	76	79	180	55	0	108	12	151	127	22	111	22	20	155	21	39	28	29	31	11	12	161	996	157	41	454	109	465	13	32	97	28	371	21	77	65	7	19	62	1364	393	268	65	0	29	417	0	30	78	7	31	49	18	40	34	144	10	48	9	53	143	6	12	28	63	115	32	26	10	68	21	13	20	250	15	183	152	28	33	21	36	109	2	8	29	4	163	0	23	26	2
S2A1727	3291	961	175	183	171	492	1713	1558	1233	363	693	675	688	390	14	71	3465	1418	514	1139	350	1343	346	561	40	420	405	560	480	536	316	10	135	10	190	166	91	129	18	77	39	231	27	445	302	1596	446	370	160	280	170	284	66	71	41	169	190	70	28	20	25	65	583	140	37	186	280	112	779	383	253	151	162	16	132	254	33	22	2688	973	1212	163	150	176	190	13	269	172	136	13	87	181	136	52	45	132	66	73	48	86	5	15	70	87	9	14	2749	346	233	161	100	221	116	108	91	8	85	109	23	92	67	64	125	28	9	10	19	17	21	19	739	151	505	31	699	167	71	13	71	75	39	95	8	27	21	0	54	8	1290	155	48	545	5	52	112	0	91	44	3	19	1231	32	314	38	84	9	19	35	18	176	0	0	85	87	317	47	4	14	20	36	0	58	383	108	179	217	15	22	46	26	20	11	3	12	32	596	3	183	178	0
S2A3545	7310	294	432	358	228	220	1061	623	907	502	471	451	384	100	9	191	4741	2836	586	562	270	246	201	197	58	877	959	822	249	312	591	32	319	153	202	223	280	96	10	130	163	52	112	814	363	344	219	105	340	101	223	353	200	205	147	130	114	70	91	97	88	47	908	56	51	282	187	157	163	67	264	244	71	28	99	127	37	87	2879	1692	906	122	264	326	295	132	131	374	112	35	102	41	79	111	76	68	25	51	96	50	35	89	84	82	26	26	7098	123	205	65	159	215	42	469	128	32	42	154	80	55	43	12	61	26	17	33	70	49	35	18	369	118	524	98	100	74	168	154	78	111	17	116	113	32	27	29	22	30	506	145	217	104	8	83	176	30	24	65	37	21	711	0	42	46	55	29	25	34	77	140	20	0	88	216	146	61	5	81	13	33	9	217	154	22	94	62	53	25	43	14	13	3	30	36	263	84	24	109	128	15
S2A5060	8054	683	440	446	433	527	2762	1129	1679	900	782	819	301	195	12	211	6927	3095	646	1330	426	659	333	374	103	836	1025	996	333	914	684	14	348	56	259	326	239	87	29	181	89	141	90	882	378	600	336	282	399	193	214	275	213	234	153	186	212	89	29	107	63	64	983	119	55	250	282	186	285	126	174	251	94	38	230	270	148	68	3436	1763	1314	137	274	372	344	60	273	198	246	11	113	153	43	146	210	97	28	101	193	94	9	89	197	113	25	29	7548	66	352	97	182	282	52	175	145	21	134	131	83	55	49	13	79	13	30	24	52	48	21	34	269	337	788	64	282	105	144	54	93	132	6	102	32	61	54	15	55	36	1276	266	352	218	7	95	192	4	24	122	28	31	439	14	85	78	85	5	31	27	45	239	12	2	64	212	155	54	22	23	41	44	7	99	259	19	112	108	68	35	53	34	8	9	51	10	171	455	11	87	177	11
S2A515	3281	664	175	146	123	523	912	763	1706	662	146	435	731	200	20	88	2836	1427	457	906	508	1061	234	579	44	417	341	482	603	612	275	134	207	63	104	179	77	94	26	68	38	253	45	467	261	636	259	247	134	280	275	84	76	79	58	237	257	66	133	41	23	40	347	60	124	162	193	135	196	154	163	133	81	16	120	104	33	43	1737	721	844	110	180	134	76	125	391	97	157	39	54	49	89	76	38	88	31	69	170	107	9	35	45	62	17	17	2954	401	191	162	82	159	148	128	74	40	75	610	81	140	87	16	110	42	7	12	18	17	12	5	1010	136	286	15	295	55	162	7	48	37	99	20	21	9	39	3	64	14	794	212	3	323	3	83	67	34	28	38	12	30	788	22	205	61	34	5	27	46	235	239	18	0	161	208	284	31	16	28	31	90	4	56	211	56	81	39	186	36	61	34	39	35	42	40	8	271	6	66	322	5
S2B07	5260	934	228	247	181	19	1464	250	169	118	71	56	217	360	238	114	3045	1630	577	59	28	345	33	338	55	1061	571	636	264	1475	413	1040	136	160	186	154	90	16	90	79	70	43	74	432	242	97	289	143	234	125	14	104	368	111	85	315	21	29	526	65	38	59	429	245	30	57	63	493	158	91	162	3	9	39	30	29	10	32	1143	952	104	86	244	209	120	561	98	127	7	42	20	8	64	150	15	13	38	85	39	7	39	30	14	26	24	27	4567	400	29	205	137	118	288	100	120	16	36	15	22	34	27	60	36	154	6	50	16	44	20	11	451	28	263	65	290	68	47	14	59	200	180	16	25	142	0	13	22	27	4	0	18	109	600	77	20	319	3	0	61	75	50	210	12	77	3	58	6	31	975	43	9	71	672	7	0	11	12	27	7	138	11	156	0	180	25	51	2	204	37	137	9	106	4	113	87	6	12	0	0	32
S2B1522	4448	490	285	192	167	677	1224	1293	216	573	383	607	203	267	20	85	2804	1362	457	719	551	923	299	222	51	425	369	484	348	2306	393	33	128	23	149	162	85	132	4	61	70	331	32	438	182	1400	789	213	173	230	95	197	144	127	130	334	157	39	317	42	27	15	382	128	25	161	203	189	181	521	399	86	71	25	51	259	379	38	3227	1033	455	272	509	139	120	39	261	76	149	50	227	26	170	118	20	120	34	159	179	40	184	44	42	27	29	14	3772	679	239	67	240	128	414	21	104	31	110	156	33	155	79	128	26	106	5	39	30	21	20	22	576	37	339	197	700	84	166	12	55	119	124	30	6	29	61	0	14	24	610	8	33	135	266	55	98	41	0	31	53	50	91	126	249	20	44	11	8	17	139	225	4	60	110	204	167	61	4	17	5	34	3	29	528	56	141	194	602	59	97	11	2	19	0	40	335	159	15	11	101	10
S2B3040	4608	405	284	263	244	649	1716	865	376	487	567	513	98	192	26	119	3981	1926	867	1515	279	667	260	135	46	598	649	436	476	3506	452	13	281	26	385	110	106	202	40	67	75	149	68	559	204	781	263	226	303	239	62	106	90	133	118	104	168	57	58	99	38	35	624	237	33	205	148	157	101	104	172	173	68	19	238	100	183	44	1449	1235	1583	85	392	234	260	44	149	86	279	2	59	38	175	65	105	201	30	52	305	133	673	39	21	44	7	22	6252	435	136	92	325	71	139	37	133	23	222	20	39	305	76	20	29	34	31	27	19	30	15	21	89	331	141	335	518	204	186	13	82	60	27	47	16	42	75	22	4	19	908	62	82	329	36	107	81	22	395	57	29	20	19	28	186	2	26	7	46	6	82	133	9	38	32	103	55	29	8	10	11	5	2	16	453	54	86	218	92	19	31	12	17	7	7	27	727	108	23	114	74	12
S2B5565	5081	385	261	240	201	327	1116	747	427	339	401	507	30	211	11	109	3624	1814	371	1532	267	548	190	190	61	569	609	624	387	320	418	8	187	3	135	79	98	203	13	94	81	90	40	507	141	918	165	163	219	165	34	32	144	143	99	113	131	75	68	65	47	71	857	85	0	126	160	111	183	78	281	186	88	15	186	195	47	53	1987	876	791	86	154	234	290	10	247	63	134	0	66	57	152	113	83	81	22	33	52	40	12	17	59	52	11	34	4583	186	201	135	70	73	110	10	63	19	81	15	21	111	49	30	21	22	2	14	33	28	23	19	230	132	320	44	469	22	132	7	40	19	20	20	4	23	53	15	34	19	996	190	210	180	5	26	64	0	201	34	8	15	141	0	163	56	28	2	19	14	19	106	4	0	41	40	57	43	0	4	3	8	0	16	154	19	45	161	18	15	31	11	6	11	2	12	0	246	3	1189	71	0
S3A07	8577	152	399	368	301	74	376	274	80	239	138	268	68	4	73	193	4593	2799	529	108	88	169	19	90	68	789	1079	870	99	66	727	52	266	39	175	90	156	68	10	132	91	260	92	754	100	327	106	55	350	145	26	43	251	234	237	54	49	73	122	101	66	42	1012	75	19	6	21	202	17	133	133	27	6	43	32	27	22	88	1118	1341	202	54	1550	336	36	155	10	26	176	48	57	3	35	104	34	22	32	177	29	2	14	84	12	17	21	30	7578	61	28	25	79	61	592	17	137	6	80	0	43	64	76	31	34	18	27	54	46	38	28	22	15	4	96	58	190	8	72	0	68	81	94	0	9	41	25	13	13	37	37	0	21	47	21	41	6	47	4	0	20	12	19	46	811	37	0	30	0	14	281	41	2	547	54	33	5	0	0	7	4	50	3	24	20	6	11	52	29	0	25	12	0	39	0	44	36	34	0	0	0	12
S3A1522	6143	125	316	338	270	186	538	426	241	24	301	245	58	42	9	176	3443	2349	416	1642	25	331	169	64	92	748	757	741	50	6	559	3	292	0	231	58	153	300	649	123	86	53	108	634	87	1204	595	63	301	5960	2	158	139	203	151	22	22	38	13	68	57	28	751	3338	0	265	84	122	0	35	34	153	199	20	100	118	149	66	4669	1134	708	12	1807	337	41	8	11	74	394	0	144	168	263	115	291	320	11	114	7	22	28	12	0	24	18	18	5702	30	47	70	70	50	57	0	93	112	106	9	45	47	33	13	39	0	27	27	36	39	16	19	0	324	26	92	241	7	33	31	2	23	29	93	0	273	80	30	15	49	703	0	115	12	0	18	140	16	47	36	0	3	6	0	1020	3	10	0	88	0	29	0	9	500	5	14	17	0	5	3	7	3	14	0	80	13	19	70	3	0	0	22	0	0	7	0	0	51	0	59	0	0
S3A3040	3958	202	230	260	168	77	1256	220	116	100	226	292	56	32	34	90	2266	1547	676	268	30	295	214	58	52	464	471	403	55	41	350	18	189	15	146	45	86	315	660	72	30	87	40	434	179	664	413	25	191	89	2	141	130	53	136	28	9	26	24	44	22	36	409	1632	13	427	101	80	15	96	54	116	286	48	105	92	106	48	1058	791	819	17	1576	207	51	53	20	31	250	14	57	93	126	58	443	287	33	144	22	5	36	44	0	27	13	13	3812	32	15	31	43	24	265	6	78	139	285	43	21	16	44	18	58	4	18	44	28	33	12	8	13	440	38	191	291	8	56	11	17	67	51	52	37	256	82	13	7	29	1130	0	25	25	12	18	226	26	104	36	7	2	0	36	698	7	23	2	152	5	74	18	5	40	35	22	56	0	0	6	5	13	4	15	58	6	13	102	23	0	8	31	3	12	0	17	2	42	0	0	0	5
S3A6070	3158	11	261	337	168	3	505	24	82	79	83	158	0	112	18	268	2009	2195	490	75	0	41	69	35	83	867	877	250	22	0	516	0	293	0	58	41	167	181	823	74	64	40	57	310	347	26	2767	0	246	116	0	216	77	88	52	15	26	29	0	40	5	19	713	1374	0	454	129	120	0	57	3	36	324	40	70	21	25	61	802	924	235	0	97	366	7	0	0	11	48	0	0	5	18	71	279	31	16	39	2	2	16	0	14	48	15	36	2494	0	0	0	50	0	0	0	152	41	127	84	17	2	0	0	57	0	0	23	28	20	23	9	0	362	0	37	26	0	0	18	0	0	0	31	5	161	5	19	5	37	972	0	0	0	0	0	22	0	10	52	0	0	0	0	2	0	3	0	138	0	0	0	0	0	0	2	128	0	0	0	0	0	5	0	49	8	0	105	0	0	0	3	0	0	0	0	0	29	0	0	0	66
S3B2030	6518	1116	378	374	356	560	3049	1784	1354	695	455	794	125	204	7	203	5628	2475	445	1947	574	1202	390	520	84	824	867	846	546	1037	615	6	226	0	204	273	140	424	17	115	108	155	83	596	387	701	371	181	271	380	113	163	186	199	97	184	302	54	22	118	46	39	711	168	36	170	189	191	627	179	220	233	83	35	334	120	186	79	3558	1175	1936	102	193	305	238	2	270	233	144	5	90	121	52	126	229	142	67	55	123	69	13	31	121	89	18	45	6104	246	325	145	132	198	55	16	138	22	109	46	41	157	10	27	87	18	23	28	47	54	51	29	237	702	686	15	398	51	48	16	54	70	6	72	14	27	87	11	101	33	1525	224	267	406	5	54	169	7	31	79	14	30	84	0	277	52	107	2	18	42	34	308	10	0	13	84	397	47	7	0	13	32	6	22	181	36	139	261	51	20	86	0	16	12	12	11	12	668	6	327	142	2
S3B3545	6792	647	402	387	436	477	2505	1402	614	600	390	679	53	211	8	193	6631	2384	410	1700	303	815	272	385	100	787	936	773	407	425	562	6	313	4	183	135	352	751	42	84	70	134	110	698	335	504	286	135	507	222	108	135	170	123	517	116	238	71	0	535	51	75	793	50	13	169	152	98	610	143	183	120	71	34	240	171	216	57	2807	1818	955	103	212	303	218	10	220	188	157	0	113	66	30	152	178	91	24	119	103	30	9	19	141	136	40	27	6055	86	291	125	124	167	32	9	129	26	150	28	62	105	9	12	103	3	21	76	38	44	53	21	110	983	531	22	401	37	65	10	32	54	0	35	4	16	102	8	78	39	1325	231	312	174	0	39	93	0	26	63	7	16	44	0	233	26	185	0	18	5	24	116	3	0	20	55	264	32	6	0	19	17	11	28	178	35	142	165	32	4	74	2	6	9	18	9	8	548	41	82	163	0
S3B515	3909	476	232	198	226	319	1137	878	1022	461	223	494	52	176	12	98	3838	1605	314	775	237	590	187	263	47	470	482	414	449	946	348	14	187	10	157	124	80	189	16	56	33	99	30	431	218	417	236	233	197	150	100	84	87	81	86	113	216	42	16	46	31	43	452	85	6	165	129	89	307	105	111	175	85	20	217	147	131	53	1520	872	688	124	132	165	110	17	224	131	88	13	55	59	40	49	98	49	29	32	107	31	14	28	55	55	27	31	3898	128	213	101	60	98	53	0	57	21	61	87	32	89	0	16	86	20	2	30	20	36	18	25	256	478	271	733	150	98	29	11	33	72	8	37	2	16	55	17	106	24	783	121	103	264	10	43	122	24	23	20	12	22	64	0	62	67	67	4	13	27	70	120	4	32	24	122	212	25	9	8	23	56	0	82	99	15	66	44	37	14	41	6	2	9	15	14	172	187	98	86	127	0
S3B6070	19735	1143	862	953	1247	918	5833	2955	889	1182	1101	1629	86	287	48	479	13107	6711	1158	3913	467	1327	1228	205	207	2036	2001	2509	885	2649	1555	0	790	7	565	572	420	2181	286	288	191	235	241	1511	551	1398	718	252	927	409	227	403	549	585	350	247	386	203	18	251	154	102	1765	639	30	706	418	352	74	311	398	481	416	48	477	598	677	146	4446	3923	3392	340	852	1054	927	36	604	221	691	0	226	764	157	307	783	291	89	246	395	284	289	179	318	263	47	97	17805	418	636	233	257	357	71	14	366	54	424	110	111	197	57	20	155	2	59	60	98	111	64	64	51	2815	517	5300	705	726	149	16	86	211	11	167	59	77	219	50	219	102	2296	887	1861	278	11	193	372	13	86	278	27	50	34	2	308	1144	1784	2	170	29	60	264	34	265	57	136	207	35	11	26	74	14	13	48	484	55	306	438	175	34	33	20	50	2	133	11	3225	313	2220	316	233	10
S4B07	6118	339	305	239	236	35	1015	184	168	98	484	54	60	814	251	78	3637	1768	416	72	0	125	283	345	92	876	567	688	5272	365	409	1701	145	789	453	192	1924	12	19	97	178	79	80	737	2758	34	252	1069	225	41	155	258	190	143	129	141	35	12	132	57	80	69	583	548	286	306	350	324	143	35	245	72	149	57	67	13	85	44	863	1342	26	2859	232	243	529	557	397	512	3	178	30	41	62	83	22	515	87	11	12	62	21	182	4	24	17	44	4833	604	12	317	256	372	75	190	211	55	135	16	68	46	341	36	65	125	8	21	14	40	18	48	735	32	101	105	2	140	255	260	7	269	36	68	109	31	13	75	62	28	2	17	0	26	459	51	19	68	93	116	94	97	567	76	0	237	16	318	93	64	1558	301	9	40	164	0	7	208	226	101	19	53	36	251	30	227	37	2	39	252	67	21	45	56	67	38	14	0	108	25	24	174
S4B1522	3808	593	143	174	111	8	493	311	114	91	50	28	740	697	229	90	2092	1218	473	66	40	14	86	393	32	528	360	432	420	392	251	1876	119	267	238	63	116	16	47	45	72	41	37	403	487	98	94	557	165	214	531	157	145	89	64	36	33	88	112	55	28	90	326	261	158	56	297	261	192	216	242	59	40	28	62	56	65	22	1618	579	82	782	327	142	466	627	145	116	50	112	91	26	185	68	17	100	4	81	26	165	20	8	21	14	36	10	2656	349	118	335	138	172	129	147	130	12	198	259	29	45	128	18	22	58	13	10	15	22	11	19	2546	50	284	160	66	54	57	82	25	113	54	7	50	38	26	40	43	24	28	242	27	7	153	67	72	13	13	48	12	23	906	168	51	47	30	90	54	42	812	397	10	55	235	66	11	27	18	52	40	9	20	90	3	82	71	0	14	111	82	55	40	69	3	47	32	13	55	24	48	29
S4B3040	5933	781	298	277	221	215	575	1051	170	727	99	258	1130	801	67	120	3339	2169	600	159	1302	345	137	613	55	847	792	833	465	411	410	188	270	91	258	95	206	68	2	73	68	130	94	692	372	741	268	730	299	158	681	275	137	149	133	263	146	70	136	80	47	75	685	83	251	82	103	409	329	292	360	286	104	46	94	120	80	41	2531	1122	371	565	298	234	113	77	236	102	334	157	110	47	263	121	40	36	93	165	123	102	34	59	34	26	44	29	5051	315	255	130	153	370	136	358	103	22	225	201	48	40	219	35	59	102	42	31	40	54	15	26	1701	112	248	92	325	38	223	35	89	98	126	2	11	54	83	23	24	11	332	190	71	38	35	166	58	33	2	47	25	22	808	223	292	76	21	37	33	68	529	579	49	128	369	131	4	36	14	39	63	73	11	66	21	91	94	44	63	94	129	123	32	97	4	81	23	121	29	97	127	23
S4B5565	5404	691	251	187	219	357	1256	1009	310	711	164	402	896	538	62	89	3234	1790	630	1074	652	527	293	424	43	624	638	630	881	203	351	335	183	255	275	176	222	28	6	91	64	144	70	582	635	1031	280	732	243	182	458	152	141	136	106	136	164	105	121	78	59	52	643	199	129	81	223	258	143	324	309	186	128	45	82	175	94	38	4571	992	264	689	433	153	225	196	268	221	255	82	142	105	236	193	61	124	62	45	151	122	18	123	57	89	22	14	4274	288	377	116	179	431	139	155	145	20	104	285	31	39	142	64	51	54	16	32	33	37	22	20	819	77	572	62	249	106	232	49	49	137	82	54	20	27	59	39	16	14	558	112	221	33	66	84	126	11	11	61	19	50	939	59	162	87	33	81	14	94	501	405	23	62	249	170	21	52	13	27	28	44	2	79	9	117	78	177	109	120	90	57	20	55	12	43	36	161	29	63	151	62
S5A07	13519	77	762	517	484	13	48	222	185	85	294	122	26	46	36	335	6918	4118	647	216	6	38	23	205	126	1499	1706	1582	2952	75	956	728	455	412	344	453	650	31	18	314	201	63	149	1319	1026	41	44	411	587	3	22	125	342	303	228	61	80	572	38	159	135	74	1578	100	728	310	44	273	26	0	34	128	51	43	55	3	0	81	302	2405	0	116	233	510	110	233	46	190	15	11	24	10	2	215	38	179	38	166	2	139	22	156	40	77	29	63	12030	76	0	69	314	57	4	35	167	3	13	6	94	22	33	28	34	2	10	56	84	57	135	54	66	25	15	25	0	34	71	193	0	20	27	11	115	14	22	38	98	26	0	5	6	6	60	11	19	41	24	283	50	3	60	0	7	64	0	370	23	97	118	17	12	41	7	2	0	53	110	40	0	15	13	66	12	10	54	0	7	0	24	0	3	3	81	19	0	0	44	26	4	162
S5A1522	9308	386	420	360	314	14	177	370	258	54	288	79	162	247	71	259	4600	2690	428	189	6	62	92	91	83	1241	1104	968	4025	107	650	984	316	224	284	192	555	12	53	139	144	86	117	897	1202	2	78	735	392	2	55	262	264	233	130	57	22	107	38	111	119	52	1021	547	906	63	202	187	31	18	44	58	91	39	107	2	21	65	1066	1394	0	279	193	330	243	96	79	136	44	58	60	25	33	102	20	119	48	0	3	28	0	142	20	26	53	44	8380	66	23	79	288	283	10	22	118	25	11	7	78	22	156	11	84	19	25	29	55	42	141	32	167	18	110	129	5	4	57	76	13	34	6	0	39	10	29	31	38	26	4	6	2	0	151	46	18	15	11	17	14	0	542	28	6	134	9	94	167	21	211	81	14	34	36	0	3	106	80	16	0	3	12	521	22	74	33	2	15	28	10	10	0	7	41	3	6	0	59	6	8	226
S5A3040	11275	610	562	528	372	26	691	447	311	242	114	126	362	576	213	273	5652	3152	1685	154	210	43	65	258	58	1327	1336	1324	841	296	745	1464	319	483	360	199	230	26	145	161	176	136	128	1141	412	266	316	669	441	79	126	262	336	299	195	122	62	77	334	147	77	56	1116	619	387	101	170	412	101	166	332	49	106	17	56	43	38	68	3205	1637	81	528	373	404	511	526	185	106	74	103	109	40	202	189	35	104	65	54	18	5	18	37	30	21	401	32	9484	227	18	222	240	138	285	87	155	23	162	62	75	24	115	60	53	106	14	41	54	75	44	35	810	22	314	182	47	42	45	77	42	152	74	7	37	16	52	49	36	25	40	40	9	25	243	81	25	82	2	13	28	40	743	51	31	136	25	94	472	24	740	497	44	74	173	43	2	57	52	44	5	20	15	735	9	173	165	0	5	20	80	30	4	45	31	28	27	0	37	12	9	54
S5A5565	3282	152	161	230	137	123	54	443	86	255	97	235	25	170	49	116	2192	1453	1330	81	272	269	70	113	35	470	557	374	61	62	340	105	140	15	100	43	118	53	13	58	31	43	43	401	81	800	106	70	165	29	51	71	78	110	40	94	50	27	172	53	12	18	501	330	231	6	44	124	127	203	97	34	2	22	58	125	73	35	1871	702	175	204	956	210	101	19	60	7	285	63	43	64	248	59	15	24	21	326	112	12	0	19	24	15	75	31	2938	697	68	30	84	20	183	18	67	26	93	4	16	23	39	82	9	26	48	29	20	27	19	13	1270	0	51	142	178	148	35	0	8	63	25	0	6	0	114	18	3	0	457	24	344	3	492	30	45	34	0	11	8	0	18	46	245	332	7	9	11	18	53	55	0	439	9	61	11	3	3	0	13	11	2	37	80	8	63	17	206	15	59	18	0	9	4	4	0	8	2	0	5	4
S5B07	8852	267	435	438	348	16	683	176	184	106	277	105	179	563	73	204	4708	2825	484	140	6	77	112	296	101	1141	982	1015	3418	187	720	909	299	395	420	196	1024	11	44	156	150	61	109	873	1463	18	217	876	476	2	77	264	193	269	159	115	27	46	134	76	46	33	991	427	450	178	297	280	71	4	107	79	142	22	67	11	40	82	811	1574	5	1399	266	384	197	272	327	267	3	109	30	31	38	155	20	167	35	15	87	50	9	147	35	12	21	48	7515	200	20	166	262	217	45	81	203	34	46	17	48	9	225	53	56	88	14	45	60	48	70	63	261	45	206	54	9	21	127	99	9	129	26	34	111	7	24	43	18	25	0	22	0	43	146	39	12	179	57	88	15	11	453	37	6	164	12	332	120	41	756	188	2	36	63	0	0	191	283	43	0	10	24	114	19	137	13	0	4	45	23	8	15	20	59	19	18	0	63	16	0	184
S5B1522	6159	555	216	250	208	125	502	448	126	222	131	121	542	374	127	128	3429	1834	508	90	218	135	119	189	76	859	690	616	1696	342	412	1302	162	437	393	87	688	17	90	77	124	80	55	673	1068	316	112	411	254	56	360	347	150	123	53	90	32	114	220	87	31	30	599	392	375	97	301	262	124	139	103	62	94	35	72	43	77	48	2532	1150	47	1058	229	220	308	229	246	120	82	56	70	34	105	82	21	65	15	72	109	31	22	55	40	15	13	19	4654	190	79	163	126	157	148	112	86	31	87	99	43	68	106	262	45	103	12	17	21	28	36	39	621	36	448	223	71	64	147	102	13	141	24	50	43	30	22	43	22	12	74	83	14	39	48	46	37	61	20	15	45	11	1266	35	51	129	31	76	175	28	717	257	0	81	132	68	9	112	101	71	3	12	5	356	12	79	78	2	19	71	33	3	6	19	16	51	170	6	37	9	16	94
S5B3040	5174	1645	363	303	282	622	1096	1493	376	513	285	506	595	558	96	159	4127	1883	1248	602	479	1051	393	315	82	844	624	1356	2214	1724	494	1007	187	427	465	191	919	233	54	113	148	137	59	696	1224	1208	766	754	295	147	394	800	131	96	167	250	111	816	350	94	45	46	921	519	1038	215	502	310	376	760	240	184	191	69	98	181	137	43	2994	1483	700	1417	416	268	320	221	438	227	188	79	149	79	301	108	40	192	164	116	173	173	85	83	64	68	444	27	4525	765	269	258	294	347	316	238	115	51	162	101	50	261	313	403	69	136	66	39	53	40	73	51	801	96	489	311	629	219	185	155	37	188	150	89	75	61	107	48	41	13	720	106	179	306	77	72	177	57	56	60	345	35	1372	248	346	219	40	201	139	55	631	324	12	202	166	130	77	169	99	72	10	29	13	429	127	198	349	135	156	87	101	26	25	55	33	45	833	76	87	16	90	146
S5B5060	5190	1797	294	232	505	376	405	1312	127	368	274	346	82	125	32	123	3794	1720	495	507	249	804	374	161	51	588	581	1160	383	566	383	192	170	82	395	93	264	214	151	97	76	72	61	503	244	750	634	184	326	80	78	262	133	117	138	58	79	368	37	55	36	27	730	1215	660	93	291	110	16	525	119	167	124	32	62	368	84	55	2054	1777	1907	403	470	237	505	39	282	57	656	21	96	1166	115	67	222	123	40	154	148	137	75	109	59	91	287	18	4478	202	313	96	128	87	74	29	120	47	29	199	25	112	81	129	57	14	167	16	36	36	19	24	138	93	36	160	236	172	115	29	17	138	29	164	14	53	228	28	21	28	1461	341	1423	86	8	37	90	42	17	102	162	31	210	28	180	608	13	48	55	7	92	232	17	338	130	176	190	21	39	6	26	9	2	101	246	38	93	133	131	116	13	26	0	3	58	7	764	28	7	4	44	28
S6A07	6312	987	510	248	262	1143	2	288	775	133	248	48	77	230	598	125	5462	2295	354	57	558	59	231	258	51	520	706	849	238	417	493	81	620	1350	434	784	105	8	89	87	122	56	54	559	615	0	176	71	267	48	379	185	155	184	255	225	16	44	65	82	219	51	973	31	246	467	543	125	106	9	10	91	300	696	54	6	100	58	646	1025	249	1409	283	234	5	28	65	175	17	320	445	17	114	143	46	29	134	5	7	29	151	117	63	16	12	37	5705	159	251	83	397	21	30	170	120	800	3	72	33	334	209	86	58	86	50	69	33	32	17	13	60	344	262	0	0	583	527	762	195	144	411	141	201	120	13	209	18	29	0	688	10	65	83	199	13	46	164	12	31	41	0	378	0	36	37	113	3	0	0	7	593	284	5	3	97	7	284	38	64	31	8	0	5	456	13	255	127	272	4	15	131	24	54	57	0	0	44	7	22	157
S6A1522	4322	1074	224	178	167	1019	32	233	1119	545	66	69	113	29	395	115	3046	1804	696	64	1488	119	407	74	53	479	595	552	216	424	376	156	632	425	184	540	105	65	45	76	149	57	52	574	215	0	338	256	203	361	522	144	119	148	368	35	70	47	111	47	139	42	605	28	24	215	404	164	38	205	44	252	348	554	49	43	199	45	1470	771	59	353	281	179	24	27	181	215	202	60	335	47	150	98	27	10	172	22	21	122	29	8	54	15	9	29	3876	373	323	505	316	7	134	263	69	771	222	50	171	170	27	437	142	149	212	39	31	12	10	6	568	842	490	0	17	161	430	379	475	163	167	79	39	107	8	85	12	36	40	562	181	278	105	304	10	163	9	13	16	113	6	637	0	0	134	67	15	23	2	179	680	12	8	92	147	57	56	59	155	0	28	0	24	191	17	58	37	47	17	495	56	75	3	5	17	22	142	34	65	26
S6A3040	8179	501	405	387	315	109	89	307	262	926	138	193	40	29	256	220	4845	3045	514	113	1791	212	977	34	101	951	1070	975	123	277	647	255	571	13	222	346	167	39	114	125	293	49	114	805	508	30	234	252	440	247	809	117	193	263	108	61	177	100	85	62	89	79	985	141	19	208	251	229	68	129	166	195	167	47	72	53	21	78	1943	1313	1450	104	183	484	58	691	92	380	119	59	174	88	155	131	47	13	73	3	42	121	7	0	31	9	26	42	7407	264	274	229	243	100	407	363	105	253	78	63	210	16	3	4	39	68	76	72	35	34	58	20	1106	137	55	25	271	394	65	123	215	144	29	28	19	21	42	45	4	67	472	74	189	159	18	43	17	146	52	2	50	7	28	387	11	0	122	168	13	74	8	198	348	0	12	106	39	36	4	7	56	14	9	0	0	0	302	42	0	2	17	20	8	18	5	4	14	45	18	98	120	0
S6B07	11648	405	858	538	517	393	3	204	451	136	310	115	4	288	1084	283	7660	4515	495	182	37	104	217	361	130	1505	1406	1394	230	487	981	0	405	751	564	860	255	17	111	192	156	73	159	979	558	10	136	157	528	0	102	47	261	269	276	91	58	51	24	146	213	52	1708	0	329	248	256	220	74	0	0	117	250	129	40	6	34	76	164	2411	607	1524	327	455	11	0	43	102	0	230	225	19	9	207	93	55	436	6	0	27	248	132	25	41	50	57	10601	564	37	15	174	2	27	49	167	54	0	140	84	112	129	17	37	21	39	76	31	91	58	21	0	238	318	0	5	746	202	657	168	118	373	124	855	5	26	127	30	42	0	403	0	88	102	118	0	35	184	6	65	156	0	323	0	28	6	230	79	2	0	0	284	178	0	0	15	4	128	74	88	57	5	3	0	1128	0	226	235	30	0	0	152	0	128	17	3	0	11	0	38	43
S6B1522	7143	693	406	470	304	167	4	434	1490	276	117	83	410	133	592	183	5307	2883	433	111	883	38	689	311	86	884	898	929	191	574	646	14	861	680	250	850	185	56	29	126	88	72	124	688	345	0	333	166	331	120	424	43	160	198	223	134	53	50	33	104	90	25	985	18	48	281	126	281	43	69	30	128	261	1544	81	16	136	65	699	1439	9	620	292	302	9	0	111	201	38	55	168	38	104	172	43	33	182	16	7	28	78	34	28	10	77	26	6532	275	284	110	163	7	73	110	103	291	26	34	61	55	168	241	189	81	257	70	72	44	28	36	700	243	357	0	7	45	345	531	118	90	82	99	91	29	6	80	13	62	4	793	54	109	102	265	5	42	42	11	2	100	0	719	2	30	62	72	0	30	0	20	524	17	10	11	67	63	60	23	114	0	25	0	0	713	0	81	35	4	0	161	341	45	4	18	26	16	35	29	27	65
S6B3040	6424	574	375	374	259	553	53	325	1159	536	73	123	92	69	490	114	4037	2265	622	146	1414	156	471	83	104	843	753	805	189	274	485	105	567	180	540	353	153	37	77	76	113	59	94	556	219	28	239	264	295	153	362	373	186	158	154	69	65	37	41	72	86	58	722	181	76	325	162	179	91	242	89	186	172	355	50	15	123	54	1259	1136	91	551	220	287	9	292	158	237	41	98	240	55	112	147	31	18	124	45	36	65	50	7	50	19	9	32	5542	287	190	195	115	101	103	458	107	150	31	50	172	43	35	12	268	142	172	74	47	30	20	28	509	410	145	4	231	377	183	381	221	203	78	37	80	19	107	43	68	30	162	342	210	186	16	99	3	72	7	22	16	43	17	362	2	22	196	45	37	82	9	102	342	0	0	68	8	8	8	50	134	0	19	5	10	23	32	326	77	44	30	197	113	38	5	8	13	29	226	51	66	51
S7A07	5638	111	566	287	218	139	3	351	179	260	302	75	65	662	791	128	4369	1957	530	80	17	115	284	428	37	902	631	716	250	937	448	108	287	1920	1042	400	140	33	336	101	87	64	65	1295	168	107	292	76	263	18	413	103	232	145	185	389	18	31	14	60	171	33	574	37	1360	322	231	180	329	6	0	186	562	30	40	7	72	44	146	1533	65	930	206	263	44	48	50	310	5	348	108	20	19	121	7	37	305	53	34	69	86	137	11	16	10	33	5296	973	54	96	108	403	22	55	205	78	0	33	44	31	75	109	89	7	47	26	28	35	16	115	0	34	163	3	0	227	222	283	37	90	417	78	161	62	8	191	11	57	0	173	53	72	66	9	0	205	397	5	22	136	0	155	0	39	10	246	5	87	0	0	190	46	8	4	11	90	47	74	16	53	26	238	19	43	0	32	81	80	37	0	130	10	34	0	12	0	103	8	6	224
S7A1522	3569	729	183	258	149	348	98	274	874	697	54	64	266	67	283	67	2939	1644	645	135	2189	71	737	55	38	504	383	412	60	618	275	582	379	75	221	573	86	186	156	53	164	46	39	351	249	0	342	126	189	429	824	337	116	121	66	33	69	157	136	38	124	55	477	147	110	404	275	194	227	208	161	269	329	456	123	21	142	35	2236	587	405	184	310	134	80	571	192	373	146	410	412	49	321	115	12	14	188	130	33	99	35	2	36	11	9	15	3423	362	339	523	82	18	89	565	42	311	32	73	426	129	13	8	58	184	293	48	21	20	13	6	719	320	330	16	64	564	286	450	652	171	115	70	124	117	109	52	105	43	16	533	79	106	7	106	308	190	12	27	70	132	3	620	0	14	193	91	56	60	8	160	374	49	28	107	17	222	262	64	86	4	38	0	0	0	43	111	0	37	33	14	68	60	9	4	35	169	95	147	92	54
S7A3040	5605	1318	313	330	263	169	127	562	582	1046	96	204	416	104	321	96	3620	2681	1110	113	2069	201	2404	82	52	659	806	688	132	1223	433	94	914	23	157	608	116	135	493	73	133	84	63	529	655	60	595	312	238	525	746	934	138	126	234	206	280	254	214	71	154	103	666	22	133	342	394	215	451	243	225	275	275	119	100	70	137	54	3896	1012	1412	280	258	193	178	56	321	318	163	411	353	117	321	83	205	5	248	207	124	231	38	0	53	21	17	20	5133	349	591	470	94	144	337	540	54	493	101	133	684	419	4	13	43	197	368	100	32	39	38	19	2119	197	219	129	170	1022	221	127	554	210	63	117	69	110	86	53	51	90	215	198	55	334	3	106	19	169	11	32	43	86	54	752	12	29	182	141	54	72	18	414	225	98	48	288	89	202	30	46	89	21	48	5	0	0	321	88	28	57	48	22	44	44	4	26	126	438	77	155	394	13
S7A5060	1645	409	90	106	54	41	462	223	194	532	23	84	76	24	11	40	1323	739	190	289	461	42	441	22	12	174	217	271	238	449	136	12	352	32	44	123	34	0	43	32	28	29	26	178	139	36	154	85	61	167	100	108	31	33	37	95	118	36	61	18	46	27	193	0	5	173	98	44	69	121	31	131	79	11	26	28	6	17	1273	270	1187	37	42	53	17	5	111	46	31	41	50	21	59	56	197	3	46	15	15	74	2	12	36	10	2	11	1385	68	269	198	10	157	96	61	45	59	20	53	144	10	3	2	22	30	11	10	7	12	9	5	556	66	25	5	181	378	97	37	153	52	5	55	4	8	0	8	0	25	702	37	0	75	0	6	6	54	83	0	28	21	21	106	7	6	19	17	6	21	31	206	13	4	17	146	134	19	0	8	18	2	2	5	53	0	487	12	0	11	32	23	15	15	0	9	24	179	3	41	131	5
S7B07	5563	107	405	218	187	80	0	317	70	103	381	55	55	300	320	142	3622	1680	372	70	7	18	305	187	50	731	476	552	201	363	370	47	168	976	541	421	98	16	53	81	79	14	67	989	204	18	96	104	237	0	518	114	175	120	138	82	30	19	11	58	141	20	665	35	739	492	141	147	80	3	2	216	353	40	27	0	16	51	110	1196	86	569	176	210	0	45	38	155	0	406	109	0	4	107	20	8	210	30	0	58	52	73	21	15	15	51	5030	558	21	85	67	158	0	47	131	23	0	7	38	37	33	183	42	9	32	33	28	13	17	36	0	29	157	0	0	160	128	218	13	25	308	122	104	23	4	139	28	22	0	290	3	95	20	0	0	88	126	0	8	26	0	122	5	8	2	268	0	42	0	0	120	83	0	0	21	83	65	127	3	51	6	14	2	215	0	44	74	63	27	5	103	4	61	0	6	0	37	0	26	165
S7B1522	4755	328	343	307	224	229	57	354	444	140	340	62	706	243	486	112	4097	1912	476	138	723	75	572	217	44	740	602	604	107	631	377	315	339	1030	423	587	94	1437	68	59	109	39	73	770	224	12	309	187	222	219	815	215	147	138	131	82	48	114	81	69	214	48	586	106	600	473	613	258	166	82	110	396	348	456	55	27	52	44	1688	1177	296	508	243	223	10	124	102	257	56	676	234	33	174	108	4	9	320	85	200	106	62	49	23	11	22	34	4383	541	285	494	159	61	89	230	133	300	11	29	156	119	118	78	108	142	237	48	37	26	23	32	443	93	179	2	11	199	124	535	270	101	213	89	233	76	19	119	23	67	23	726	99	95	27	150	30	165	60	8	39	78	7	404	0	11	51	181	10	37	7	52	272	185	19	151	63	278	72	176	86	32	25	17	4	64	22	98	42	90	33	0	82	49	46	0	40	27	61	52	62	135
S7B3040	9795	601	548	557	314	140	47	311	745	889	160	144	884	126	348	253	5257	3503	838	200	2006	93	898	137	92	1214	1307	1066	130	608	808	587	767	197	280	476	206	80	83	118	198	75	170	976	348	3	382	251	420	471	779	90	265	325	169	61	224	214	276	95	204	98	1153	72	323	335	350	351	130	50	139	320	229	238	67	27	10	50	2056	1618	1035	299	216	437	165	248	116	387	91	323	478	35	351	133	30	9	172	165	11	110	25	0	32	20	25	41	8769	445	413	543	161	105	102	307	167	221	30	71	260	46	44	51	51	205	295	106	96	53	35	17	1671	196	148	23	47	820	118	201	558	42	89	77	71	60	7	44	14	97	82	581	155	88	2	92	36	204	0	34	12	30	12	956	11	10	33	121	0	59	0	156	580	36	15	154	28	299	7	55	119	9	35	5	0	33	62	83	20	45	54	26	47	44	10	5	20	115	16	126	175	99
S7B5060	7870	603	510	374	218	119	426	330	482	1219	115	128	421	54	185	166	4500	2646	490	564	1263	138	549	111	86	906	1080	977	104	624	670	225	736	135	275	228	143	24	43	126	114	77	121	803	314	22	183	245	343	377	303	120	202	200	208	64	277	108	137	69	168	78	898	58	73	204	229	230	91	99	81	178	178	120	57	43	18	50	2250	1158	1332	133	206	304	31	180	102	161	41	362	197	12	180	185	208	6	80	55	48	96	37	14	40	13	25	19	7161	123	430	348	113	216	131	204	88	155	15	103	263	29	26	10	36	95	131	55	64	39	44	18	910	126	99	9	72	617	159	134	290	76	44	48	38	54	28	21	21	55	527	220	63	51	4	41	22	80	67	3	9	17	35	349	9	13	40	60	6	49	0	238	140	12	6	114	33	120	15	38	71	5	22	0	17	17	194	58	7	17	44	19	10	39	10	4	13	219	8	104	124	28
zr2502_24_R1	235	49	18	170	33	11	56	0	167	159	68	17	25	109	34	5	336	0	125	5	71	115	85	19	0	169	0	0	0	0	122	59	113	31	0	0	0	9	69	0	0	7	84	0	80	14	0	0	77	4	0	0	12	0	0	20	95	17	8	0	0	0	0	29	151	28	27	51	0	0	13	0	0	0	0	0	74	0	0	0	0	0	71	0	46	0	73	0	52	138	32	0	0	61	11	33	0	4	0	16	0	12	0	0	30	0	12	271	12	64	0	25	54	0	2	0	20	14	24	11	0	0	0	0	0	0	0	0	0	7	0	0	3	0	171	0	0	0	0	0	0	0	0	13	0	0	4	0	0	0	0	0	0	23	18	15	0	0	20	12	53	0	59	0	0	0	0	0	0	26	40	0	0	0	0	23	56	19	0	0	0	40	0	0	13	24	10	0	0	0	22	30	15	0	124	2	0	0	4	0
zr2502_25_R1	630	76	23	92	68	66	61	85	79	0	13	24	17	8	32	87	46	45	29	21	137	77	0	14	16	0	277	98	311	59	96	134	42	61	16	38	126	56	9	20	32	0	19	2	0	37	30	70	33	26	58	0	0	40	35	27	0	0	38	22	14	8	0	9	69	90	0	54	92	10	12	0	0	0	0	16	0	14	0	0	100	24	0	0	0	61	0	0	0	25	0	0	0	0	0	0	0	22	15	0	13	7	36	0	0	14	0	0	116	0	0	0	0	29	0	0	16	12	0	0	7	0	0	0	3	0	0	0	0	0	117	25	0	68	9	0	0	15	17	3	0	0	0	0	0	0	0	5	42	15	18	0	15	0	0	3	19	0	13	0	75	45	33	28	0	0	0	0	46	0	0	40	0	0	0	0	0	0	0	0	0	0	25	0	0	0	0	0	12	0	0	0	0	0	0	28	0	0	0	0
zr2502_26_R1	1378	172	87	122	149	100	137	125	29	4	9	34	33	43	146	7	0	35	46	32	147	18	41	0	21	0	818	387	416	108	0	153	0	135	46	80	342	31	0	52	40	17	0	30	0	85	0	118	0	15	134	31	0	223	0	49	0	0	32	47	0	51	10	23	0	0	0	0	92	319	22	36	8	117	9	5	0	23	0	196	406	22	0	0	0	97	43	67	0	23	0	23	16	57	0	32	29	45	8	0	11	10	18	5	0	56	0	0	56	0	0	0	12	35	15	0	30	0	0	38	21	11	9	48	6	8	22	0	0	0	343	0	0	152	0	0	43	0	13	0	9	23	0	0	0	30	0	7	299	81	27	0	67	0	16	20	26	6	0	0	41	126	19	0	0	2	34	0	117	0	0	19	0	50	21	0	0	0	14	2	18	29	94	0	0	0	0	29	11	32	0	0	0	15	0	90	0	38	0	11
zr2502_27_R1	280	78	9	64	21	11	26	3	23	28	29	12	13	0	0	4	191	301	44	0	14	33	26	0	0	901	0	0	0	0	49	38	21	19	0	0	0	0	14	0	0	0	19	0	0	16	0	0	28	0	0	17	7	0	0	0	50	0	8	0	14	0	4	8	33	0	0	0	0	0	0	0	0	0	0	0	120	0	27	0	0	0	0	43	11	0	40	0	15	51	21	0	0	6	8	25	0	0	0	0	0	0	0	0	0	0	0	111	0	6	0	0	0	0	0	0	0	0	0	0	0	7	0	0	0	0	0	0	22	0	0	0	0	0	27	0	0	0	0	0	0	0	14	0	0	0	0	0	0	0	0	0	0	0	0	0	0	0	0	0	0	0	0	0	0	4	0	7	0	15	12	0	0	0	0	0	44	0	0	0	0	23	0	0	0	3	0	0	0	0	7	9	0	0	27	0	0	0	41	0
zr2502_28_R1	945	25	52	167	78	41	95	134	67	43	0	8	35	10	25	21	119	58	0	0	103	38	28	34	5	66	261	80	117	53	36	101	56	33	13	17	46	24	0	20	20	17	13	0	0	54	55	48	0	0	25	0	0	12	24	0	13	19	32	19	10	2	4	0	49	0	0	0	49	12	0	0	9	50	9	0	0	29	0	0	67	0	0	39	0	28	0	0	10	34	0	0	0	0	0	0	23	0	20	0	13	0	27	0	0	0	0	0	128	0	0	0	0	23	0	0	0	0	0	0	53	0	0	19	0	0	0	0	0	0	57	0	0	78	0	9	0	14	12	0	10	0	0	0	0	0	0	9	88	13	20	0	48	0	0	9	0	0	0	0	85	38	17	0	0	21	0	0	59	0	0	43	0	19	0	0	0	0	10	0	0	0	0	0	0	0	0	0	0	0	0	0	0	0	0	17	0	0	0	0
zr2502_29_R1	1184	48	76	85	107	29	46	38	0	9	9	0	39	37	37	5	11	41	24	24	54	0	0	3	10	0	464	103	77	61	0	94	0	103	27	47	82	12	0	32	16	5	0	15	6	93	0	25	0	13	54	8	4	8	16	20	0	0	0	0	0	0	0	0	0	0	15	0	63	24	27	39	0	65	0	5	0	9	24	99	150	27	0	0	0	6	0	32	0	0	0	17	8	0	0	0	0	0	0	0	0	3	0	0	4	0	0	0	66	0	0	0	0	20	0	0	25	0	0	0	14	5	0	13	5	0	0	0	0	0	189	0	0	97	0	0	0	0	6	0	27	0	0	0	2	0	0	0	45	14	30	0	19	0	5	0	5	0	0	0	0	48	25	0	12	0	14	0	38	0	0	35	0	11	0	4	0	11	0	0	0	0	39	0	0	16	0	7	0	21	0	0	0	0	0	19	19	25	0	0
zr2502_30_R1	379	97	30	239	46	24	58	29	57	64	134	18	40	121	32	0	250	0	177	14	212	93	89	11	23	210	0	0	0	13	110	98	100	35	0	0	0	0	82	0	0	13	44	0	22	39	18	0	90	9	0	19	24	0	0	29	121	16	10	0	0	0	10	50	162	41	33	76	0	0	18	101	0	0	0	0	12	0	0	0	0	0	28	48	65	0	94	0	76	140	74	8	0	0	18	0	0	22	24	51	0	14	0	6	54	0	4	246	0	49	17	9	25	0	0	45	0	12	11	11	0	0	0	0	0	16	0	17	53	36	0	0	42	0	112	0	31	0	0	0	0	12	0	43	13	7	6	0	23	0	0	17	0	65	0	0	0	13	0	15	18	29	0	0	19	0	0	16	0	0	62	24	29	0	0	0	71	0	0	0	0	67	0	25	15	22	34	0	0	0	43	0	18	0	67	6	0	0	0	0
zr2502_31_R1	674	69	97	156	67	38	93	28	89	127	22	51	21	11	35	102	123	35	52	37	535	107	82	14	27	49	38	73	193	44	194	105	55	14	11	24	80	67	32	22	8	0	42	6	19	32	42	65	56	13	16	0	8	0	27	0	27	5	107	15	19	9	0	15	98	38	0	68	56	8	0	0	6	0	6	13	25	0	0	0	68	0	15	0	11	31	0	0	55	60	39	0	17	0	0	0	0	0	0	0	16	13	16	0	0	0	0	0	0	0	0	12	17	13	0	18	7	0	0	0	0	0	29	10	0	0	0	18	0	0	28	38	0	61	66	11	0	0	0	5	0	18	0	0	0	0	0	0	22	8	12	26	22	0	0	12	0	12	0	2	44	81	0	0	0	0	0	0	116	0	0	45	15	0	0	0	0	0	0	3	2	37	0	26	0	0	0	0	0	0	0	0	0	0	13	10	0	0	0	0
zr2502_32_R1	737	77	33	114	79	57	151	35	31	4	16	28	25	200	38	12	0	60	0	123	81	0	83	2	41	28	258	188	106	75	0	134	0	62	22	62	121	21	13	82	24	15	0	39	38	45	34	72	0	20	115	8	0	9	72	0	0	23	55	48	10	44	0	0	46	0	19	0	161	20	17	33	7	46	69	8	16	0	11	156	328	34	0	0	0	74	0	90	0	12	25	38	10	0	0	0	17	0	11	37	6	11	8	5	0	17	0	0	51	0	35	0	0	40	0	0	10	9	0	0	0	4	0	26	0	0	28	0	0	0	239	0	0	116	48	0	0	20	0	0	24	23	10	0	2	19	0	0	88	22	14	0	38	0	0	0	11	10	0	0	0	95	36	26	0	0	14	0	182	31	0	54	0	0	20	0	0	0	0	0	0	32	34	0	0	0	0	27	6	0	0	0	0	18	0	42	100	52	0	14
